model_id,model_name,accuracy,precision,recall,f1,auc
1,All variables (with outcomes),0.6942148760330579,0.6703910614525139,0.8888888888888888,0.7643312101910829,0.7938386985115957
2,Program features (with dummies),0.6776859504132231,0.659217877094972,0.8740740740740741,0.7515923566878981,0.7526479750778816
3,Program features (with categorical encoding),0.7066115702479339,0.6777777777777778,0.9037037037037037,0.7746031746031746,0.783177570093458
4,All variables without outcomes,0.6942148760330579,0.6703910614525139,0.8888888888888888,0.7643312101910829,0.7938386985115957
