model_id,model_name,accuracy,precision,recall,f1,auc
1,All variables (with outcomes),0.8264462809917356,0.8,0.9185185185185185,0.8551724137931035,0.9132571824160609
2,Program features (with dummies),0.6776859504132231,0.659217877094972,0.8740740740740741,0.7515923566878981,0.7526479750778816
3,Program features (with categorical encoding),0.7066115702479339,0.6777777777777778,0.9037037037037037,0.7746031746031746,0.783177570093458
4,All variables without outcomes,0.6900826446280992,0.6630434782608695,0.9037037037037037,0.7648902821316614,0.7956386292834892
