f_naics,f_size_n,f_size,f_geography,f_geography_grouped,f_hq,f_hq_na,f_mne,f_mne_us,f_mne_nonus,f_sub_asia,f_sub_africa,f_sub_northamerica,f_sub_southamerica,f_sub_europe,f_sub_oceania,f_sub_number,f_export,f_own,f_naics_clone,f_naics_super,f_naics_super2,f_union,f_public,f_subsidy,program,p_participated,p_participated_2023,p_mandavolunt,p_ongoing,p_hourstrained,p_duration,p_otjactivities,p_cost,p_fund_gov,p_fund_org,p_targetemp_c,p_targetemp_emp,p_targetfunc_leg,p_targetfunc_hr,p_targetfunc_adm,p_targetfunc_it,p_targetfunc_op,p_targetfunc_mrksal,p_targetfunc_rd,p_targetfunc_accfin,p_targetfunc_cust,p_eligibility,p_part_exp,f_medium,f_large,f_union50,cluster_ch
Construction,2,100-999,Ohio,East North Central,North America,1,0,0,0,0,0,0,0,0,0,0,0,2,Construction,Construction,Goods-Producing Industries,0%,0,No,Reskilling,50 - 99,50 - 99,Voluntary,1,10 - 49 hours,2 - 6 months,Yes,"$1,001 - $5,000",0,100,Not Selected,Selected,Not Selected,Selected,Selected,Selected,Selected,Selected,Not Selected,Selected,Selected,32,16,0,0,0,Cluster 1
Manufacturing,2,100-999,New Jersey,Middle Atlantic,North America,1,0,0,0,0,0,0,0,0,0,0,1,3,Manufacturing,Manufacturing,Goods-Producing Industries,0%,1,No,Reskilling,100 - 499,Fewer than 50,Voluntary,1,200 - 499 hours,2 - 6 months,Yes,"$1,001 - $5,000",0,100,Not Selected,Selected,Not Selected,Not Selected,Not Selected,Not Selected,Selected,Not Selected,Selected,Not Selected,Not Selected,40,59,0,0,0,Cluster 1
Finance and Insurance,2,100-999,Texas,West South Central,North America,1,0,0,0,0,0,0,0,0,0,0,0,2,Finance and Insurance,Financial Activities,Service-Providing Industries,0%,0,No,Reskilling,Fewer than 50,Fewer than 50,Voluntary,1,10 - 49 hours,2 - 6 months,Yes,"$501 - $1,000",0,100,Not Selected,Selected,Not Selected,Not Selected,Not Selected,Not Selected,Selected,Selected,Not Selected,Not Selected,Selected,19,14,0,0,0,Cluster 1
Other Services (except Public Administration),4,1000-2499,Michigan,East North Central,North America,1,0,0,0,0,0,0,0,0,0,0,0,3,Other Services (except Public Administration),Public Administration and other Services,Service-Providing Industries,0%,0,No,Upskilling,500 - 999,1000 - 9999,Mandatory,0,10 - 49 hours,< 1 month,Yes,< $500,0,100,Not Selected,Selected,Not Selected,Not Selected,Not Selected,Not Selected,Selected,Not Selected,Not Selected,Not Selected,Not Selected,82,100,1,0,0,Cluster 2
Retail Trade,4,1000-2499,North Carolina,South Atlantic,North America,1,0,0,0,0,0,0,0,0,0,0,0,3,Retail Trade,"Trade, Transportation, and Utilities",Service-Providing Industries,0%,0,No,Upskilling,500 - 999,500 - 999,Mandatory,1,100 - 199 hours,7 - 12 months,No,< $500,0,0,Not Selected,Selected,Not Selected,Selected,Not Selected,Not Selected,Not Selected,Selected,Not Selected,Not Selected,Not Selected,12,14,1,0,0,Cluster 2
Educational Services,2,100-999,New York,Middle Atlantic,North America,1,0,0,0,0,0,0,0,0,0,0,0,3,Educational Services,Education and Health Services,Service-Providing Industries,1 - 25%,0,I don't know,Upskilling,50 - 99,50 - 99,Mandatory,0,10 - 49 hours,< 1 month,Yes,< $500,0,100,Not Selected,Selected,Not Selected,Not Selected,Not Selected,Not Selected,Not Selected,Selected,Not Selected,Selected,Selected,55,51,0,0,0,Cluster 1
Health Care and Social Assistance,2,100-999,South Carolina,South Atlantic,North America,1,0,0,0,0,0,0,0,0,0,0,1,3,Health Care and Social Assistance,Education and Health Services,Service-Providing Industries,26 - 50%,0,No,Upskilling,50 - 99,100 - 499,Voluntary,1,< 10 hours,2 - 6 months,Yes,"$1,001 - $5,000",0,100,Not Selected,Selected,Not Selected,Not Selected,Not Selected,Not Selected,Not Selected,Selected,Not Selected,Not Selected,Selected,51,42,0,0,0,Cluster 1
Retail Trade,7,>10k,California,Pacific,North America,1,0,0,0,0,0,0,0,0,0,0,0,5,Retail Trade,"Trade, Transportation, and Utilities",Service-Providing Industries,1 - 25%,0,No,Reskilling,1000 - 9999,1000 - 9999,Voluntary,1,> 500 hours,7 - 12 months,Yes,"$5,001 - $10,000",0,100,Not Selected,Selected,Not Selected,Selected,Not Selected,Not Selected,Selected,Selected,Not Selected,Selected,Selected,80,50,0,1,0,Cluster 1
Information,5,2500>9999,Illinois,East North Central,North America,1,0,0,0,0,0,0,0,0,0,0,0,1,Information,Information,Service-Providing Industries,26 - 50%,0,No,Upskilling,500 - 999,1000 - 9999,Voluntary,1,50 - 99 hours,2 - 6 months,Yes,"$501 - $1,000",0,100,Not Selected,Selected,Not Selected,Not Selected,Selected,Selected,Selected,Selected,Selected,Not Selected,Not Selected,62,66,0,1,0,Cluster 1
Manufacturing,2,100-999,Minnesota,West North Central,North America,1,0,0,0,0,0,0,0,0,0,0,0,2,Manufacturing,Manufacturing,Goods-Producing Industries,0%,0,No,Reskilling,Fewer than 50,Fewer than 50,Voluntary,1,10 - 49 hours,2 - 6 months,Yes,"$1,001 - $5,000",0,100,Not Selected,Selected,Not Selected,Not Selected,Not Selected,Not Selected,Selected,Not Selected,Not Selected,Not Selected,Not Selected,50,15,0,0,0,Cluster 1
Retail Trade,6,2500>9999,Texas,West South Central,North America,1,1,1,0,0,0,1,0,0,0,1,0,5,Retail Trade,"Trade, Transportation, and Utilities",Service-Providing Industries,0%,0,No,Reskilling,50 - 99,50 - 99,Voluntary,0,10 - 49 hours,2 - 6 months,Yes,"$501 - $1,000",0,100,Not Selected,Not Selected,Not Selected,Not Selected,Not Selected,Not Selected,Selected,Not Selected,Not Selected,Not Selected,Not Selected,74,74,0,1,0,Cluster 1
Health Care and Social Assistance,5,2500>9999,Pennsylvania,Middle Atlantic,North America,1,1,1,0,1,0,0,0,0,0,1,0,3,Health Care and Social Assistance,Education and Health Services,Service-Providing Industries,1 - 25%,0,No,Upskilling,1000 - 9999,1000 - 9999,Mandatory,1,> 500 hours, > 12 months,Yes,"$501 - $1,000",0,100,Not Selected,Selected,Not Selected,Not Selected,Not Selected,Selected,Selected,Not Selected,Not Selected,Not Selected,Selected,30,51,0,1,0,Cluster 1
Manufacturing,5,2500>9999,Florida,South Atlantic,North America,1,0,0,0,0,0,0,0,0,0,0,0,5,Manufacturing,Manufacturing,Goods-Producing Industries,0%,0,No,Upskilling,500 - 999,100 - 499,Mandatory,1,50 - 99 hours,2 - 6 months,Yes,"$1,001 - $5,000",0,100,Not Selected,Selected,Not Selected,Not Selected,Not Selected,Not Selected,Selected,Not Selected,Selected,Not Selected,Selected,32,38,0,1,0,Cluster 2
Manufacturing,2,100-999,Massachusetts,New England,North America,1,0,0,0,0,0,0,0,0,0,0,0,2,Manufacturing,Manufacturing,Goods-Producing Industries,0%,0,No,Reskilling,Fewer than 50,Fewer than 50,Voluntary,1,200 - 499 hours, > 12 months,Yes,"> $10,000",0,100,Not Selected,Selected,Not Selected,Not Selected,Not Selected,Not Selected,Selected,Not Selected,Not Selected,Not Selected,Not Selected,24,34,0,0,0,Cluster 1
Transportation and Warehousing,2,100-999,Illinois,East North Central,North America,1,0,0,0,0,0,0,0,0,0,0,0,5,Transportation and Warehousing,"Trade, Transportation, and Utilities",Service-Providing Industries,0%,0,No,Upskilling,50 - 99,50 - 99,Mandatory,0,> 500 hours,7 - 12 months,Yes,"$501 - $1,000",0,100,Not Selected,Selected,Not Selected,Selected,Not Selected,Not Selected,Selected,Not Selected,Not Selected,Selected,Not Selected,70,65,0,0,0,Cluster 1
Finance and Insurance,6,2500>9999,California,Pacific,North America,1,0,0,0,0,0,0,0,0,0,0,0,5,Finance and Insurance,Financial Activities,Service-Providing Industries,0%,0,No,Reskilling,Fewer than 50,Fewer than 50,Voluntary,1,50 - 99 hours, > 12 months,Yes,"$1,001 - $5,000",0,100,Not Selected,Selected,Not Selected,Not Selected,Not Selected,Selected,Not Selected,Not Selected,Not Selected,Selected,Not Selected,33,25,0,1,0,Cluster 1
Manufacturing,3,100-999,California,Pacific,North America,1,1,1,0,0,0,1,0,0,0,1,1,2,Manufacturing,Manufacturing,Goods-Producing Industries,51 - 75%,1,Yes,Reskilling,100 - 499,500 - 999,Mandatory,0,50 - 99 hours,2 - 6 months,Yes,"$1,001 - $5,000",15,25,Selected,Not Selected,Selected,Not Selected,Not Selected,Selected,Selected,Not Selected,Not Selected,Not Selected,Not Selected,68,79,0,0,1,Cluster 2
Finance and Insurance,6,2500>9999,Texas,West South Central,North America,1,0,0,0,0,0,0,0,0,0,0,0,2,Finance and Insurance,Financial Activities,Service-Providing Industries,0%,1,No,Upskilling,500 - 999,1000 - 9999,Voluntary,1,10 - 49 hours,2 - 6 months,Yes,"$1,001 - $5,000",0,100,Not Selected,Selected,Not Selected,Not Selected,Not Selected,Not Selected,Selected,Not Selected,Not Selected,Selected,Selected,22,60,0,1,0,Cluster 1
Manufacturing,8,>10k,Texas,West South Central,North America,1,1,1,0,1,0,1,0,1,1,4,1,5,Manufacturing,Manufacturing,Goods-Producing Industries,0%,1,No,Reskilling,Fewer than 50,50 - 99,Voluntary,1,50 - 99 hours,2 - 6 months,Yes,"$5,001 - $10,000",0,100,Not Selected,Selected,Not Selected,Not Selected,Not Selected,Not Selected,Selected,Not Selected,Not Selected,Not Selected,Not Selected,12,13,0,1,0,Cluster 1
Manufacturing,6,2500>9999,Texas,West South Central,North America,1,1,1,0,0,0,1,1,1,1,4,1,1,Manufacturing,Manufacturing,Goods-Producing Industries,1 - 25%,1,No,Upskilling,500 - 999,1000 - 9999,Voluntary,1,50 - 99 hours,< 1 month,Yes,"$1,001 - $5,000",0,100,Not Selected,Selected,Not Selected,Not Selected,Selected,Selected,Selected,Not Selected,Not Selected,Selected,Not Selected,45,95,0,1,0,Cluster 2
"Professional, Scientific, and Technical Services",6,2500>9999,Tennessee,East South Central,North America,1,1,1,0,1,0,1,0,1,0,3,0,3,"Professional, Scientific, and Technical Services",Professional and Business Services,Service-Providing Industries,0%,1,No,Upskilling,100 - 499,500 - 999,Mandatory,0,50 - 99 hours,7 - 12 months,Yes,"$1,001 - $5,000",0,100,Not Selected,Selected,Not Selected,Not Selected,Not Selected,Selected,Not Selected,Not Selected,Not Selected,Not Selected,Not Selected,100,100,0,1,0,Cluster 2
Health Care and Social Assistance,9,>10k,Florida,South Atlantic,North America,1,0,0,0,0,0,0,0,0,0,0,0,4,Health Care and Social Assistance,Education and Health Services,Service-Providing Industries,26 - 50%,1,Yes,Reskilling,1000 - 9999,10000 - 49999,Mandatory,1,100 - 199 hours, > 12 months,Yes,"> $10,000",5,15,Not Selected,Selected,Selected,Selected,Selected,Selected,Selected,Selected,Selected,Selected,Not Selected,38,50,0,1,0,Cluster 2
Manufacturing,6,2500>9999,California,Pacific,North America,1,0,0,0,0,0,0,0,0,0,0,1,2,Manufacturing,Manufacturing,Goods-Producing Industries,51 - 75%,0,No,Reskilling,100 - 499,100 - 499,Voluntary,1,200 - 499 hours,2 - 6 months,Yes,"$1,001 - $5,000",0,100,Not Selected,Selected,Not Selected,Not Selected,Not Selected,Not Selected,Selected,Not Selected,Not Selected,Not Selected,Not Selected,30,40,0,1,1,Cluster 1
Accommodation and Food Services,2,100-999,Arizona,Mountain,North America,1,0,0,0,0,0,0,0,0,0,0,0,5,Accommodation and Food Services,Leisure and Hospitality,Service-Providing Industries,0%,0,No,Reskilling,Fewer than 50,Fewer than 50,Voluntary,1,10 - 49 hours, > 12 months,Yes,< $500,0,100,Not Selected,Not Selected,Not Selected,Not Selected,Not Selected,Not Selected,Not Selected,Not Selected,Not Selected,Not Selected,Selected,60,30,0,0,0,Cluster 1
Retail Trade,5,2500>9999,Florida,South Atlantic,North America,1,1,1,0,0,0,1,0,0,0,1,1,1,Retail Trade,"Trade, Transportation, and Utilities",Service-Providing Industries,1 - 25%,1,Yes,Reskilling,500 - 999,500 - 999,Voluntary,0,50 - 99 hours,7 - 12 months,Yes,"$501 - $1,000",10,20,Selected,Selected,Not Selected,Selected,Not Selected,Selected,Not Selected,Not Selected,Not Selected,Not Selected,Not Selected,59,62,0,1,0,Cluster 2
Manufacturing,2,100-999,West Virginia,South Atlantic,North America,1,0,0,0,0,0,0,0,0,0,0,1,2,Manufacturing,Manufacturing,Goods-Producing Industries,51 - 75%,0,Yes,Reskilling,Fewer than 50,Fewer than 50,Mandatory,1,200 - 499 hours,2 - 6 months,Yes,< $500,0,100,Not Selected,Selected,Not Selected,Not Selected,Not Selected,Not Selected,Selected,Not Selected,Not Selected,Not Selected,Not Selected,20,20,0,0,1,Cluster 1
Manufacturing,5,2500>9999,California,Pacific,North America,1,0,0,0,0,0,0,0,0,0,0,1,3,Manufacturing,Manufacturing,Goods-Producing Industries,26 - 50%,1,Yes,Reskilling,500 - 999,500 - 999,Mandatory,1,200 - 499 hours, > 12 months,Yes,"$1,001 - $5,000",25,15,Not Selected,Selected,Not Selected,Not Selected,Not Selected,Selected,Selected,Selected,Not Selected,Not Selected,Not Selected,49,23,0,1,0,Cluster 1
Construction,5,2500>9999,New York,Middle Atlantic,North America,1,0,0,0,0,0,0,0,0,0,0,0,3,Construction,Construction,Goods-Producing Industries,1 - 25%,0,No,Reskilling,50 - 99,100 - 499,Voluntary,0,50 - 99 hours,2 - 6 months,Yes,"$501 - $1,000",0,100,Not Selected,Selected,Not Selected,Not Selected,Selected,Selected,Selected,Not Selected,Selected,Selected,Not Selected,50,30,0,1,0,Cluster 1
Construction,5,2500>9999,Florida,South Atlantic,North America,1,1,1,0,1,1,1,1,1,0,5,1,5,Construction,Construction,Goods-Producing Industries,76 - 100%,1,No,Reskilling,500 - 999,1000 - 9999,Mandatory,0,50 - 99 hours, > 12 months,Yes,< $500,0,80,Selected,Selected,Not Selected,Selected,Selected,Selected,Selected,Not Selected,Not Selected,Selected,Selected,88,97,0,1,1,Cluster 2
Finance and Insurance,4,1000-2499,Connecticut,New England,North America,1,0,0,0,0,0,0,0,0,0,0,0,1,Finance and Insurance,Financial Activities,Service-Providing Industries,0%,0,I don't know,Reskilling,50 - 99,100 - 499,Voluntary,1,10 - 49 hours,2 - 6 months,Yes,"$501 - $1,000",0,100,Not Selected,Not Selected,Not Selected,Selected,Selected,Selected,Not Selected,Not Selected,Not Selected,Not Selected,Not Selected,67,90,1,0,0,Cluster 1
Health Care and Social Assistance,7,>10k,Ohio,East North Central,North America,1,0,0,0,0,0,0,0,0,0,0,1,1,Health Care and Social Assistance,Education and Health Services,Service-Providing Industries,0%,1,Yes,Reskilling,Fewer than 50,100 - 499,Mandatory,1,10 - 49 hours,< 1 month,Yes,"$5,001 - $10,000",25,75,Not Selected,Selected,Not Selected,Selected,Not Selected,Selected,Not Selected,Not Selected,Not Selected,Not Selected,Not Selected,100,100,0,1,0,Cluster 2
Manufacturing,2,100-999,Illinois,East North Central,North America,1,0,0,0,0,0,0,0,0,0,0,1,5,Manufacturing,Manufacturing,Goods-Producing Industries,51 - 75%,0,No,Reskilling,Fewer than 50,Fewer than 50,Voluntary,1,100 - 199 hours,2 - 6 months,Yes,"> $10,000",0,100,Not Selected,Selected,Not Selected,Not Selected,Not Selected,Not Selected,Selected,Not Selected,Not Selected,Not Selected,Not Selected,27,35,0,0,1,Cluster 1
Finance and Insurance,4,1000-2499,Arkansas,West South Central,North America,1,0,0,0,0,0,0,0,0,0,0,0,1,Finance and Insurance,Financial Activities,Service-Providing Industries,0%,1,Yes,Reskilling,1000 - 9999,1000 - 9999,Voluntary,1,100 - 199 hours,2 - 6 months,Yes,"$1,001 - $5,000",10,90,Not Selected,Selected,Not Selected,Selected,Selected,Selected,Not Selected,Not Selected,Not Selected,Not Selected,Not Selected,86,78,1,0,0,Cluster 2
Educational Services,2,100-999,Tennessee,East South Central,North America,1,0,0,0,0,0,0,0,0,0,0,0,5,Educational Services,Education and Health Services,Service-Providing Industries,1 - 25%,0,No,Reskilling,50 - 99,100 - 499,Voluntary,0,10 - 49 hours,7 - 12 months,Yes,< $500,0,100,Not Selected,Selected,Not Selected,Selected,Selected,Not Selected,Not Selected,Not Selected,Not Selected,Not Selected,Not Selected,11,33,0,0,0,Cluster 1
Health Care and Social Assistance,2,100-999,New York,Middle Atlantic,North America,1,0,0,0,0,0,0,0,0,0,0,0,3,Health Care and Social Assistance,Education and Health Services,Service-Providing Industries,26 - 50%,0,Yes,Reskilling,Fewer than 50,50 - 99,Voluntary,1,> 500 hours, > 12 months,Yes,"$5,001 - $10,000",20,70,Not Selected,Selected,Not Selected,Selected,Not Selected,Selected,Selected,Not Selected,Not Selected,Selected,Selected,50,40,0,0,0,Cluster 1
Health Care and Social Assistance,8,>10k,Pennsylvania,Middle Atlantic,North America,1,1,1,0,0,0,1,0,0,0,1,0,1,Health Care and Social Assistance,Education and Health Services,Service-Providing Industries,26 - 50%,1,No,Reskilling,1000 - 9999,1000 - 9999,Mandatory,1,50 - 99 hours, > 12 months,Yes,"$1,001 - $5,000",0,100,Not Selected,Selected,Selected,Selected,Selected,Selected,Selected,Not Selected,Not Selected,Not Selected,Not Selected,100,75,0,1,0,Cluster 1
Manufacturing,6,2500>9999,Delaware,South Atlantic,North America,1,1,1,0,1,0,1,1,1,0,4,1,1,Manufacturing,Manufacturing,Goods-Producing Industries,1 - 25%,1,No,Reskilling,100 - 499,100 - 499,Voluntary,1,> 500 hours, > 12 months,Yes,"> $10,000",0,100,Not Selected,Selected,Not Selected,Not Selected,Not Selected,Not Selected,Selected,Not Selected,Not Selected,Not Selected,Not Selected,20,15,0,1,0,Cluster 1
Wholesale Trade,3,100-999,Arkansas,West South Central,North America,1,0,0,0,0,0,0,0,0,0,0,1,3,Wholesale Trade,"Trade, Transportation, and Utilities",Service-Providing Industries,1 - 25%,1,No,Reskilling,100 - 499,500 - 999,Mandatory,1,< 10 hours,< 1 month,Yes,"$501 - $1,000",0,100,Not Selected,Selected,Not Selected,Selected,Not Selected,Not Selected,Not Selected,Selected,Not Selected,Not Selected,Selected,100,100,0,0,0,Cluster 1
Finance and Insurance,8,>10k,New York,Middle Atlantic,North America,1,1,1,0,1,0,1,0,1,0,3,0,3,Finance and Insurance,Financial Activities,Service-Providing Industries,0%,0,Yes,Reskilling,50 - 99,50 - 99,Voluntary,1,50 - 99 hours,2 - 6 months,No,"$1,001 - $5,000",0,80,Not Selected,Selected,Not Selected,Selected,Not Selected,Selected,Not Selected,Not Selected,Selected,Not Selected,Not Selected,53,40,0,1,0,Cluster 1
Manufacturing,10,>10k,Ohio,East North Central,Europe,0,1,0,1,1,1,1,1,1,1,6,1,1,Manufacturing,Manufacturing,Goods-Producing Industries,1 - 25%,1,No,Reskilling,500 - 999,50 - 99,Voluntary,1,50 - 99 hours,7 - 12 months,Yes,"$1,001 - $5,000",0,100,Not Selected,Selected,Not Selected,Not Selected,Not Selected,Selected,Selected,Selected,Not Selected,Selected,Selected,4,3,0,1,0,Cluster 1
Construction,4,1000-2499,New York,Middle Atlantic,North America,1,1,1,0,0,1,1,0,1,0,3,1,3,Construction,Construction,Goods-Producing Industries,26 - 50%,0,Yes,Reskilling,100 - 499,500 - 999,Mandatory,0,50 - 99 hours,2 - 6 months,Yes,"$501 - $1,000",15,45,Not Selected,Not Selected,Not Selected,Selected,Selected,Not Selected,Not Selected,Not Selected,Not Selected,Not Selected,Not Selected,79,83,1,0,0,Cluster 2
"Professional, Scientific, and Technical Services",5,2500>9999,New York,Middle Atlantic,Europe,0,1,0,1,1,0,1,0,1,0,3,1,1,"Professional, Scientific, and Technical Services",Professional and Business Services,Service-Providing Industries,0%,0,No,Upskilling,100 - 499,100 - 499,Mandatory,1,10 - 49 hours,2 - 6 months,Yes,"$1,001 - $5,000",0,100,Not Selected,Not Selected,Not Selected,Not Selected,Not Selected,Not Selected,Not Selected,Not Selected,Not Selected,Not Selected,Not Selected,50,50,0,1,0,Cluster 1
Manufacturing,4,1000-2499,Kentucky,East South Central,North America,1,0,0,0,0,0,0,0,0,0,0,0,5,Manufacturing,Manufacturing,Goods-Producing Industries,0%,1,No,Reskilling,100 - 499,1000 - 9999,Voluntary,1,50 - 99 hours,2 - 6 months,Yes,"$501 - $1,000",30,70,Not Selected,Selected,Not Selected,Not Selected,Selected,Selected,Selected,Not Selected,Not Selected,Not Selected,Selected,30,26,1,0,0,Cluster 1
Construction,3,100-999,New York,Middle Atlantic,North America,1,1,1,0,0,0,1,1,0,0,2,1,3,Construction,Construction,Goods-Producing Industries,26 - 50%,1,Yes,Reskilling,50 - 99,100 - 499,Mandatory,0,200 - 499 hours,7 - 12 months,Yes,"$501 - $1,000",25,25,Not Selected,Selected,Selected,Selected,Not Selected,Not Selected,Selected,Not Selected,Not Selected,Not Selected,Selected,68,73,0,0,0,Cluster 1
"Agriculture, Forestry, Fishing and Hunting",10,>10k,Minnesota,West North Central,North America,1,1,1,0,1,1,1,1,1,1,6,1,2,"Agriculture, Forestry, Fishing and Hunting",Natural Resources and Mining,Goods-Producing Industries,1 - 25%,0,I don't know,Upskilling,500 - 999,Fewer than 50,Voluntary,0,10 - 49 hours,2 - 6 months,Yes,"$1,001 - $5,000",0,100,Not Selected,Not Selected,Selected,Selected,Selected,Selected,Selected,Selected,Selected,Selected,Selected,100,45,0,1,0,Cluster 2
Finance and Insurance,9,>10k,New York,Middle Atlantic,North America,1,1,1,0,0,0,1,0,1,0,2,1,3,Finance and Insurance,Financial Activities,Service-Providing Industries,51 - 75%,1,Yes,Reskilling,500 - 999,1000 - 9999,Voluntary,0,50 - 99 hours,2 - 6 months,Yes,"$5,001 - $10,000",10,50,Not Selected,Not Selected,Not Selected,Selected,Not Selected,Selected,Selected,Selected,Not Selected,Not Selected,Not Selected,80,42,0,1,1,Cluster 2
"Professional, Scientific, and Technical Services",2,100-999,Texas,West South Central,North America,1,1,1,0,0,0,1,0,0,0,1,0,1,"Professional, Scientific, and Technical Services",Professional and Business Services,Service-Providing Industries,1 - 25%,1,I don't know,Reskilling,50 - 99,50 - 99,Voluntary,0,200 - 499 hours, > 12 months,Yes,"$1,001 - $5,000",0,100,Not Selected,Selected,Not Selected,Not Selected,Selected,Not Selected,Selected,Selected,Not Selected,Not Selected,Not Selected,59,55,0,0,0,Cluster 1
Transportation and Warehousing,6,2500>9999,Pennsylvania,Middle Atlantic,North America,1,1,1,0,0,0,1,0,1,0,2,0,6,Transportation and Warehousing,"Trade, Transportation, and Utilities",Service-Providing Industries,26 - 50%,0,I don't know,Reskilling,500 - 999,500 - 999,Voluntary,1,100 - 199 hours,2 - 6 months,Yes,"$1,001 - $5,000",0,100,Not Selected,Selected,Not Selected,Not Selected,Not Selected,Not Selected,Selected,Selected,Not Selected,Not Selected,Not Selected,100,25,0,1,0,Cluster 1
Manufacturing,4,1000-2499,Arizona,Mountain,North America,1,0,0,0,0,0,0,0,0,0,0,1,3,Manufacturing,Manufacturing,Goods-Producing Industries,26 - 50%,0,Yes,Reskilling,Fewer than 50,Fewer than 50,Mandatory,0,10 - 49 hours,7 - 12 months,Yes,"$501 - $1,000",10,90,Not Selected,Not Selected,Not Selected,Not Selected,Selected,Selected,Not Selected,Selected,Not Selected,Not Selected,Not Selected,70,60,1,0,0,Cluster 2
Manufacturing,4,1000-2499,Connecticut,New England,North America,1,0,0,0,0,0,0,0,0,0,0,1,5,Manufacturing,Manufacturing,Goods-Producing Industries,0%,0,No,Reskilling,50 - 99,50 - 99,Voluntary,1,50 - 99 hours,2 - 6 months,Yes,"$1,001 - $5,000",0,100,Not Selected,Selected,Not Selected,Not Selected,Not Selected,Not Selected,Selected,Not Selected,Not Selected,Not Selected,Not Selected,43,27,1,0,0,Cluster 1
Manufacturing,2,100-999,Wisconsin,East North Central,North America,1,0,0,0,0,0,0,0,0,0,0,0,2,Manufacturing,Manufacturing,Goods-Producing Industries,0%,0,No,Upskilling,100 - 499,100 - 499,Mandatory,1,10 - 49 hours,< 1 month,Yes,"$1,001 - $5,000",0,100,Not Selected,Selected,Not Selected,Not Selected,Selected,Not Selected,Selected,Not Selected,Not Selected,Not Selected,Selected,100,100,0,0,0,Cluster 1
Wholesale Trade,3,100-999,Illinois,East North Central,North America,1,1,1,0,1,0,0,0,1,0,2,1,5,Wholesale Trade,"Trade, Transportation, and Utilities",Service-Providing Industries,51 - 75%,1,Yes,Reskilling,100 - 499,500 - 999,Voluntary,0,50 - 99 hours,2 - 6 months,Yes,"$501 - $1,000",,,Not Selected,Selected,Not Selected,Not Selected,Not Selected,Selected,Not Selected,Selected,Not Selected,Selected,Not Selected,72,68,0,0,1,Cluster 2
Manufacturing,2,100-999,Michigan,East North Central,North America,1,0,0,0,0,0,0,0,0,0,0,0,3,Manufacturing,Manufacturing,Goods-Producing Industries,0%,0,Yes,Reskilling,50 - 99,100 - 499,Voluntary,1,200 - 499 hours,7 - 12 months,Yes,"$1,001 - $5,000",0,100,Not Selected,Selected,Not Selected,Not Selected,Not Selected,Selected,Selected,Not Selected,Not Selected,Not Selected,Not Selected,61,65,0,0,0,Cluster 1
Retail Trade,4,1000-2499,Arkansas,West South Central,North America,1,0,0,0,0,0,0,0,0,0,0,0,3,Retail Trade,"Trade, Transportation, and Utilities",Service-Providing Industries,0%,1,Yes,Reskilling,50 - 99,100 - 499,Mandatory,1,> 500 hours,2 - 6 months,Yes,< $500,35,65,Not Selected,Selected,Not Selected,Selected,Not Selected,Not Selected,Selected,Not Selected,Not Selected,Not Selected,Selected,33,48,1,0,0,Cluster 1
Construction,3,100-999,New York,Middle Atlantic,North America,1,1,1,0,0,0,1,1,0,0,2,1,3,Construction,Construction,Goods-Producing Industries,26 - 50%,1,Yes,Reskilling,50 - 99,100 - 499,Mandatory,0,200 - 499 hours,7 - 12 months,Yes,"$501 - $1,000",30,25,Not Selected,Selected,Selected,Selected,Not Selected,Not Selected,Selected,Not Selected,Not Selected,Not Selected,Selected,81,90,0,0,0,Cluster 1
Utilities,4,1000-2499,New Hampshire,New England,North America,1,0,0,0,0,0,0,0,0,0,0,0,3,Utilities,"Trade, Transportation, and Utilities",Goods-Producing Industries,0%,0,No,Reskilling,100 - 499,50 - 99,Mandatory,1,100 - 199 hours,2 - 6 months,Yes,"$5,001 - $10,000",0,100,Not Selected,Selected,Not Selected,Not Selected,Not Selected,Not Selected,Selected,Not Selected,Not Selected,Not Selected,Not Selected,30,40,1,0,0,Cluster 1
Information,5,2500>9999,Indiana,East North Central,North America,1,0,0,0,0,0,0,0,0,0,0,1,1,Information,Information,Service-Providing Industries,26 - 50%,1,Yes,Reskilling,100 - 499,100 - 499,Voluntary,0,100 - 199 hours, > 12 months,Yes,"> $10,000",10,90,Not Selected,Selected,Not Selected,Not Selected,Selected,Not Selected,Not Selected,Not Selected,Not Selected,Not Selected,Not Selected,90,100,0,1,0,Cluster 2
Health Care and Social Assistance,8,>10k,California,Pacific,North America,1,1,1,0,0,0,1,1,1,0,3,1,3,Health Care and Social Assistance,Education and Health Services,Service-Providing Industries,0%,1,No,Reskilling,1000 - 9999,1000 - 9999,Mandatory,1,200 - 499 hours,2 - 6 months,Yes,< $500,20,80,Not Selected,Selected,Not Selected,Not Selected,Selected,Not Selected,Not Selected,Not Selected,Not Selected,Not Selected,Selected,78,91,0,1,0,Cluster 1
Other Services (except Public Administration),9,>10k,Florida,South Atlantic,North America,1,0,0,0,0,0,0,0,0,0,0,0,3,Other Services (except Public Administration),Public Administration and other Services,Service-Providing Industries,0%,0,No,Reskilling,500 - 999,1000 - 9999,Mandatory,1,10 - 49 hours,2 - 6 months,Yes,"$1,001 - $5,000",0,100,Not Selected,Selected,Not Selected,Selected,Not Selected,Selected,Selected,Not Selected,Not Selected,Selected,Selected,75,75,0,1,0,Cluster 1
Health Care and Social Assistance,6,2500>9999,California,Pacific,North America,1,0,0,0,0,0,0,0,0,0,0,0,5,Health Care and Social Assistance,Education and Health Services,Service-Providing Industries,51 - 75%,1,No,Reskilling,1000 - 9999,1000 - 9999,Mandatory,0,100 - 199 hours,7 - 12 months,Yes,"$1,001 - $5,000",0,100,Selected,Not Selected,Not Selected,Selected,Selected,Selected,Not Selected,Not Selected,Not Selected,Not Selected,Not Selected,51,87,0,1,1,Cluster 2
Manufacturing,5,2500>9999,California,Pacific,North America,1,1,1,0,0,0,1,1,0,0,2,1,3,Manufacturing,Manufacturing,Goods-Producing Industries,26 - 50%,0,Yes,Reskilling,500 - 999,1000 - 9999,Voluntary,0,100 - 199 hours,7 - 12 months,Yes,"$1,001 - $5,000",0,50,Selected,Selected,Not Selected,Not Selected,Selected,Selected,Selected,Not Selected,Not Selected,Not Selected,Not Selected,50,70,0,1,0,Cluster 2
Health Care and Social Assistance,8,>10k,New Jersey,Middle Atlantic,North America,1,0,0,0,0,0,0,0,0,0,0,0,1,Health Care and Social Assistance,Education and Health Services,Service-Providing Industries,26 - 50%,0,Yes,Reskilling,Fewer than 50,50 - 99,Voluntary,1,10 - 49 hours,2 - 6 months,Yes,"$501 - $1,000",,,Not Selected,Selected,Not Selected,Not Selected,Not Selected,Not Selected,Selected,Not Selected,Not Selected,Not Selected,Not Selected,75,75,0,1,0,Cluster 1
Construction,2,100-999,California,Pacific,North America,1,0,0,0,0,0,0,0,0,0,0,0,1,Construction,Construction,Goods-Producing Industries,51 - 75%,0,No,Reskilling,100 - 499,100 - 499,Mandatory,1,50 - 99 hours,2 - 6 months,No,"$501 - $1,000",15,45,Selected,Selected,Not Selected,Selected,Selected,Not Selected,Selected,Not Selected,Not Selected,Selected,Selected,85,62,0,0,1,Cluster 1
Finance and Insurance,4,1000-2499,New York,Middle Atlantic,North America,1,0,0,0,0,0,0,0,0,0,0,1,1,Finance and Insurance,Financial Activities,Service-Providing Industries,51 - 75%,1,Yes,Reskilling,10000 - 49999,10000 - 49999,Mandatory,0,> 500 hours,2 - 6 months,Yes,"$1,001 - $5,000",0,100,Selected,Not Selected,Not Selected,Not Selected,Not Selected,Not Selected,Not Selected,Not Selected,Not Selected,Selected,Not Selected,100,100,1,0,1,Cluster 2
Health Care and Social Assistance,6,2500>9999,New Jersey,Middle Atlantic,North America,1,0,0,0,0,0,0,0,0,0,0,0,5,Health Care and Social Assistance,Education and Health Services,Service-Providing Industries,0%,0,No,Reskilling,500 - 999,1000 - 9999,Voluntary,0,100 - 199 hours,2 - 6 months,Yes,"$501 - $1,000",0,100,Not Selected,Selected,Selected,Selected,Selected,Selected,Selected,Selected,Selected,Selected,Selected,50,58,0,1,0,Cluster 2
Other Services (except Public Administration),2,100-999,California,Pacific,North America,1,0,0,0,0,0,0,0,0,0,0,1,3,Other Services (except Public Administration),Public Administration and other Services,Service-Providing Industries,0%,0,No,Upskilling,Fewer than 50,Fewer than 50,Mandatory,1,50 - 99 hours,2 - 6 months,Yes,< $500,0,100,Not Selected,Selected,Not Selected,Not Selected,Not Selected,Not Selected,Selected,Not Selected,Not Selected,Not Selected,Not Selected,27,51,0,0,0,Cluster 1
Manufacturing,4,1000-2499,Wisconsin,East North Central,North America,1,0,0,0,0,0,0,0,0,0,0,1,3,Manufacturing,Manufacturing,Goods-Producing Industries,26 - 50%,1,No,Reskilling,1000 - 9999,1000 - 9999,Mandatory,1,100 - 199 hours, > 12 months,Yes,"$1,001 - $5,000",0,100,Not Selected,Not Selected,Not Selected,Selected,Not Selected,Not Selected,Not Selected,Not Selected,Not Selected,Not Selected,Not Selected,64,54,1,0,0,Cluster 2
Wholesale Trade,4,1000-2499,Illinois,East North Central,North America,1,1,1,0,0,0,1,0,0,0,1,0,3,Wholesale Trade,"Trade, Transportation, and Utilities",Service-Providing Industries,26 - 50%,1,Yes,Reskilling,100 - 499,100 - 499,Voluntary,1,100 - 199 hours,2 - 6 months,Yes,"$501 - $1,000",25,55,Selected,Not Selected,Not Selected,Selected,Not Selected,Not Selected,Selected,Not Selected,Not Selected,Not Selected,Not Selected,60,65,1,0,0,Cluster 1
Health Care and Social Assistance,6,2500>9999,California,Pacific,North America,1,1,1,0,1,0,0,1,1,0,3,0,1,Health Care and Social Assistance,Education and Health Services,Service-Providing Industries,0%,1,I don't know,Reskilling,500 - 999,500 - 999,Voluntary,0,50 - 99 hours,7 - 12 months,Yes,< $500,,,Not Selected,Selected,Not Selected,Not Selected,Not Selected,Not Selected,Selected,Not Selected,Not Selected,Not Selected,Selected,100,50,0,1,0,Cluster 1
"Professional, Scientific, and Technical Services",8,>10k,Massachusetts,New England,North America,1,1,1,0,1,0,1,0,1,0,3,1,5,"Professional, Scientific, and Technical Services",Professional and Business Services,Service-Providing Industries,0%,1,Yes,Reskilling,Fewer than 50,100 - 499,Voluntary,1,10 - 49 hours,< 1 month,Yes,"$1,001 - $5,000",10,90,Not Selected,Selected,Not Selected,Not Selected,Not Selected,Not Selected,Selected,Not Selected,Not Selected,Selected,Not Selected,72,64,0,1,0,Cluster 1
Manufacturing,8,>10k,Virginia,South Atlantic,Europe,0,1,0,1,1,1,1,1,1,0,5,1,6,Manufacturing,Manufacturing,Goods-Producing Industries,26 - 50%,1,No,Reskilling,Fewer than 50,50 - 99,Mandatory,1,200 - 499 hours,7 - 12 months,Yes,"$5,001 - $10,000",0,100,Not Selected,Selected,Not Selected,Not Selected,Not Selected,Not Selected,Selected,Not Selected,Not Selected,Not Selected,Not Selected,85,75,0,1,0,Cluster 1
Manufacturing,2,100-999,Massachusetts,New England,North America,1,0,0,0,0,0,0,0,0,0,0,0,5,Manufacturing,Manufacturing,Goods-Producing Industries,0%,0,No,Reskilling,50 - 99,50 - 99,Voluntary,1,10 - 49 hours,2 - 6 months,Yes,"$501 - $1,000",0,100,Not Selected,Not Selected,Not Selected,Selected,Selected,Not Selected,Selected,Not Selected,Not Selected,Not Selected,Not Selected,67,79,0,0,0,Cluster 1
Real Estate and Rental and Leasing,4,1000-2499,Florida,South Atlantic,North America,1,0,0,0,0,0,0,0,0,0,0,0,1,Real Estate and Rental and Leasing,Financial Activities,Service-Providing Industries,0%,0,Yes,Reskilling,50 - 99,50 - 99,Voluntary,1,50 - 99 hours,2 - 6 months,Yes,"$1,001 - $5,000",0,100,Not Selected,Not Selected,Not Selected,Not Selected,Not Selected,Not Selected,Not Selected,Not Selected,Not Selected,Selected,Not Selected,14,4,1,0,0,Cluster 1
"Professional, Scientific, and Technical Services",4,1000-2499,Kentucky,East South Central,North America,1,0,0,0,0,0,0,0,0,0,0,0,5,"Professional, Scientific, and Technical Services",Professional and Business Services,Service-Providing Industries,0%,0,No,Reskilling,Fewer than 50,50 - 99,Voluntary,0,100 - 199 hours,2 - 6 months,Yes,"$1,001 - $5,000",0,50,Not Selected,Not Selected,Not Selected,Selected,Not Selected,Selected,Not Selected,Not Selected,Not Selected,Not Selected,Selected,35,70,1,0,0,Cluster 2
Finance and Insurance,3,100-999,Nebraska,West North Central,North America,1,0,0,0,0,0,0,0,0,0,0,0,5,Finance and Insurance,Financial Activities,Service-Providing Industries,0%,0,I don't know,Upskilling,Fewer than 50,Fewer than 50,Voluntary,1,10 - 49 hours,7 - 12 months,No,< $500,,,Not Selected,Selected,Not Selected,Not Selected,Not Selected,Not Selected,Not Selected,Not Selected,Not Selected,Not Selected,Selected,60,25,0,0,0,Cluster 1
Construction,6,2500>9999,Texas,West South Central,North America,1,0,0,0,0,0,0,0,0,0,0,1,5,Construction,Construction,Goods-Producing Industries,0%,0,Yes,Reskilling,1000 - 9999,1000 - 9999,Voluntary,0,50 - 99 hours,2 - 6 months,Yes,"$1,001 - $5,000",20,80,Not Selected,Selected,Not Selected,Not Selected,Selected,Selected,Selected,Selected,Not Selected,Selected,Selected,80,70,0,1,0,Cluster 2
Manufacturing,2,100-999,Texas,West South Central,North America,1,0,0,0,0,0,0,0,0,0,0,1,3,Manufacturing,Manufacturing,Goods-Producing Industries,0%,0,No,Reskilling,50 - 99,100 - 499,Mandatory,1,50 - 99 hours,2 - 6 months,Yes,"$501 - $1,000",0,100,Not Selected,Selected,Not Selected,Not Selected,Not Selected,Not Selected,Selected,Not Selected,Not Selected,Not Selected,Not Selected,83,86,0,0,0,Cluster 1
Manufacturing,2,100-999,Texas,West South Central,North America,1,0,0,0,0,0,0,0,0,0,0,1,2,Manufacturing,Manufacturing,Goods-Producing Industries,0%,0,No,Reskilling,50 - 99,50 - 99,Voluntary,1,10 - 49 hours,2 - 6 months,Yes,"$501 - $1,000",0,100,Selected,Selected,Not Selected,Not Selected,Selected,Not Selected,Selected,Selected,Not Selected,Not Selected,Selected,25,25,0,0,0,Cluster 1
Construction,4,1000-2499,Texas,West South Central,North America,1,0,0,0,0,0,0,0,0,0,0,0,5,Construction,Construction,Goods-Producing Industries,0%,0,No,Reskilling,100 - 499,500 - 999,Voluntary,1,200 - 499 hours,2 - 6 months,Yes,"$1,001 - $5,000",0,100,Not Selected,Selected,Not Selected,Not Selected,Selected,Selected,Not Selected,Selected,Not Selected,Not Selected,Selected,100,80,1,0,0,Cluster 2
Health Care and Social Assistance,6,2500>9999,Georgia,South Atlantic,North America,1,0,0,0,0,0,0,0,0,0,0,0,4,Health Care and Social Assistance,Education and Health Services,Service-Providing Industries,26 - 50%,0,Yes,Reskilling,500 - 999,1000 - 9999,Voluntary,1,50 - 99 hours,2 - 6 months,Yes,"$1,001 - $5,000",50,20,Selected,Selected,Not Selected,Not Selected,Not Selected,Selected,Selected,Selected,Selected,Selected,Selected,85,71,0,1,0,Cluster 1
Management of Companies and Enterprises,9,>10k,Arizona,Mountain,North America,1,1,1,0,1,0,1,1,0,0,3,1,3,Management of Companies and Enterprises,Professional and Business Services,Service-Providing Industries,51 - 75%,1,Yes,Reskilling,500 - 999,1000 - 9999,Mandatory,1,200 - 499 hours,7 - 12 months,Yes,"$501 - $1,000",25,0,Not Selected,Selected,Not Selected,Not Selected,Not Selected,Selected,Selected,Selected,Not Selected,Selected,Not Selected,59,50,0,1,1,Cluster 2
Construction,4,1000-2499,California,Pacific,North America,1,0,0,0,0,0,0,0,0,0,0,0,5,Construction,Construction,Goods-Producing Industries,1 - 25%,0,No,Reskilling,500 - 999,1000 - 9999,Voluntary,1,200 - 499 hours,7 - 12 months,Yes,"$501 - $1,000",0,100,Not Selected,Selected,Not Selected,Not Selected,Not Selected,Selected,Not Selected,Selected,Not Selected,Selected,Not Selected,60,30,1,0,0,Cluster 2
Construction,3,100-999,California,Pacific,North America,1,1,1,0,0,0,0,1,0,0,1,1,1,Construction,Construction,Goods-Producing Industries,1 - 25%,1,No,Reskilling,50 - 99,100 - 499,Mandatory,1,< 10 hours,< 1 month,Yes,"$501 - $1,000",12,24,Selected,Selected,Selected,Selected,Selected,Selected,Not Selected,Not Selected,Not Selected,Selected,Selected,64,81,0,0,0,Cluster 1
Information,2,100-999,Illinois,East North Central,North America,1,1,1,0,0,0,1,0,0,0,1,1,3,Information,Information,Service-Providing Industries,0%,1,No,Reskilling,100 - 499,100 - 499,Voluntary,1,10 - 49 hours,< 1 month,Yes,< $500,10,60,Selected,Selected,Not Selected,Not Selected,Not Selected,Selected,Not Selected,Selected,Not Selected,Not Selected,Selected,80,65,0,0,0,Cluster 2
"Professional, Scientific, and Technical Services",6,2500>9999,California,Pacific,North America,1,0,0,0,0,0,0,0,0,0,0,0,2,"Professional, Scientific, and Technical Services",Professional and Business Services,Service-Providing Industries,0%,1,No,Upskilling,1000 - 9999,10000 - 49999,Voluntary,1,200 - 499 hours,2 - 6 months,Yes,"$501 - $1,000",0,100,Not Selected,Selected,Selected,Selected,Selected,Selected,Selected,Selected,Selected,Selected,Selected,65,80,0,1,0,Cluster 1
Manufacturing,3,100-999,Arkansas,West South Central,North America,1,0,0,0,0,0,0,0,0,0,0,1,2,Manufacturing,Manufacturing,Goods-Producing Industries,0%,0,No,Reskilling,50 - 99,100 - 499,Voluntary,1,50 - 99 hours,7 - 12 months,Yes,"$1,001 - $5,000",0,100,Not Selected,Selected,Not Selected,Not Selected,Not Selected,Selected,Selected,Selected,Not Selected,Not Selected,Selected,30,30,0,0,0,Cluster 1
Health Care and Social Assistance,4,1000-2499,Texas,West South Central,North America,1,1,1,0,1,0,0,1,1,0,3,1,1,Health Care and Social Assistance,Education and Health Services,Service-Providing Industries,1 - 25%,1,Yes,Reskilling,500 - 999,100 - 499,Mandatory,1,10 - 49 hours,2 - 6 months,Yes,< $500,10,50,Not Selected,Selected,Not Selected,Not Selected,Not Selected,Selected,Selected,Selected,Selected,Selected,Selected,80,80,1,0,0,Cluster 1
Transportation and Warehousing,5,2500>9999,Florida,South Atlantic,North America,1,0,0,0,0,0,0,0,0,0,0,0,5,Transportation and Warehousing,"Trade, Transportation, and Utilities",Service-Providing Industries,26 - 50%,1,No,Reskilling,100 - 499,100 - 499,Mandatory,1,10 - 49 hours,< 1 month,Yes,< $500,0,100,Not Selected,Selected,Not Selected,Not Selected,Selected,Not Selected,Not Selected,Not Selected,Not Selected,Not Selected,Selected,30,40,0,1,0,Cluster 1
Manufacturing,5,2500>9999,Arizona,Mountain,North America,1,1,1,0,1,0,1,1,1,0,4,1,5,Manufacturing,Manufacturing,Goods-Producing Industries,0%,1,No,Reskilling,Fewer than 50,Fewer than 50,Voluntary,0,10 - 49 hours,7 - 12 months,Yes,"$5,001 - $10,000",0,100,Not Selected,Selected,Not Selected,Not Selected,Not Selected,Not Selected,Selected,Not Selected,Not Selected,Not Selected,Not Selected,20,20,0,1,0,Cluster 1
Finance and Insurance,10,>10k,New York,Middle Atlantic,North America,1,1,1,0,1,0,1,1,1,0,4,1,1,Finance and Insurance,Financial Activities,Service-Providing Industries,1 - 25%,1,No,Reskilling,10000 - 49999,1000 - 9999,Voluntary,1,50 - 99 hours,2 - 6 months,Yes,"$1,001 - $5,000",0,100,Not Selected,Selected,Not Selected,Not Selected,Not Selected,Not Selected,Selected,Not Selected,Not Selected,Not Selected,Selected,100,20,0,1,0,Cluster 1
Transportation and Warehousing,3,100-999,Minnesota,West North Central,North America,1,0,0,0,0,0,0,0,0,0,0,1,3,Transportation and Warehousing,"Trade, Transportation, and Utilities",Service-Providing Industries,26 - 50%,0,Yes,Reskilling,50 - 99,100 - 499,Mandatory,0,100 - 199 hours,7 - 12 months,Yes,"$501 - $1,000",70,30,Not Selected,Selected,Not Selected,Selected,Not Selected,Selected,Selected,Selected,Not Selected,Not Selected,Selected,72,87,0,0,0,Cluster 2
Finance and Insurance,5,2500>9999,New York,Middle Atlantic,North America,1,1,1,0,1,0,1,0,0,0,2,1,5,Finance and Insurance,Financial Activities,Service-Providing Industries,51 - 75%,1,Yes,Reskilling,500 - 999,1000 - 9999,Mandatory,1,50 - 99 hours,7 - 12 months,Yes,"> $10,000",30,20,Selected,Selected,Selected,Selected,Selected,Selected,Selected,Selected,Selected,Selected,Selected,93,91,0,1,1,Cluster 2
Construction,2,100-999,Texas,West South Central,North America,1,0,0,0,0,0,0,0,0,0,0,1,5,Construction,Construction,Goods-Producing Industries,0%,0,No,Upskilling,50 - 99,50 - 99,Mandatory,1,50 - 99 hours,2 - 6 months,Yes,"$501 - $1,000",0,100,Not Selected,Selected,Not Selected,Not Selected,Not Selected,Not Selected,Selected,Not Selected,Not Selected,Not Selected,Not Selected,71,31,0,0,0,Cluster 1
Retail Trade,4,1000-2499,California,Pacific,North America,1,0,0,0,0,0,0,0,0,0,0,0,3,Retail Trade,"Trade, Transportation, and Utilities",Service-Providing Industries,0%,0,No,Reskilling,500 - 999,500 - 999,Voluntary,1,10 - 49 hours,2 - 6 months,Yes,"$501 - $1,000",0,100,Not Selected,Selected,Not Selected,Not Selected,Selected,Not Selected,Not Selected,Not Selected,Not Selected,Not Selected,Selected,50,60,1,0,0,Cluster 1
Health Care and Social Assistance,7,>10k,Ohio,East North Central,North America,1,0,0,0,0,0,0,0,0,0,0,0,5,Health Care and Social Assistance,Education and Health Services,Service-Providing Industries,0%,0,No,Reskilling,Fewer than 50,Fewer than 50,Voluntary,0,50 - 99 hours,2 - 6 months,Yes,"$5,001 - $10,000",0,100,Not Selected,Selected,Not Selected,Not Selected,Selected,Not Selected,Not Selected,Not Selected,Not Selected,Not Selected,Not Selected,20,11,0,1,0,Cluster 1
Manufacturing,9,>10k,California,Pacific,North America,1,1,1,0,1,0,1,1,1,0,4,1,1,Manufacturing,Manufacturing,Goods-Producing Industries,1 - 25%,1,No,Upskilling,50 - 99,50 - 99,Mandatory,0,50 - 99 hours,2 - 6 months,Yes,"$5,001 - $10,000",0,100,Not Selected,Selected,Not Selected,Not Selected,Not Selected,Not Selected,Selected,Not Selected,Not Selected,Not Selected,Selected,70,70,0,1,0,Cluster 1
Retail Trade,3,100-999,Texas,West South Central,North America,1,1,1,0,0,0,1,0,0,0,1,0,3,Retail Trade,"Trade, Transportation, and Utilities",Service-Providing Industries,26 - 50%,0,Yes,Reskilling,100 - 499,100 - 499,Mandatory,0,< 10 hours,< 1 month,Yes,"$501 - $1,000",25,45,Not Selected,Selected,Selected,Not Selected,Not Selected,Not Selected,Selected,Selected,Not Selected,Not Selected,Not Selected,59,63,0,0,0,Cluster 2
Manufacturing,2,100-999,Pennsylvania,Middle Atlantic,North America,1,0,0,0,0,0,0,0,0,0,0,1,5,Manufacturing,Manufacturing,Goods-Producing Industries,26 - 50%,1,No,Reskilling,Fewer than 50,50 - 99,Voluntary,0,200 - 499 hours,2 - 6 months,Yes,"$1,001 - $5,000",0,100,Not Selected,Selected,Not Selected,Not Selected,Not Selected,Not Selected,Selected,Not Selected,Not Selected,Not Selected,Not Selected,15,20,0,0,0,Cluster 1
Manufacturing,5,2500>9999,California,Pacific,North America,1,1,1,0,1,0,0,0,1,0,2,1,1,Manufacturing,Manufacturing,Goods-Producing Industries,1 - 25%,1,No,Upskilling,50 - 99,100 - 499,Voluntary,1,100 - 199 hours,7 - 12 months,Yes,"$1,001 - $5,000",0,100,Not Selected,Selected,Not Selected,Not Selected,Selected,Not Selected,Selected,Selected,Not Selected,Not Selected,Not Selected,30,80,0,1,0,Cluster 1
Manufacturing,7,>10k,Indiana,East North Central,North America,1,1,1,0,1,1,1,1,1,0,5,0,1,Manufacturing,Manufacturing,Goods-Producing Industries,0%,1,No,Reskilling,10000 - 49999,10000 - 49999,Mandatory,1,10 - 49 hours,< 1 month,Yes,"$1,001 - $5,000",0,100,Not Selected,Selected,Not Selected,Not Selected,Not Selected,Not Selected,Selected,Not Selected,Not Selected,Not Selected,Not Selected,74,99,0,1,0,Cluster 1
Construction,3,100-999,Texas,West South Central,North America,1,0,0,0,0,0,0,0,0,0,0,0,3,Construction,Construction,Goods-Producing Industries,0%,1,Yes,Reskilling,50 - 99,100 - 499,Mandatory,1,< 10 hours,2 - 6 months,Yes,"$1,001 - $5,000",20,20,Selected,Not Selected,Selected,Selected,Selected,Selected,Selected,Not Selected,Not Selected,Selected,Not Selected,70,73,0,0,0,Cluster 2
Finance and Insurance,6,2500>9999,Michigan,East North Central,North America,1,0,0,0,0,0,0,0,0,0,0,0,5,Finance and Insurance,Financial Activities,Service-Providing Industries,0%,1,Yes,Reskilling,100 - 499,500 - 999,Mandatory,1,50 - 99 hours,7 - 12 months,Yes,"$1,001 - $5,000",15,85,Not Selected,Selected,Not Selected,Selected,Not Selected,Selected,Not Selected,Selected,Not Selected,Selected,Selected,72,60,0,1,0,Cluster 2
Manufacturing,3,100-999,Wisconsin,East North Central,North America,1,0,0,0,0,0,0,0,0,0,0,1,2,Manufacturing,Manufacturing,Goods-Producing Industries,0%,0,Yes,Reskilling,100 - 499,500 - 999,Voluntary,1,> 500 hours, > 12 months,Yes,"$1,001 - $5,000",0,100,Not Selected,Selected,Not Selected,Selected,Not Selected,Selected,Selected,Not Selected,Not Selected,Not Selected,Not Selected,51,51,0,0,0,Cluster 2
Health Care and Social Assistance,3,100-999,Texas,West South Central,North America,1,0,0,0,0,0,0,0,0,0,0,0,5,Health Care and Social Assistance,Education and Health Services,Service-Providing Industries,0%,0,Yes,Reskilling,Fewer than 50,50 - 99,Voluntary,1,10 - 49 hours,2 - 6 months,Yes,< $500,55,45,Not Selected,Selected,Not Selected,Not Selected,Selected,Not Selected,Selected,Not Selected,Not Selected,Not Selected,Not Selected,51,26,0,0,0,Cluster 1
Information,4,1000-2499,Florida,South Atlantic,North America,1,1,1,0,1,0,0,0,0,0,1,1,3,Information,Information,Service-Providing Industries,26 - 50%,0,Yes,Reskilling,500 - 999,1000 - 9999,Mandatory,1,200 - 499 hours,7 - 12 months,Yes,"$1,001 - $5,000",15,56,Not Selected,Selected,Not Selected,Not Selected,Selected,Selected,Selected,Not Selected,Not Selected,Not Selected,Not Selected,76,86,1,0,0,Cluster 2
Construction,5,2500>9999,California,Pacific,North America,1,0,0,0,0,0,0,0,0,0,0,1,5,Construction,Construction,Goods-Producing Industries,26 - 50%,0,No,Reskilling,50 - 99,50 - 99,Voluntary,0,< 10 hours,< 1 month,No,"$1,001 - $5,000",0,40,Selected,Not Selected,Not Selected,Selected,Not Selected,Not Selected,Not Selected,Not Selected,Selected,Not Selected,Not Selected,65,52,0,1,0,Cluster 1
Educational Services,9,>10k,Georgia,South Atlantic,North America,1,0,0,0,0,0,0,0,0,0,0,0,6,Educational Services,Education and Health Services,Service-Providing Industries,0%,0,No,Reskilling,1000 - 9999,10000 - 49999,Voluntary,1,10 - 49 hours,< 1 month,Yes,< $500,0,100,Not Selected,Selected,Not Selected,Not Selected,Selected,Selected,Selected,Selected,Not Selected,Selected,Selected,71,51,0,1,0,Cluster 1
Manufacturing,2,100-999,Massachusetts,New England,North America,1,1,1,0,1,0,1,0,0,0,2,0,5,Manufacturing,Manufacturing,Goods-Producing Industries,0%,0,No,Reskilling,50 - 99,100 - 499,Voluntary,1,50 - 99 hours,2 - 6 months,Yes,"$501 - $1,000",0,100,Not Selected,Selected,Not Selected,Not Selected,Not Selected,Not Selected,Selected,Not Selected,Not Selected,Not Selected,Not Selected,50,43,0,0,0,Cluster 1
Utilities,6,2500>9999,Florida,South Atlantic,North America,1,0,0,0,0,0,0,0,0,0,0,1,2,Utilities,"Trade, Transportation, and Utilities",Goods-Producing Industries,51 - 75%,1,Yes,Reskilling,1000 - 9999,10000 - 49999,Mandatory,1,50 - 99 hours,2 - 6 months,Yes,"$1,001 - $5,000",0,50,Not Selected,Selected,Not Selected,Selected,Selected,Not Selected,Selected,Not Selected,Not Selected,Selected,Selected,82,100,0,1,1,Cluster 1
Manufacturing,2,100-999,Kentucky,East South Central,North America,1,1,1,0,1,0,0,0,0,0,1,1,1,Manufacturing,Manufacturing,Goods-Producing Industries,26 - 50%,0,Yes,Reskilling,100 - 499,1000 - 9999,Mandatory,1,10 - 49 hours,< 1 month,Yes,< $500,0,100,Not Selected,Not Selected,Not Selected,Not Selected,Not Selected,Not Selected,Selected,Not Selected,Not Selected,Not Selected,Not Selected,50,100,0,0,0,Cluster 1
Retail Trade,4,1000-2499,California,Pacific,North America,1,0,0,0,0,0,0,0,0,0,0,0,3,Retail Trade,"Trade, Transportation, and Utilities",Service-Providing Industries,51 - 75%,0,Yes,Reskilling,500 - 999,100 - 499,Mandatory,1,100 - 199 hours,2 - 6 months,No,"$1,001 - $5,000",15,15,Selected,Selected,Selected,Selected,Selected,Not Selected,Selected,Selected,Not Selected,Selected,Not Selected,75,82,1,0,1,Cluster 2
Information,10,>10k,Florida,South Atlantic,North America,1,1,1,0,0,0,1,0,1,0,2,1,3,Information,Information,Service-Providing Industries,1 - 25%,1,Yes,Reskilling,1000 - 9999,1000 - 9999,Voluntary,1,50 - 99 hours,2 - 6 months,Yes,"$1,001 - $5,000",0,95,Selected,Not Selected,Selected,Selected,Not Selected,Selected,Selected,Selected,Not Selected,Not Selected,Selected,73,74,0,1,0,Cluster 1
Retail Trade,5,2500>9999,New Jersey,Middle Atlantic,North America,1,0,0,0,0,0,0,0,0,0,0,1,3,Retail Trade,"Trade, Transportation, and Utilities",Service-Providing Industries,76 - 100%,1,Yes,Reskilling,500 - 999,500 - 999,Voluntary,1,100 - 199 hours,2 - 6 months,Yes,"$501 - $1,000",0,100,Not Selected,Selected,Not Selected,Selected,Not Selected,Selected,Selected,Not Selected,Not Selected,Not Selected,Selected,50,81,0,1,1,Cluster 2
Finance and Insurance,8,>10k,New York,Middle Atlantic,North America,1,1,1,0,0,0,0,1,0,0,1,0,3,Finance and Insurance,Financial Activities,Service-Providing Industries,0%,1,I don't know,Reskilling,50 - 99,100 - 499,Voluntary,1,200 - 499 hours,7 - 12 months,Yes,"$1,001 - $5,000",0,100,Not Selected,Selected,Not Selected,Not Selected,Selected,Not Selected,Not Selected,Selected,Not Selected,Selected,Not Selected,30,20,0,1,0,Cluster 1
Real Estate and Rental and Leasing,2,100-999,Georgia,South Atlantic,North America,1,0,0,0,0,0,0,0,0,0,0,0,1,Real Estate and Rental and Leasing,Financial Activities,Service-Providing Industries,0%,0,No,Reskilling,50 - 99,100 - 499,Voluntary,1,50 - 99 hours,2 - 6 months,Yes,"$1,001 - $5,000",0,75,Not Selected,Selected,Not Selected,Not Selected,Selected,Not Selected,Not Selected,Not Selected,Not Selected,Not Selected,Not Selected,75,60,0,0,0,Cluster 1
Finance and Insurance,5,2500>9999,California,Pacific,North America,1,0,0,0,0,0,0,0,0,0,0,0,4,Finance and Insurance,Financial Activities,Service-Providing Industries,0%,0,No,Reskilling,100 - 499,50 - 99,Voluntary,0,100 - 199 hours,2 - 6 months,Yes,"$1,001 - $5,000",0,80,Not Selected,Selected,Not Selected,Not Selected,Not Selected,Selected,Not Selected,Not Selected,Selected,Not Selected,Not Selected,22,24,0,1,0,Cluster 2
"Agriculture, Forestry, Fishing and Hunting",6,2500>9999,Nevada,Mountain,North America,1,0,0,0,0,0,0,0,0,0,0,0,2,"Agriculture, Forestry, Fishing and Hunting",Natural Resources and Mining,Goods-Producing Industries,0%,0,No,Reskilling,500 - 999,500 - 999,Mandatory,1,< 10 hours,< 1 month,Yes,< $500,0,100,Not Selected,Selected,Not Selected,Selected,Selected,Not Selected,Not Selected,Not Selected,Not Selected,Not Selected,Selected,74,100,0,1,0,Cluster 2
Information,6,2500>9999,Kansas,West North Central,North America,1,0,0,0,0,0,0,0,0,0,0,1,3,Information,Information,Service-Providing Industries,51 - 75%,1,Yes,Reskilling,500 - 999,1000 - 9999,Voluntary,0,10 - 49 hours,2 - 6 months,Yes,"$1,001 - $5,000",35,20,Selected,Selected,Not Selected,Selected,Selected,Selected,Not Selected,Selected,Not Selected,Selected,Selected,83,86,0,1,1,Cluster 2
Real Estate and Rental and Leasing,4,1000-2499,Florida,South Atlantic,North America,1,1,1,0,0,0,1,1,1,0,3,0,4,Real Estate and Rental and Leasing,Financial Activities,Service-Providing Industries,0%,1,No,Reskilling,100 - 499,100 - 499,Voluntary,1,100 - 199 hours,2 - 6 months,Yes,< $500,0,100,Not Selected,Selected,Not Selected,Selected,Selected,Selected,Not Selected,Selected,Not Selected,Selected,Selected,40,40,1,0,0,Cluster 1
Finance and Insurance,4,1000-2499,California,Pacific,North America,1,0,0,0,0,0,0,0,0,0,0,1,4,Finance and Insurance,Financial Activities,Service-Providing Industries,1 - 25%,0,Yes,Reskilling,50 - 99,100 - 499,Voluntary,1,200 - 499 hours,2 - 6 months,Yes,"$1,001 - $5,000",20,40,Not Selected,Not Selected,Not Selected,Selected,Not Selected,Not Selected,Selected,Selected,Not Selected,Not Selected,Selected,69,55,1,0,0,Cluster 2
Manufacturing,4,1000-2499,Kentucky,East South Central,North America,1,0,0,0,0,0,0,0,0,0,0,1,3,Manufacturing,Manufacturing,Goods-Producing Industries,26 - 50%,0,Yes,Reskilling,500 - 999,500 - 999,Voluntary,1,10 - 49 hours,2 - 6 months,Yes,"$501 - $1,000",20,20,Not Selected,Selected,Not Selected,Selected,Selected,Selected,Not Selected,Selected,Not Selected,Selected,Selected,71,79,1,0,0,Cluster 1
Manufacturing,6,2500>9999,New York,Middle Atlantic,North America,1,0,0,0,0,0,0,0,0,0,0,1,5,Manufacturing,Manufacturing,Goods-Producing Industries,51 - 75%,0,Yes,Reskilling,500 - 999,1000 - 9999,Voluntary,1,10 - 49 hours,2 - 6 months,Yes,"$1,001 - $5,000",40,60,Not Selected,Selected,Not Selected,Not Selected,Not Selected,Selected,Selected,Selected,Not Selected,Not Selected,Not Selected,51,43,0,1,1,Cluster 1
Manufacturing,4,1000-2499,Ohio,East North Central,North America,1,1,1,0,0,0,1,0,0,0,1,1,3,Manufacturing,Manufacturing,Goods-Producing Industries,26 - 50%,0,Yes,Reskilling,50 - 99,100 - 499,Voluntary,1,10 - 49 hours,2 - 6 months,Yes,"$501 - $1,000",20,60,Not Selected,Selected,Not Selected,Selected,Not Selected,Selected,Not Selected,Selected,Not Selected,Not Selected,Selected,35,39,1,0,0,Cluster 2
Educational Services,4,1000-2499,New York,Middle Atlantic,North America,1,0,0,0,0,0,0,0,0,0,0,0,1,Educational Services,Education and Health Services,Service-Providing Industries,26 - 50%,0,Yes,Reskilling,50 - 99,50 - 99,Voluntary,0,10 - 49 hours,2 - 6 months,Yes,"$501 - $1,000",30,20,Not Selected,Selected,Not Selected,Selected,Not Selected,Not Selected,Selected,Selected,Not Selected,Not Selected,Not Selected,64,100,1,0,0,Cluster 1
Retail Trade,4,1000-2499,South Carolina,South Atlantic,North America,1,0,0,0,0,0,0,0,0,0,0,0,3,Retail Trade,"Trade, Transportation, and Utilities",Service-Providing Industries,26 - 50%,0,Yes,Reskilling,100 - 499,500 - 999,Voluntary,0,> 500 hours,2 - 6 months,Yes,"$1,001 - $5,000",35,24,Not Selected,Selected,Not Selected,Selected,Selected,Selected,Not Selected,Selected,Not Selected,Not Selected,Selected,46,64,1,0,0,Cluster 2
Retail Trade,4,1000-2499,California,Pacific,North America,1,0,0,0,0,0,0,0,0,0,0,1,3,Retail Trade,"Trade, Transportation, and Utilities",Service-Providing Industries,26 - 50%,1,Yes,Reskilling,100 - 499,500 - 999,Voluntary,0,200 - 499 hours,2 - 6 months,Yes,"$501 - $1,000",10,50,Not Selected,Selected,Selected,Selected,Selected,Not Selected,Selected,Selected,Not Selected,Selected,Selected,85,94,1,0,0,Cluster 2
Retail Trade,4,1000-2499,Minnesota,West North Central,North America,1,0,0,0,0,0,0,0,0,0,0,1,1,Retail Trade,"Trade, Transportation, and Utilities",Service-Providing Industries,26 - 50%,1,Yes,Reskilling,500 - 999,1000 - 9999,Voluntary,0,100 - 199 hours,2 - 6 months,Yes,"$1,001 - $5,000",46,25,Not Selected,Selected,Not Selected,Not Selected,Not Selected,Selected,Selected,Selected,Selected,Not Selected,Selected,80,86,1,0,0,Cluster 2
Manufacturing,5,2500>9999,Illinois,East North Central,North America,1,1,1,0,0,0,1,0,1,0,2,1,3,Manufacturing,Manufacturing,Goods-Producing Industries,1 - 25%,1,Yes,Reskilling,100 - 499,500 - 999,Voluntary,0,100 - 199 hours,2 - 6 months,Yes,"$1,001 - $5,000",0,70,Selected,Not Selected,Not Selected,Not Selected,Selected,Selected,Not Selected,Not Selected,Not Selected,Selected,Not Selected,93,93,0,1,0,Cluster 2
"Professional, Scientific, and Technical Services",2,100-999,Florida,South Atlantic,North America,1,0,0,0,0,0,0,0,0,0,0,0,3,"Professional, Scientific, and Technical Services",Professional and Business Services,Service-Providing Industries,0%,1,Yes,Reskilling,Fewer than 50,50 - 99,Mandatory,1,50 - 99 hours,2 - 6 months,No,"$501 - $1,000",30,70,Not Selected,Selected,Not Selected,Not Selected,Not Selected,Selected,Selected,Selected,Selected,Not Selected,Not Selected,55,60,0,0,0,Cluster 1
Manufacturing,4,1000-2499,Iowa,West North Central,North America,1,0,0,0,0,0,0,0,0,0,0,1,3,Manufacturing,Manufacturing,Goods-Producing Industries,51 - 75%,0,Yes,Reskilling,500 - 999,500 - 999,Voluntary,0,200 - 499 hours,2 - 6 months,Yes,"$501 - $1,000",15,60,Not Selected,Selected,Not Selected,Selected,Selected,Selected,Selected,Selected,Not Selected,Not Selected,Selected,66,50,1,0,1,Cluster 2
Management of Companies and Enterprises,3,100-999,California,Pacific,North America,1,0,0,0,0,0,0,0,0,0,0,1,1,Management of Companies and Enterprises,Professional and Business Services,Service-Providing Industries,0%,1,No,Upskilling,50 - 99,50 - 99,Mandatory,1,50 - 99 hours,2 - 6 months,Yes,< $500,0,100,Not Selected,Selected,Not Selected,Not Selected,Not Selected,Not Selected,Selected,Not Selected,Not Selected,Not Selected,Selected,100,75,0,0,0,Cluster 1
Transportation and Warehousing,3,100-999,Georgia,South Atlantic,North America,1,1,1,0,0,0,1,0,0,0,1,1,3,Transportation and Warehousing,"Trade, Transportation, and Utilities",Service-Providing Industries,1 - 25%,1,Yes,Reskilling,500 - 999,500 - 999,Mandatory,1,> 500 hours,2 - 6 months,Yes,< $500,25,25,Selected,Selected,Selected,Selected,Selected,Selected,Selected,Selected,Selected,Selected,Selected,50,40,0,0,0,Cluster 2
Information,4,1000-2499,Hawaii,Pacific,North America,1,0,0,0,0,0,0,0,0,0,0,1,4,Information,Information,Service-Providing Industries,26 - 50%,1,Yes,Reskilling,500 - 999,1000 - 9999,Voluntary,0,100 - 199 hours,2 - 6 months,Yes,"$1,001 - $5,000",20,40,Selected,Selected,Not Selected,Selected,Selected,Selected,Selected,Selected,Not Selected,Selected,Selected,53,88,1,0,0,Cluster 2
Retail Trade,4,1000-2499,New Jersey,Middle Atlantic,North America,1,0,0,0,0,0,0,0,0,0,0,1,3,Retail Trade,"Trade, Transportation, and Utilities",Service-Providing Industries,51 - 75%,0,Yes,Reskilling,100 - 499,100 - 499,Voluntary,1,10 - 49 hours,2 - 6 months,Yes,"$1,001 - $5,000",10,30,Selected,Not Selected,Not Selected,Selected,Selected,Not Selected,Selected,Not Selected,Not Selected,Selected,Selected,71,72,1,0,1,Cluster 2
Retail Trade,4,1000-2499,Minnesota,West North Central,North America,1,0,0,0,0,0,0,0,0,0,0,1,1,Retail Trade,"Trade, Transportation, and Utilities",Service-Providing Industries,26 - 50%,0,Yes,Reskilling,500 - 999,1000 - 9999,Voluntary,0,50 - 99 hours,2 - 6 months,Yes,"$501 - $1,000",15,55,Not Selected,Selected,Not Selected,Not Selected,Not Selected,Not Selected,Not Selected,Selected,Not Selected,Selected,Not Selected,72,83,1,0,0,Cluster 2
Finance and Insurance,5,2500>9999,New Jersey,Middle Atlantic,North America,1,0,0,0,0,0,0,0,0,0,0,0,1,Finance and Insurance,Financial Activities,Service-Providing Industries,1 - 25%,0,Yes,Reskilling,500 - 999,1000 - 9999,Voluntary,1,100 - 199 hours,7 - 12 months,Yes,"$1,001 - $5,000",30,30,Selected,Selected,Not Selected,Selected,Not Selected,Selected,Selected,Selected,Not Selected,Selected,Selected,72,87,0,1,0,Cluster 2
Finance and Insurance,4,1000-2499,Kentucky,East South Central,North America,1,1,1,0,0,0,1,0,1,0,2,1,1,Finance and Insurance,Financial Activities,Service-Providing Industries,26 - 50%,0,Yes,Reskilling,500 - 999,1000 - 9999,Voluntary,0,200 - 499 hours,7 - 12 months,Yes,"$501 - $1,000",20,20,Selected,Selected,Not Selected,Selected,Not Selected,Selected,Selected,Selected,Not Selected,Not Selected,Not Selected,60,91,1,0,0,Cluster 2
Retail Trade,4,1000-2499,Mississippi,East South Central,North America,1,0,0,0,0,0,0,0,0,0,0,0,5,Retail Trade,"Trade, Transportation, and Utilities",Service-Providing Industries,51 - 75%,1,Yes,Reskilling,500 - 999,1000 - 9999,Voluntary,1,200 - 499 hours,7 - 12 months,Yes,"$1,001 - $5,000",0,85,Not Selected,Selected,Not Selected,Selected,Not Selected,Selected,Not Selected,Selected,Not Selected,Selected,Not Selected,68,80,1,0,1,Cluster 2
Manufacturing,4,1000-2499,Texas,West South Central,North America,1,0,0,0,0,0,0,0,0,0,0,0,1,Manufacturing,Manufacturing,Goods-Producing Industries,26 - 50%,0,Yes,Reskilling,500 - 999,1000 - 9999,Voluntary,0,50 - 99 hours,2 - 6 months,Yes,"$501 - $1,000",10,30,Not Selected,Selected,Selected,Selected,Not Selected,Not Selected,Not Selected,Selected,Not Selected,Not Selected,Selected,93,94,1,0,0,Cluster 2
Retail Trade,4,1000-2499,Rhode Island,New England,North America,1,0,0,0,0,0,0,0,0,0,0,1,4,Retail Trade,"Trade, Transportation, and Utilities",Service-Providing Industries,26 - 50%,1,Yes,Reskilling,100 - 499,500 - 999,Voluntary,0,100 - 199 hours,7 - 12 months,Yes,"$501 - $1,000",25,28,Not Selected,Selected,Not Selected,Selected,Not Selected,Selected,Not Selected,Selected,Selected,Not Selected,Not Selected,77,94,1,0,0,Cluster 2
Real Estate and Rental and Leasing,4,1000-2499,Pennsylvania,Middle Atlantic,North America,1,0,0,0,0,0,0,0,0,0,0,0,5,Real Estate and Rental and Leasing,Financial Activities,Service-Providing Industries,26 - 50%,1,Yes,Reskilling,50 - 99,100 - 499,Voluntary,0,50 - 99 hours,2 - 6 months,Yes,"$501 - $1,000",20,50,Selected,Not Selected,Not Selected,Selected,Not Selected,Not Selected,Selected,Not Selected,Not Selected,Selected,Selected,48,81,1,0,0,Cluster 1
Retail Trade,4,1000-2499,California,Pacific,North America,1,0,0,0,0,0,0,0,0,0,0,0,1,Retail Trade,"Trade, Transportation, and Utilities",Service-Providing Industries,26 - 50%,0,Yes,Reskilling,500 - 999,1000 - 9999,Voluntary,1,200 - 499 hours,2 - 6 months,Yes,"$501 - $1,000",20,40,Not Selected,Selected,Selected,Not Selected,Selected,Selected,Not Selected,Selected,Not Selected,Not Selected,Selected,75,89,1,0,0,Cluster 2
Real Estate and Rental and Leasing,4,1000-2499,Massachusetts,New England,North America,1,0,0,0,0,0,0,0,0,0,0,0,3,Real Estate and Rental and Leasing,Financial Activities,Service-Providing Industries,51 - 75%,0,No,Reskilling,50 - 99,100 - 499,Voluntary,0,100 - 199 hours,2 - 6 months,Yes,"$1,001 - $5,000",15,25,Not Selected,Not Selected,Not Selected,Selected,Not Selected,Selected,Selected,Selected,Not Selected,Not Selected,Not Selected,49,50,1,0,1,Cluster 1
Construction,5,2500>9999,California,Pacific,North America,1,1,1,0,1,0,1,0,1,0,3,0,4,Construction,Construction,Goods-Producing Industries,51 - 75%,0,Yes,Reskilling,100 - 499,500 - 999,Voluntary,0,50 - 99 hours,7 - 12 months,Yes,"$501 - $1,000",23,45,Not Selected,Selected,Not Selected,Selected,Selected,Not Selected,Not Selected,Selected,Not Selected,Not Selected,Selected,24,47,0,1,1,Cluster 2
Retail Trade,4,1000-2499,Michigan,East North Central,North America,1,0,0,0,0,0,0,0,0,0,0,1,1,Retail Trade,"Trade, Transportation, and Utilities",Service-Providing Industries,1 - 25%,0,Yes,Reskilling,500 - 999,1000 - 9999,Voluntary,0,50 - 99 hours,2 - 6 months,Yes,"$501 - $1,000",10,70,Not Selected,Selected,Not Selected,Selected,Not Selected,Selected,Selected,Selected,Selected,Selected,Selected,72,89,1,0,0,Cluster 2
Retail Trade,7,>10k,Tennessee,East South Central,North America,1,1,1,0,0,0,1,0,0,0,1,1,3,Retail Trade,"Trade, Transportation, and Utilities",Service-Providing Industries,51 - 75%,1,Yes,Reskilling,500 - 999,100 - 499,Voluntary,0,10 - 49 hours,2 - 6 months,Yes,"$1,001 - $5,000",20,20,Selected,Not Selected,Not Selected,Selected,Not Selected,Not Selected,Not Selected,Selected,Not Selected,Not Selected,Selected,92,94,0,1,1,Cluster 2
Retail Trade,5,2500>9999,South Carolina,South Atlantic,North America,1,1,1,0,0,0,1,0,1,0,2,1,1,Retail Trade,"Trade, Transportation, and Utilities",Service-Providing Industries,1 - 25%,1,Yes,Reskilling,100 - 499,500 - 999,Voluntary,0,200 - 499 hours,7 - 12 months,Yes,"$1,001 - $5,000",0,80,Not Selected,Selected,Not Selected,Not Selected,Selected,Selected,Not Selected,Not Selected,Selected,Selected,Not Selected,81,92,0,1,0,Cluster 2
Retail Trade,4,1000-2499,New York,Middle Atlantic,North America,1,0,0,0,0,0,0,0,0,0,0,1,3,Retail Trade,"Trade, Transportation, and Utilities",Service-Providing Industries,26 - 50%,1,Yes,Reskilling,100 - 499,500 - 999,Voluntary,0,200 - 499 hours,2 - 6 months,Yes,"$501 - $1,000",25,50,Not Selected,Selected,Selected,Selected,Not Selected,Selected,Not Selected,Selected,Not Selected,Not Selected,Selected,86,83,1,0,0,Cluster 2
Retail Trade,4,1000-2499,California,Pacific,North America,1,0,0,0,0,0,0,0,0,0,0,0,3,Retail Trade,"Trade, Transportation, and Utilities",Service-Providing Industries,1 - 25%,1,Yes,Reskilling,100 - 499,100 - 499,Voluntary,0,200 - 499 hours,2 - 6 months,Yes,"$1,001 - $5,000",26,32,Selected,Selected,Not Selected,Selected,Not Selected,Selected,Not Selected,Selected,Not Selected,Selected,Selected,40,77,1,0,0,Cluster 2
Finance and Insurance,4,1000-2499,New York,Middle Atlantic,North America,1,0,0,0,0,0,0,0,0,0,0,1,3,Finance and Insurance,Financial Activities,Service-Providing Industries,1 - 25%,0,Yes,Reskilling,50 - 99,100 - 499,Voluntary,1,200 - 499 hours,7 - 12 months,Yes,"$1,001 - $5,000",20,30,Not Selected,Not Selected,Not Selected,Selected,Selected,Not Selected,Not Selected,Not Selected,Not Selected,Not Selected,Selected,61,47,1,0,0,Cluster 1
Other Services (except Public Administration),6,2500>9999,New York,Middle Atlantic,North America,1,0,0,0,0,0,0,0,0,0,0,0,5,Other Services (except Public Administration),Public Administration and other Services,Service-Providing Industries,26 - 50%,1,No,Reskilling,100 - 499,100 - 499,Voluntary,0,50 - 99 hours,2 - 6 months,No,"$1,001 - $5,000",15,20,Not Selected,Not Selected,Selected,Selected,Not Selected,Not Selected,Not Selected,Not Selected,Not Selected,Not Selected,Not Selected,69,80,0,1,0,Cluster 2
Manufacturing,7,>10k,New Jersey,Middle Atlantic,North America,1,0,0,0,0,0,0,0,0,0,0,0,1,Manufacturing,Manufacturing,Goods-Producing Industries,26 - 50%,1,No,Reskilling,100 - 499,100 - 499,Voluntary,1,100 - 199 hours,2 - 6 months,Yes,"$1,001 - $5,000",0,100,Not Selected,Selected,Not Selected,Not Selected,Not Selected,Selected,Not Selected,Selected,Not Selected,Selected,Not Selected,78,68,0,1,0,Cluster 2
Retail Trade,4,1000-2499,Ohio,East North Central,North America,1,0,0,0,0,0,0,0,0,0,0,1,3,Retail Trade,"Trade, Transportation, and Utilities",Service-Providing Industries,0%,0,Yes,Reskilling,50 - 99,100 - 499,Voluntary,1,10 - 49 hours,2 - 6 months,Yes,"$501 - $1,000",25,55,Not Selected,Selected,Not Selected,Selected,Selected,Selected,Not Selected,Selected,Not Selected,Not Selected,Selected,41,51,1,0,0,Cluster 1
Finance and Insurance,4,1000-2499,Georgia,South Atlantic,North America,1,0,0,0,0,0,0,0,0,0,0,1,2,Finance and Insurance,Financial Activities,Service-Providing Industries,0%,0,Yes,Reskilling,100 - 499,100 - 499,Voluntary,0,50 - 99 hours,7 - 12 months,No,"$1,001 - $5,000",0,65,Not Selected,Not Selected,Selected,Selected,Not Selected,Not Selected,Not Selected,Selected,Not Selected,Selected,Selected,58,71,1,0,0,Cluster 2
Retail Trade,4,1000-2499,Delaware,South Atlantic,North America,1,0,0,0,0,0,0,0,0,0,0,0,1,Retail Trade,"Trade, Transportation, and Utilities",Service-Providing Industries,51 - 75%,0,Yes,Reskilling,500 - 999,500 - 999,Voluntary,0,50 - 99 hours,< 1 month,Yes,"$1,001 - $5,000",10,20,Not Selected,Not Selected,Not Selected,Selected,Selected,Selected,Selected,Selected,Not Selected,Not Selected,Not Selected,50,89,1,0,1,Cluster 2
Information,4,1000-2499,New York,Middle Atlantic,North America,1,0,0,0,0,0,0,0,0,0,0,1,1,Information,Information,Service-Providing Industries,26 - 50%,0,Yes,Reskilling,500 - 999,1000 - 9999,Voluntary,1,100 - 199 hours,2 - 6 months,Yes,"$1,001 - $5,000",20,50,Not Selected,Selected,Not Selected,Selected,Not Selected,Selected,Selected,Not Selected,Not Selected,Not Selected,Selected,73,71,1,0,0,Cluster 2
Wholesale Trade,7,>10k,Kentucky,East South Central,North America,1,0,0,0,0,0,0,0,0,0,0,1,4,Wholesale Trade,"Trade, Transportation, and Utilities",Service-Providing Industries,51 - 75%,0,Yes,Reskilling,100 - 499,500 - 999,Voluntary,0,50 - 99 hours,2 - 6 months,Yes,"$1,001 - $5,000",30,50,Not Selected,Selected,Not Selected,Selected,Not Selected,Selected,Not Selected,Not Selected,Selected,Selected,Selected,71,83,0,1,1,Cluster 2
Information,4,1000-2499,Michigan,East North Central,North America,1,0,0,0,0,0,0,0,0,0,0,1,3,Information,Information,Service-Providing Industries,26 - 50%,1,Yes,Reskilling,500 - 999,1000 - 9999,Voluntary,0,50 - 99 hours,2 - 6 months,Yes,"$501 - $1,000",10,40,Not Selected,Selected,Not Selected,Selected,Selected,Selected,Selected,Selected,Not Selected,Selected,Selected,48,91,1,0,0,Cluster 2
Other Services (except Public Administration),3,100-999,Illinois,East North Central,North America,1,0,0,0,0,0,0,0,0,0,0,1,1,Other Services (except Public Administration),Public Administration and other Services,Service-Providing Industries,51 - 75%,0,Yes,Reskilling,100 - 499,500 - 999,Voluntary,0,100 - 199 hours,2 - 6 months,Yes,"$501 - $1,000",20,30,Not Selected,Selected,Not Selected,Selected,Selected,Not Selected,Not Selected,Selected,Not Selected,Selected,Not Selected,51,88,0,0,1,Cluster 2
Retail Trade,4,1000-2499,Washington,Pacific,North America,1,0,0,0,0,0,0,0,0,0,0,0,1,Retail Trade,"Trade, Transportation, and Utilities",Service-Providing Industries,51 - 75%,1,Yes,Reskilling,500 - 999,1000 - 9999,Voluntary,1,200 - 499 hours,7 - 12 months,Yes,"$1,001 - $5,000",15,50,Not Selected,Selected,Not Selected,Selected,Not Selected,Selected,Selected,Selected,Not Selected,Selected,Not Selected,79,94,1,0,1,Cluster 2
Retail Trade,4,1000-2499,New York,Middle Atlantic,North America,1,0,0,0,0,0,0,0,0,0,0,1,1,Retail Trade,"Trade, Transportation, and Utilities",Service-Providing Industries,51 - 75%,0,Yes,Reskilling,100 - 499,100 - 499,Voluntary,0,50 - 99 hours,2 - 6 months,Yes,"$501 - $1,000",10,50,Not Selected,Selected,Not Selected,Selected,Not Selected,Selected,Not Selected,Not Selected,Not Selected,Selected,Selected,69,86,1,0,1,Cluster 2
Management of Companies and Enterprises,7,>10k,Nevada,Mountain,North America,1,0,0,0,0,0,0,0,0,0,0,0,3,Management of Companies and Enterprises,Professional and Business Services,Service-Providing Industries,0%,0,Yes,Reskilling,500 - 999,1000 - 9999,Voluntary,0,50 - 99 hours,2 - 6 months,Yes,"$501 - $1,000",10,50,Not Selected,Selected,Not Selected,Selected,Not Selected,Selected,Not Selected,Selected,Not Selected,Selected,Not Selected,71,79,0,1,0,Cluster 2
Retail Trade,7,>10k,Florida,South Atlantic,North America,1,1,1,0,0,0,1,0,0,0,1,0,4,Retail Trade,"Trade, Transportation, and Utilities",Service-Providing Industries,51 - 75%,1,Yes,Reskilling,100 - 499,500 - 999,Voluntary,0,200 - 499 hours,2 - 6 months,Yes,"$1,001 - $5,000",10,30,Not Selected,Not Selected,Not Selected,Selected,Selected,Not Selected,Selected,Selected,Selected,Selected,Selected,47,84,0,1,1,Cluster 2
Transportation and Warehousing,4,1000-2499,Florida,South Atlantic,North America,1,0,0,0,0,0,0,0,0,0,0,0,1,Transportation and Warehousing,"Trade, Transportation, and Utilities",Service-Providing Industries,26 - 50%,0,Yes,Reskilling,100 - 499,500 - 999,Voluntary,0,50 - 99 hours,2 - 6 months,Yes,"$501 - $1,000",0,56,Not Selected,Selected,Not Selected,Selected,Selected,Not Selected,Not Selected,Selected,Not Selected,Not Selected,Not Selected,39,47,1,0,0,Cluster 2
Retail Trade,4,1000-2499,Tennessee,East South Central,North America,1,0,0,0,0,0,0,0,0,0,0,1,4,Retail Trade,"Trade, Transportation, and Utilities",Service-Providing Industries,26 - 50%,1,Yes,Reskilling,100 - 499,100 - 499,Voluntary,0,100 - 199 hours,2 - 6 months,Yes,"$501 - $1,000",10,30,Selected,Selected,Not Selected,Selected,Not Selected,Selected,Not Selected,Selected,Not Selected,Not Selected,Selected,71,73,1,0,0,Cluster 2
Information,4,1000-2499,California,Pacific,North America,1,1,1,0,1,0,1,0,0,0,2,0,4,Information,Information,Service-Providing Industries,26 - 50%,0,Yes,Reskilling,100 - 499,500 - 999,Voluntary,0,100 - 199 hours,7 - 12 months,No,"$501 - $1,000",32,46,Not Selected,Selected,Selected,Selected,Selected,Selected,Not Selected,Not Selected,Not Selected,Not Selected,Not Selected,28,57,1,0,0,Cluster 2
"Professional, Scientific, and Technical Services",4,1000-2499,Louisiana,West South Central,North America,1,0,0,0,0,0,0,0,0,0,0,0,5,"Professional, Scientific, and Technical Services",Professional and Business Services,Service-Providing Industries,26 - 50%,1,No,Reskilling,50 - 99,100 - 499,Voluntary,0,50 - 99 hours,2 - 6 months,Yes,"$501 - $1,000",20,40,Selected,Not Selected,Not Selected,Selected,Not Selected,Not Selected,Selected,Not Selected,Not Selected,Selected,Not Selected,58,90,1,0,0,Cluster 1
Retail Trade,4,1000-2499,New York,Middle Atlantic,North America,1,0,0,0,0,0,0,0,0,0,0,0,1,Retail Trade,"Trade, Transportation, and Utilities",Service-Providing Industries,26 - 50%,0,Yes,Reskilling,500 - 999,1000 - 9999,Voluntary,0,200 - 499 hours,2 - 6 months,Yes,"$501 - $1,000",15,45,Not Selected,Selected,Not Selected,Selected,Selected,Selected,Not Selected,Selected,Not Selected,Not Selected,Selected,74,89,1,0,0,Cluster 2
Construction,4,1000-2499,Arizona,Mountain,North America,1,0,0,0,0,0,0,0,0,0,0,1,3,Construction,Construction,Goods-Producing Industries,51 - 75%,0,Yes,Reskilling,100 - 499,500 - 999,Voluntary,1,50 - 99 hours,2 - 6 months,Yes,"$501 - $1,000",15,50,Not Selected,Selected,Selected,Selected,Not Selected,Not Selected,Not Selected,Selected,Not Selected,Not Selected,Selected,83,83,1,0,1,Cluster 2
Retail Trade,4,1000-2499,Georgia,South Atlantic,North America,1,0,0,0,0,0,0,0,0,0,0,0,4,Retail Trade,"Trade, Transportation, and Utilities",Service-Providing Industries,0%,0,Yes,Reskilling,500 - 999,1000 - 9999,Voluntary,0,100 - 199 hours,7 - 12 months,Yes,"$1,001 - $5,000",30,20,Selected,Not Selected,Not Selected,Selected,Not Selected,Not Selected,Not Selected,Selected,Not Selected,Not Selected,Selected,70,83,1,0,0,Cluster 2
Manufacturing,4,1000-2499,Texas,West South Central,North America,1,0,0,0,0,0,0,0,0,0,0,1,3,Manufacturing,Manufacturing,Goods-Producing Industries,26 - 50%,1,Yes,Reskilling,100 - 499,500 - 999,Voluntary,0,100 - 199 hours,2 - 6 months,No,"$5,001 - $10,000",10,15,Not Selected,Not Selected,Not Selected,Selected,Not Selected,Not Selected,Not Selected,Not Selected,Not Selected,Not Selected,Not Selected,51,78,1,0,0,Cluster 2
Transportation and Warehousing,4,1000-2499,North Carolina,South Atlantic,North America,1,0,0,0,0,0,0,0,0,0,0,0,1,Transportation and Warehousing,"Trade, Transportation, and Utilities",Service-Providing Industries,1 - 25%,0,Yes,Reskilling,100 - 499,500 - 999,Voluntary,0,100 - 199 hours,2 - 6 months,Yes,"$501 - $1,000",5,90,Not Selected,Selected,Not Selected,Selected,Not Selected,Selected,Not Selected,Not Selected,Not Selected,Not Selected,Not Selected,71,93,1,0,0,Cluster 2
Finance and Insurance,4,1000-2499,Virginia,South Atlantic,North America,1,1,1,0,0,1,0,1,0,0,2,1,1,Finance and Insurance,Financial Activities,Service-Providing Industries,26 - 50%,1,Yes,Reskilling,500 - 999,1000 - 9999,Voluntary,0,50 - 99 hours,2 - 6 months,Yes,"$1,001 - $5,000",30,20,Not Selected,Selected,Selected,Selected,Not Selected,Selected,Selected,Selected,Not Selected,Not Selected,Not Selected,73,85,1,0,0,Cluster 2
Retail Trade,7,>10k,New York,Middle Atlantic,North America,1,1,1,0,0,0,1,0,0,0,1,1,3,Retail Trade,"Trade, Transportation, and Utilities",Service-Providing Industries,51 - 75%,0,Yes,Reskilling,100 - 499,500 - 999,Voluntary,1,50 - 99 hours, > 12 months,Yes,"$501 - $1,000",0,80,Not Selected,Selected,Not Selected,Selected,Not Selected,Not Selected,Selected,Selected,Selected,Not Selected,Selected,39,29,0,1,1,Cluster 2
Wholesale Trade,4,1000-2499,Vermont,New England,North America,1,0,0,0,0,0,0,0,0,0,0,0,1,Wholesale Trade,"Trade, Transportation, and Utilities",Service-Providing Industries,76 - 100%,1,Yes,Reskilling,500 - 999,1000 - 9999,Voluntary,1,> 500 hours,7 - 12 months,Yes,"$1,001 - $5,000",8,56,Not Selected,Selected,Not Selected,Selected,Not Selected,Not Selected,Selected,Selected,Not Selected,Selected,Selected,96,91,1,0,1,Cluster 2
Retail Trade,9,>10k,California,Pacific,North America,1,1,1,0,0,0,1,0,0,0,1,1,3,Retail Trade,"Trade, Transportation, and Utilities",Service-Providing Industries,1 - 25%,0,Yes,Reskilling,50 - 99,100 - 499,Voluntary,0,50 - 99 hours,< 1 month,Yes,"$5,001 - $10,000",10,45,Selected,Not Selected,Not Selected,Selected,Not Selected,Selected,Selected,Selected,Selected,Selected,Selected,84,86,0,1,0,Cluster 2
Educational Services,4,1000-2499,Florida,South Atlantic,North America,1,0,0,0,0,0,0,0,0,0,0,1,4,Educational Services,Education and Health Services,Service-Providing Industries,26 - 50%,1,Yes,Reskilling,100 - 499,100 - 499,Voluntary,0,100 - 199 hours,7 - 12 months,Yes,"$501 - $1,000",24,30,Not Selected,Selected,Not Selected,Selected,Selected,Not Selected,Not Selected,Selected,Not Selected,Not Selected,Selected,67,93,1,0,0,Cluster 2
Retail Trade,7,>10k,New York,Middle Atlantic,North America,1,1,1,0,0,0,1,0,0,0,1,1,2,Retail Trade,"Trade, Transportation, and Utilities",Service-Providing Industries,26 - 50%,0,Yes,Reskilling,1000 - 9999,100 - 499,Mandatory,0,100 - 199 hours,2 - 6 months,Yes,"$501 - $1,000",20,20,Selected,Not Selected,Not Selected,Selected,Selected,Selected,Not Selected,Selected,Not Selected,Selected,Not Selected,68,80,0,1,0,Cluster 2
Retail Trade,7,>10k,Arizona,Mountain,North America,1,0,0,0,0,0,0,0,0,0,0,1,3,Retail Trade,"Trade, Transportation, and Utilities",Service-Providing Industries,51 - 75%,0,Yes,Reskilling,100 - 499,500 - 999,Voluntary,1,10 - 49 hours,2 - 6 months,Yes,"$1,001 - $5,000",0,100,Not Selected,Selected,Not Selected,Not Selected,Not Selected,Not Selected,Selected,Selected,Selected,Not Selected,Selected,60,62,0,1,1,Cluster 1
Wholesale Trade,5,2500>9999,Texas,West South Central,North America,1,0,0,0,0,0,0,0,0,0,0,1,1,Wholesale Trade,"Trade, Transportation, and Utilities",Service-Providing Industries,26 - 50%,1,Yes,Reskilling,100 - 499,500 - 999,Voluntary,0,50 - 99 hours,2 - 6 months,Yes,"$1,001 - $5,000",26,32,Selected,Selected,Not Selected,Selected,Not Selected,Not Selected,Selected,Selected,Selected,Not Selected,Selected,42,54,0,1,0,Cluster 2
Construction,3,100-999,Nevada,Mountain,North America,1,0,0,0,0,0,0,0,0,0,0,0,2,Construction,Construction,Goods-Producing Industries,0%,1,Yes,Reskilling,50 - 99,100 - 499,Mandatory,1,50 - 99 hours,2 - 6 months,Yes,"$1,001 - $5,000",20,20,Selected,Not Selected,Not Selected,Selected,Not Selected,Not Selected,Not Selected,Not Selected,Not Selected,Not Selected,Not Selected,71,65,0,0,0,Cluster 2
Information,5,2500>9999,California,Pacific,North America,1,0,0,0,0,0,0,0,0,0,0,0,3,Information,Information,Service-Providing Industries,51 - 75%,0,Yes,Reskilling,100 - 499,500 - 999,Voluntary,0,50 - 99 hours,2 - 6 months,Yes,"$501 - $1,000",19,20,Not Selected,Selected,Not Selected,Selected,Not Selected,Selected,Not Selected,Selected,Not Selected,Not Selected,Not Selected,70,76,0,1,1,Cluster 2
Wholesale Trade,4,1000-2499,Texas,West South Central,North America,1,0,0,0,0,0,0,0,0,0,0,1,1,Wholesale Trade,"Trade, Transportation, and Utilities",Service-Providing Industries,1 - 25%,1,Yes,Reskilling,100 - 499,100 - 499,Voluntary,1,50 - 99 hours,7 - 12 months,Yes,"$1,001 - $5,000",30,50,Not Selected,Selected,Selected,Selected,Selected,Selected,Selected,Selected,Not Selected,Selected,Selected,51,69,1,0,0,Cluster 2
Management of Companies and Enterprises,6,2500>9999,New Jersey,Middle Atlantic,North America,1,1,1,0,0,0,1,0,0,0,1,1,3,Management of Companies and Enterprises,Professional and Business Services,Service-Providing Industries,26 - 50%,0,Yes,Reskilling,1000 - 9999,1000 - 9999,Mandatory,0,50 - 99 hours,7 - 12 months,Yes,"$5,001 - $10,000",20,20,Not Selected,Not Selected,Not Selected,Not Selected,Not Selected,Selected,Not Selected,Not Selected,Not Selected,Not Selected,Not Selected,44,76,0,1,0,Cluster 2
Retail Trade,4,1000-2499,Georgia,South Atlantic,North America,1,0,0,0,0,0,0,0,0,0,0,0,1,Retail Trade,"Trade, Transportation, and Utilities",Service-Providing Industries,76 - 100%,1,Yes,Reskilling,500 - 999,1000 - 9999,Voluntary,0,> 500 hours, > 12 months,Yes,"$5,001 - $10,000",13,64,Not Selected,Selected,Not Selected,Selected,Not Selected,Selected,Selected,Selected,Not Selected,Selected,Not Selected,84,95,1,0,1,Cluster 2
Manufacturing,5,2500>9999,North Carolina,South Atlantic,North America,1,0,0,0,0,0,0,0,0,0,0,1,3,Manufacturing,Manufacturing,Goods-Producing Industries,76 - 100%,0,No,Reskilling,100 - 499,500 - 999,Voluntary,1,100 - 199 hours,2 - 6 months,Yes,"$501 - $1,000",20,80,Not Selected,Selected,Not Selected,Not Selected,Selected,Not Selected,Selected,Not Selected,Not Selected,Not Selected,Selected,30,29,0,1,1,Cluster 2
Manufacturing,5,2500>9999,Wisconsin,East North Central,North America,1,0,0,0,0,0,0,0,0,0,0,1,5,Manufacturing,Manufacturing,Goods-Producing Industries,0%,1,No,Reskilling,Fewer than 50,50 - 99,Voluntary,1,100 - 199 hours, > 12 months,Yes,"$1,001 - $5,000",30,70,Not Selected,Selected,Not Selected,Not Selected,Not Selected,Not Selected,Selected,Not Selected,Not Selected,Not Selected,Not Selected,80,35,0,1,0,Cluster 1
Administrative and Support and Waste Management and Remediation Services,4,1000-2499,Connecticut,New England,North America,1,0,0,0,0,0,0,0,0,0,0,0,1,Administrative and Support and Waste Management and Remediation Services,Professional and Business Services,Service-Providing Industries,26 - 50%,0,Yes,Reskilling,100 - 499,100 - 499,Voluntary,0,50 - 99 hours,< 1 month,Yes,"$501 - $1,000",20,30,Not Selected,Not Selected,Not Selected,Selected,Selected,Selected,Selected,Not Selected,Not Selected,Not Selected,Not Selected,89,100,1,0,0,Cluster 2
Manufacturing,9,>10k,Illinois,East North Central,North America,1,1,1,0,1,0,1,1,1,0,4,1,6,Manufacturing,Manufacturing,Goods-Producing Industries,51 - 75%,1,I don't know,Upskilling,50 - 99,50 - 99,Voluntary,1,200 - 499 hours,7 - 12 months,Yes,"$1,001 - $5,000",0,100,Not Selected,Selected,Not Selected,Not Selected,Not Selected,Not Selected,Selected,Not Selected,Not Selected,Not Selected,Selected,58,85,0,1,1,Cluster 1
Retail Trade,6,2500>9999,Louisiana,West South Central,North America,1,0,0,0,0,0,0,0,0,0,0,1,1,Retail Trade,"Trade, Transportation, and Utilities",Service-Providing Industries,26 - 50%,1,Yes,Reskilling,500 - 999,1000 - 9999,Voluntary,0,100 - 199 hours,2 - 6 months,Yes,"$1,001 - $5,000",25,30,Selected,Not Selected,Not Selected,Selected,Selected,Selected,Not Selected,Selected,Not Selected,Not Selected,Selected,75,89,0,1,0,Cluster 2
Public Administration,2,100-999,Connecticut,New England,North America,1,0,0,0,0,0,0,0,0,0,0,0,3,Public Administration,Public Administration and other Services,Service-Providing Industries,0%,0,No,Reskilling,50 - 99,100 - 499,Voluntary,1,200 - 499 hours, > 12 months,Yes,< $500,0,50,Not Selected,Selected,Selected,Selected,Not Selected,Not Selected,Selected,Not Selected,Not Selected,Not Selected,Not Selected,48,100,0,0,0,Cluster 1
Real Estate and Rental and Leasing,4,1000-2499,Massachusetts,New England,North America,1,0,0,0,0,0,0,0,0,0,0,0,2,Real Estate and Rental and Leasing,Financial Activities,Service-Providing Industries,26 - 50%,0,Yes,Reskilling,500 - 999,1000 - 9999,Voluntary,0,100 - 199 hours,2 - 6 months,Yes,"$1,001 - $5,000",0,60,Selected,Selected,Not Selected,Selected,Selected,Selected,Not Selected,Selected,Not Selected,Selected,Selected,84,87,1,0,0,Cluster 2
"Professional, Scientific, and Technical Services",4,1000-2499,Kentucky,East South Central,North America,1,0,0,0,0,0,0,0,0,0,0,0,5,"Professional, Scientific, and Technical Services",Professional and Business Services,Service-Providing Industries,26 - 50%,1,No,Reskilling,50 - 99,100 - 499,Voluntary,1,50 - 99 hours,2 - 6 months,Yes,"$501 - $1,000",10,40,Selected,Not Selected,Not Selected,Selected,Not Selected,Selected,Not Selected,Selected,Not Selected,Selected,Selected,68,90,1,0,0,Cluster 2
Retail Trade,4,1000-2499,South Carolina,South Atlantic,North America,1,0,0,0,0,0,0,0,0,0,0,1,4,Retail Trade,"Trade, Transportation, and Utilities",Service-Providing Industries,0%,1,Yes,Reskilling,100 - 499,500 - 999,Mandatory,1,10 - 49 hours,2 - 6 months,Yes,"$1,001 - $5,000",20,80,Not Selected,Selected,Not Selected,Selected,Not Selected,Selected,Not Selected,Not Selected,Not Selected,Not Selected,Selected,77,94,1,0,0,Cluster 2
Construction,3,100-999,California,Pacific,North America,1,0,0,0,0,0,0,0,0,0,0,1,4,Construction,Construction,Goods-Producing Industries,1 - 25%,0,Yes,Reskilling,100 - 499,50 - 99,Mandatory,1,< 10 hours,< 1 month,Yes,< $500,2,65,Not Selected,Selected,Not Selected,Selected,Not Selected,Not Selected,Not Selected,Not Selected,Not Selected,Not Selected,Not Selected,92,97,0,0,0,Cluster 2
Management of Companies and Enterprises,6,2500>9999,California,Pacific,North America,1,0,0,0,0,0,0,0,0,0,0,1,4,Management of Companies and Enterprises,Professional and Business Services,Service-Providing Industries,26 - 50%,0,No,Reskilling,1000 - 9999,50000 - 99999,Mandatory,0,200 - 499 hours, > 12 months,Yes,"$1,001 - $5,000",50,5,Not Selected,Selected,Not Selected,Not Selected,Not Selected,Not Selected,Selected,Selected,Not Selected,Selected,Not Selected,90,62,0,1,0,Cluster 2
Construction,3,100-999,Pennsylvania,Middle Atlantic,North America,1,0,0,0,0,0,0,0,0,0,0,0,2,Construction,Construction,Goods-Producing Industries,0%,1,Yes,Reskilling,50 - 99,100 - 499,Mandatory,1,50 - 99 hours,2 - 6 months,Yes,"$1,001 - $5,000",20,20,Selected,Not Selected,Not Selected,Selected,Not Selected,Not Selected,Not Selected,Not Selected,Not Selected,Not Selected,Not Selected,78,77,0,0,0,Cluster 2
Management of Companies and Enterprises,5,2500>9999,New York,Middle Atlantic,North America,1,1,1,0,0,0,1,0,0,0,1,0,3,Management of Companies and Enterprises,Professional and Business Services,Service-Providing Industries,0%,0,No,Reskilling,500 - 999,1000 - 9999,Mandatory,1,> 500 hours,7 - 12 months,Yes,< $500,0,80,Not Selected,Selected,Not Selected,Selected,Not Selected,Selected,Selected,Selected,Not Selected,Not Selected,Selected,51,88,0,1,0,Cluster 2
Retail Trade,5,2500>9999,Florida,South Atlantic,North America,1,0,0,0,0,0,0,0,0,0,0,1,1,Retail Trade,"Trade, Transportation, and Utilities",Service-Providing Industries,51 - 75%,0,No,Reskilling,500 - 999,100 - 499,Voluntary,0,100 - 199 hours,2 - 6 months,Yes,"$501 - $1,000",15,20,Not Selected,Not Selected,Not Selected,Selected,Selected,Selected,Not Selected,Not Selected,Not Selected,Not Selected,Not Selected,41,66,0,1,1,Cluster 2
Information,4,1000-2499,Louisiana,West South Central,North America,1,0,0,0,0,0,0,0,0,0,0,1,3,Information,Information,Service-Providing Industries,1 - 25%,0,No,Reskilling,100 - 499,500 - 999,Voluntary,1,200 - 499 hours,2 - 6 months,No,< $500,0,50,Selected,Selected,Selected,Selected,Not Selected,Selected,Selected,Selected,Not Selected,Selected,Selected,15,40,1,0,0,Cluster 2
Health Care and Social Assistance,4,1000-2499,Idaho,Mountain,North America,1,0,0,0,0,0,0,0,0,0,0,1,3,Health Care and Social Assistance,Education and Health Services,Service-Providing Industries,26 - 50%,1,Yes,Reskilling,100 - 499,500 - 999,Voluntary,0,100 - 199 hours,2 - 6 months,Yes,"$1,001 - $5,000",20,20,Not Selected,Selected,Selected,Selected,Not Selected,Selected,Selected,Not Selected,Selected,Not Selected,Not Selected,74,77,1,0,0,Cluster 2
Health Care and Social Assistance,5,2500>9999,California,Pacific,North America,1,0,0,0,0,0,0,0,0,0,0,0,6,Health Care and Social Assistance,Education and Health Services,Service-Providing Industries,0%,0,No,Reskilling,500 - 999,1000 - 9999,Mandatory,1,10 - 49 hours,< 1 month,Yes,"$5,001 - $10,000",0,100,Not Selected,Selected,Not Selected,Not Selected,Selected,Not Selected,Not Selected,Not Selected,Not Selected,Not Selected,Not Selected,30,100,0,1,0,Cluster 1
"Professional, Scientific, and Technical Services",6,2500>9999,Texas,West South Central,North America,1,0,0,0,0,0,0,0,0,0,0,1,4,"Professional, Scientific, and Technical Services",Professional and Business Services,Service-Providing Industries,0%,1,No,Reskilling,500 - 999,1000 - 9999,Voluntary,0,200 - 499 hours,7 - 12 months,Yes,"$501 - $1,000",0,100,Not Selected,Selected,Not Selected,Not Selected,Not Selected,Not Selected,Selected,Selected,Not Selected,Selected,Selected,88,80,0,1,0,Cluster 2
Construction,3,100-999,Pennsylvania,Middle Atlantic,North America,1,1,1,0,0,0,1,0,0,0,1,1,2,Construction,Construction,Goods-Producing Industries,0%,1,Yes,Reskilling,50 - 99,100 - 499,Mandatory,1,< 10 hours,2 - 6 months,Yes,"$1,001 - $5,000",20,20,Selected,Not Selected,Not Selected,Selected,Not Selected,Not Selected,Not Selected,Not Selected,Not Selected,Not Selected,Not Selected,85,80,0,0,0,Cluster 2
Finance and Insurance,2,100-999,California,Pacific,North America,1,0,0,0,0,0,0,0,0,0,0,0,5,Finance and Insurance,Financial Activities,Service-Providing Industries,0%,0,No,Upskilling,50 - 99,Fewer than 50,Mandatory,1,10 - 49 hours,2 - 6 months,Yes,< $500,0,100,Not Selected,Selected,Not Selected,Not Selected,Not Selected,Not Selected,Not Selected,Selected,Not Selected,Not Selected,Not Selected,50,50,0,0,0,Cluster 1
Administrative and Support and Waste Management and Remediation Services,9,>10k,Louisiana,West South Central,North America,1,1,1,0,0,0,1,0,0,0,1,1,3,Administrative and Support and Waste Management and Remediation Services,Professional and Business Services,Service-Providing Industries,26 - 50%,1,Yes,Reskilling,1000 - 9999,1000 - 9999,Mandatory,1,50 - 99 hours,7 - 12 months,Yes,< $500,20,20,Not Selected,Not Selected,Not Selected,Selected,Selected,Not Selected,Not Selected,Not Selected,Not Selected,Not Selected,Selected,100,100,0,1,0,Cluster 2
"Professional, Scientific, and Technical Services",3,100-999,Florida,South Atlantic,North America,1,0,0,0,0,0,0,0,0,0,0,0,2,"Professional, Scientific, and Technical Services",Professional and Business Services,Service-Providing Industries,26 - 50%,0,No,Reskilling,100 - 499,100 - 499,Voluntary,0,10 - 49 hours,2 - 6 months,Yes,"$501 - $1,000",0,100,Not Selected,Selected,Not Selected,Not Selected,Selected,Not Selected,Not Selected,Selected,Not Selected,Not Selected,Not Selected,60,20,0,0,0,Cluster 1
Health Care and Social Assistance,10,>10k,Wisconsin,East North Central,North America,1,1,1,0,0,0,1,0,1,0,2,1,6,Health Care and Social Assistance,Education and Health Services,Service-Providing Industries,0%,1,I don't know,Reskilling,1000 - 9999,50000 - 99999,Mandatory,1,50 - 99 hours, > 12 months,Yes,"$501 - $1,000",,,Not Selected,Selected,Not Selected,Selected,Selected,Not Selected,Not Selected,Selected,Not Selected,Not Selected,Selected,50,75,0,1,0,Cluster 1
Information,2,100-999,Ohio,East North Central,North America,1,0,0,0,0,0,0,0,0,0,0,0,4,Information,Information,Service-Providing Industries,76 - 100%,0,No,Upskilling,50 - 99,100 - 499,Voluntary,0,10 - 49 hours,7 - 12 months,Yes,< $500,0,100,Not Selected,Selected,Not Selected,Selected,Not Selected,Selected,Selected,Not Selected,Not Selected,Not Selected,Selected,75,60,0,0,1,Cluster 2
Information,7,>10k,New York,Middle Atlantic,North America,1,1,1,0,0,0,0,0,1,0,1,1,2,Information,Information,Service-Providing Industries,1 - 25%,1,Yes,Reskilling,1000 - 9999,10000 - 49999,Voluntary,0,50 - 99 hours, > 12 months,Yes,< $500,0,60,Not Selected,Selected,Selected,Selected,Selected,Selected,Selected,Selected,Selected,Selected,Selected,84,97,0,1,0,Cluster 2
"Professional, Scientific, and Technical Services",2,100-999,Florida,South Atlantic,North America,1,0,0,0,0,0,0,0,0,0,0,0,5,"Professional, Scientific, and Technical Services",Professional and Business Services,Service-Providing Industries,1 - 25%,0,No,Reskilling,50 - 99,100 - 499,Mandatory,0,50 - 99 hours,2 - 6 months,Yes,< $500,0,100,Not Selected,Not Selected,Not Selected,Not Selected,Not Selected,Selected,Not Selected,Not Selected,Not Selected,Not Selected,Not Selected,40,30,0,0,0,Cluster 1
Finance and Insurance,7,>10k,Virginia,South Atlantic,North America,1,1,1,0,1,0,1,0,1,0,3,1,3,Finance and Insurance,Financial Activities,Service-Providing Industries,51 - 75%,0,Yes,Reskilling,500 - 999,500 - 999,Mandatory,0,50 - 99 hours,2 - 6 months,Yes,"$1,001 - $5,000",10,45,Not Selected,Selected,Not Selected,Selected,Not Selected,Not Selected,Not Selected,Not Selected,Not Selected,Selected,Not Selected,70,71,0,1,1,Cluster 2
Construction,2,100-999,California,Pacific,North America,1,0,0,0,0,0,0,0,0,0,0,0,2,Construction,Construction,Goods-Producing Industries,0%,0,No,Reskilling,Fewer than 50,50 - 99,Voluntary,1,10 - 49 hours,2 - 6 months,Yes,"$1,001 - $5,000",0,100,Not Selected,Selected,Not Selected,Not Selected,Not Selected,Not Selected,Selected,Selected,Not Selected,Not Selected,Not Selected,40,30,0,0,0,Cluster 1
Other Services (except Public Administration),3,100-999,Missouri,West North Central,North America,1,1,1,0,1,0,1,1,1,0,4,1,1,Other Services (except Public Administration),Public Administration and other Services,Service-Providing Industries,26 - 50%,1,Yes,Reskilling,50 - 99,100 - 499,Voluntary,1,> 500 hours,2 - 6 months,Yes,"$1,001 - $5,000",40,20,Not Selected,Selected,Not Selected,Selected,Selected,Selected,Selected,Selected,Not Selected,Selected,Selected,40,40,0,0,0,Cluster 1
Transportation and Warehousing,5,2500>9999,Ohio,East North Central,North America,1,0,0,0,0,0,0,0,0,0,0,0,1,Transportation and Warehousing,"Trade, Transportation, and Utilities",Service-Providing Industries,26 - 50%,1,Yes,Reskilling,50 - 99,50 - 99,Voluntary,0,50 - 99 hours,7 - 12 months,Yes,"$1,001 - $5,000",50,20,Not Selected,Selected,Not Selected,Not Selected,Not Selected,Not Selected,Not Selected,Selected,Not Selected,Selected,Selected,81,78,0,1,0,Cluster 1
Manufacturing,7,>10k,Florida,South Atlantic,North America,1,1,1,0,1,0,1,1,1,0,4,1,1,Manufacturing,Manufacturing,Goods-Producing Industries,1 - 25%,1,Yes,Reskilling,500 - 999,50 - 99,Voluntary,1,100 - 199 hours,2 - 6 months,Yes,"$5,001 - $10,000",40,60,Not Selected,Selected,Not Selected,Not Selected,Not Selected,Not Selected,Selected,Not Selected,Selected,Selected,Not Selected,30,40,0,1,0,Cluster 1
Manufacturing,7,>10k,New York,Middle Atlantic,North America,1,0,0,0,0,0,0,0,0,0,0,0,2,Manufacturing,Manufacturing,Goods-Producing Industries,1 - 25%,1,No,Reskilling,500 - 999,100 - 499,Voluntary,1,100 - 199 hours,7 - 12 months,Yes,"$1,001 - $5,000",0,60,Not Selected,Selected,Not Selected,Not Selected,Not Selected,Selected,Selected,Not Selected,Not Selected,Not Selected,Not Selected,76,89,0,1,0,Cluster 1
Transportation and Warehousing,4,1000-2499,Florida,South Atlantic,North America,1,0,0,0,0,0,0,0,0,0,0,1,1,Transportation and Warehousing,"Trade, Transportation, and Utilities",Service-Providing Industries,1 - 25%,0,No,Reskilling,100 - 499,500 - 999,Voluntary,1,100 - 199 hours,2 - 6 months,Yes,"$501 - $1,000",50,35,Not Selected,Not Selected,Not Selected,Not Selected,Not Selected,Selected,Not Selected,Selected,Not Selected,Not Selected,Not Selected,36,54,1,0,0,Cluster 2
Manufacturing,4,1000-2499,California,Pacific,North America,1,0,0,0,0,0,0,0,0,0,0,1,5,Manufacturing,Manufacturing,Goods-Producing Industries,1 - 25%,0,No,Reskilling,100 - 499,500 - 999,Voluntary,0,100 - 199 hours,2 - 6 months,No,"$501 - $1,000",0,100,Not Selected,Selected,Not Selected,Not Selected,Not Selected,Not Selected,Selected,Not Selected,Not Selected,Selected,Not Selected,50,60,1,0,0,Cluster 1
Manufacturing,9,>10k,Arizona,Mountain,North America,1,0,0,0,0,0,0,0,0,0,0,0,3,Manufacturing,Manufacturing,Goods-Producing Industries,51 - 75%,1,Yes,Reskilling,1000 - 9999,10000 - 49999,Mandatory,1,10 - 49 hours,2 - 6 months,Yes,"$1,001 - $5,000",20,40,Selected,Not Selected,Not Selected,Selected,Not Selected,Not Selected,Selected,Not Selected,Selected,Not Selected,Not Selected,76,79,0,1,1,Cluster 2
Retail Trade,4,1000-2499,Florida,South Atlantic,North America,1,1,1,0,0,0,1,0,0,0,1,1,1,Retail Trade,"Trade, Transportation, and Utilities",Service-Providing Industries,51 - 75%,0,Yes,Reskilling,100 - 499,500 - 999,Voluntary,0,100 - 199 hours,7 - 12 months,Yes,"$5,001 - $10,000",0,40,Selected,Selected,Selected,Selected,Selected,Selected,Not Selected,Selected,Selected,Selected,Selected,86,88,1,0,1,Cluster 2
Transportation and Warehousing,4,1000-2499,Texas,West South Central,North America,1,0,0,0,0,0,0,0,0,0,0,0,3,Transportation and Warehousing,"Trade, Transportation, and Utilities",Service-Providing Industries,51 - 75%,1,Yes,Reskilling,100 - 499,500 - 999,Voluntary,0,100 - 199 hours,2 - 6 months,Yes,"$1,001 - $5,000",25,28,Selected,Selected,Not Selected,Selected,Not Selected,Selected,Not Selected,Not Selected,Selected,Selected,Not Selected,81,81,1,0,1,Cluster 2
Management of Companies and Enterprises,2,100-999,New York,Middle Atlantic,North America,1,0,0,0,0,0,0,0,0,0,0,1,5,Management of Companies and Enterprises,Professional and Business Services,Service-Providing Industries,1 - 25%,1,No,Reskilling,100 - 499,100 - 499,Voluntary,1,50 - 99 hours,2 - 6 months,Yes,"$1,001 - $5,000",0,100,Not Selected,Selected,Selected,Selected,Not Selected,Selected,Not Selected,Not Selected,Not Selected,Not Selected,Not Selected,73,85,0,0,0,Cluster 2
Finance and Insurance,7,>10k,South Carolina,South Atlantic,North America,1,1,1,0,0,0,1,1,1,0,3,1,4,Finance and Insurance,Financial Activities,Service-Providing Industries,51 - 75%,1,Yes,Reskilling,500 - 999,1000 - 9999,Voluntary,0,200 - 499 hours,2 - 6 months,Yes,"$1,001 - $5,000",15,25,Not Selected,Not Selected,Not Selected,Selected,Selected,Selected,Not Selected,Selected,Not Selected,Not Selected,Selected,42,70,0,1,1,Cluster 2
Manufacturing,4,1000-2499,Washington,Pacific,North America,1,0,0,0,0,0,0,0,0,0,0,1,3,Manufacturing,Manufacturing,Goods-Producing Industries,51 - 75%,0,Yes,Reskilling,500 - 999,500 - 999,Voluntary,0,100 - 199 hours,2 - 6 months,Yes,"$1,001 - $5,000",10,50,Not Selected,Selected,Selected,Selected,Not Selected,Not Selected,Not Selected,Selected,Not Selected,Not Selected,Selected,92,80,1,0,1,Cluster 2
Administrative and Support and Waste Management and Remediation Services,2,100-999,Maryland,South Atlantic,North America,1,0,0,0,0,0,0,0,0,0,0,0,4,Administrative and Support and Waste Management and Remediation Services,Professional and Business Services,Service-Providing Industries,26 - 50%,0,No,Reskilling,50 - 99,100 - 499,Voluntary,1,100 - 199 hours,7 - 12 months,Yes,"$1,001 - $5,000",0,50,Not Selected,Selected,Not Selected,Selected,Selected,Not Selected,Not Selected,Not Selected,Not Selected,Not Selected,Not Selected,30,40,0,0,0,Cluster 1
Construction,5,2500>9999,Oklahoma,West South Central,North America,1,1,1,0,0,0,1,0,1,0,2,1,3,Construction,Construction,Goods-Producing Industries,26 - 50%,0,No,Reskilling,100 - 499,500 - 999,Mandatory,1,> 500 hours,7 - 12 months,No,"$1,001 - $5,000",22,35,Not Selected,Selected,Not Selected,Selected,Selected,Not Selected,Selected,Selected,Not Selected,Not Selected,Selected,42,31,0,1,0,Cluster 2
Management of Companies and Enterprises,3,100-999,California,Pacific,North America,1,0,0,0,0,0,0,0,0,0,0,1,5,Management of Companies and Enterprises,Professional and Business Services,Service-Providing Industries,26 - 50%,0,No,Reskilling,100 - 499,100 - 499,Mandatory,1,50 - 99 hours,7 - 12 months,Yes,"$501 - $1,000",0,30,Selected,Not Selected,Not Selected,Not Selected,Not Selected,Selected,Selected,Not Selected,Not Selected,Not Selected,Not Selected,90,95,0,0,0,Cluster 1
Health Care and Social Assistance,2,100-999,Alabama,East South Central,North America,1,0,0,0,0,0,0,0,0,0,0,0,1,Health Care and Social Assistance,Education and Health Services,Service-Providing Industries,0%,0,No,Reskilling,50 - 99,50 - 99,Voluntary,0,50 - 99 hours,7 - 12 months,Yes,"$501 - $1,000",0,100,Not Selected,Selected,Not Selected,Not Selected,Not Selected,Selected,Not Selected,Not Selected,Not Selected,Not Selected,Selected,41,42,0,0,0,Cluster 1
"Professional, Scientific, and Technical Services",5,2500>9999,South Carolina,South Atlantic,North America,1,0,0,0,0,0,0,0,0,0,0,0,4,"Professional, Scientific, and Technical Services",Professional and Business Services,Service-Providing Industries,51 - 75%,1,Yes,Reskilling,50 - 99,100 - 499,Mandatory,0,200 - 499 hours,7 - 12 months,Yes,"$501 - $1,000",55,0,Not Selected,Not Selected,Not Selected,Not Selected,Not Selected,Selected,Not Selected,Not Selected,Not Selected,Not Selected,Not Selected,88,83,0,1,1,Cluster 1
Construction,2,100-999,Pennsylvania,Middle Atlantic,North America,1,0,0,0,0,0,0,0,0,0,0,0,1,Construction,Construction,Goods-Producing Industries,0%,0,No,Reskilling,Fewer than 50,50 - 99,Voluntary,1,200 - 499 hours,7 - 12 months,Yes,"$1,001 - $5,000",0,100,Not Selected,Selected,Not Selected,Not Selected,Not Selected,Selected,Selected,Selected,Selected,Not Selected,Not Selected,52,41,0,0,0,Cluster 1
Health Care and Social Assistance,6,2500>9999,New York,Middle Atlantic,North America,1,0,0,0,0,0,0,0,0,0,0,0,1,Health Care and Social Assistance,Education and Health Services,Service-Providing Industries,51 - 75%,0,No,Reskilling,Fewer than 50,50 - 99,Voluntary,1,50 - 99 hours,2 - 6 months,Yes,"$5,001 - $10,000",0,100,Not Selected,Selected,Not Selected,Not Selected,Not Selected,Not Selected,Not Selected,Not Selected,Not Selected,Not Selected,Selected,33,47,0,1,1,Cluster 1
Other Services (except Public Administration),3,100-999,Illinois,East North Central,North America,1,1,1,0,1,1,1,0,1,0,4,1,2,Other Services (except Public Administration),Public Administration and other Services,Service-Providing Industries,1 - 25%,1,No,Reskilling,50 - 99,100 - 499,Voluntary,0,10 - 49 hours,2 - 6 months,Yes,"$501 - $1,000",0,100,Selected,Selected,Not Selected,Selected,Selected,Not Selected,Selected,Selected,Not Selected,Not Selected,Not Selected,13,24,0,0,0,Cluster 1
Manufacturing,5,2500>9999,New Mexico,Mountain,North America,1,0,0,0,0,0,0,0,0,0,0,0,2,Manufacturing,Manufacturing,Goods-Producing Industries,0%,0,No,Reskilling,500 - 999,1000 - 9999,Mandatory,1,100 - 199 hours,2 - 6 months,No,< $500,0,100,Not Selected,Selected,Not Selected,Selected,Not Selected,Selected,Not Selected,Not Selected,Not Selected,Not Selected,Not Selected,75,80,0,1,0,Cluster 2
Finance and Insurance,6,2500>9999,Minnesota,West North Central,North America,1,0,0,0,0,0,0,0,0,0,0,0,5,Finance and Insurance,Financial Activities,Service-Providing Industries,26 - 50%,0,No,Reskilling,500 - 999,1000 - 9999,Voluntary,1,200 - 499 hours,2 - 6 months,Yes,"$1,001 - $5,000",,,Not Selected,Selected,Not Selected,Not Selected,Not Selected,Selected,Not Selected,Not Selected,Not Selected,Not Selected,Not Selected,79,67,0,1,0,Cluster 2
Construction,6,2500>9999,California,Pacific,North America,1,0,0,0,0,0,0,0,0,0,0,1,3,Construction,Construction,Goods-Producing Industries,26 - 50%,1,Yes,Reskilling,100 - 499,1000 - 9999,Voluntary,1,100 - 199 hours,7 - 12 months,Yes,"$5,001 - $10,000",0,50,Not Selected,Selected,Not Selected,Selected,Not Selected,Selected,Selected,Not Selected,Not Selected,Not Selected,Not Selected,93,80,0,1,0,Cluster 2
"Professional, Scientific, and Technical Services",4,1000-2499,New York,Middle Atlantic,North America,1,0,0,0,0,0,0,0,0,0,0,1,3,"Professional, Scientific, and Technical Services",Professional and Business Services,Service-Providing Industries,0%,1,No,Reskilling,100 - 499,500 - 999,Mandatory,0,100 - 199 hours,2 - 6 months,Yes,"$1,001 - $5,000",0,100,Selected,Not Selected,Not Selected,Not Selected,Not Selected,Selected,Not Selected,Not Selected,Not Selected,Not Selected,Not Selected,69,91,1,0,0,Cluster 2
"Professional, Scientific, and Technical Services",4,1000-2499,Ohio,East North Central,North America,1,0,0,0,0,0,0,0,0,0,0,0,5,"Professional, Scientific, and Technical Services",Professional and Business Services,Service-Providing Industries,0%,0,No,Upskilling,Fewer than 50,50 - 99,Mandatory,1,10 - 49 hours,< 1 month,Yes,< $500,0,100,Not Selected,Selected,Not Selected,Not Selected,Not Selected,Selected,Not Selected,Selected,Not Selected,Not Selected,Not Selected,51,44,1,0,0,Cluster 1
"Professional, Scientific, and Technical Services",2,100-999,Massachusetts,New England,North America,1,0,0,0,0,0,0,0,0,0,0,0,5,"Professional, Scientific, and Technical Services",Professional and Business Services,Service-Providing Industries,0%,0,No,Upskilling,Fewer than 50,50 - 99,Voluntary,1,10 - 49 hours,2 - 6 months,No,"$501 - $1,000",0,90,Not Selected,Selected,Not Selected,Selected,Not Selected,Selected,Not Selected,Not Selected,Not Selected,Selected,Not Selected,50,40,0,0,0,Cluster 1
Manufacturing,5,2500>9999,Florida,South Atlantic,North America,1,1,1,0,1,0,0,0,1,0,2,0,3,Manufacturing,Manufacturing,Goods-Producing Industries,1 - 25%,1,Yes,Reskilling,50 - 99,100 - 499,Voluntary,0,10 - 49 hours,2 - 6 months,Yes,< $500,25,25,Selected,Selected,Selected,Selected,Selected,Selected,Selected,Selected,Not Selected,Not Selected,Not Selected,67,28,0,1,0,Cluster 1
Utilities,5,2500>9999,Florida,South Atlantic,North America,1,1,1,0,1,1,1,1,1,1,6,1,3,Utilities,"Trade, Transportation, and Utilities",Goods-Producing Industries,76 - 100%,1,Yes,Reskilling,500 - 999,500 - 999,Mandatory,1,200 - 499 hours,2 - 6 months,Yes,"$5,001 - $10,000",10,15,Selected,Selected,Selected,Selected,Selected,Selected,Selected,Selected,Selected,Selected,Selected,100,79,0,1,1,Cluster 2
Finance and Insurance,4,1000-2499,Florida,South Atlantic,North America,1,0,0,0,0,0,0,0,0,0,0,1,3,Finance and Insurance,Financial Activities,Service-Providing Industries,1 - 25%,1,Yes,Reskilling,50 - 99,100 - 499,Mandatory,0,50 - 99 hours, > 12 months,Yes,"$1,001 - $5,000",22,23,Not Selected,Selected,Not Selected,Not Selected,Not Selected,Selected,Not Selected,Not Selected,Not Selected,Not Selected,Not Selected,45,70,1,0,0,Cluster 1
Retail Trade,3,100-999,Washington,Pacific,North America,1,0,0,0,0,0,0,0,0,0,0,1,1,Retail Trade,"Trade, Transportation, and Utilities",Service-Providing Industries,0%,0,Yes,Reskilling,100 - 499,500 - 999,Voluntary,1,50 - 99 hours,2 - 6 months,Yes,"$501 - $1,000",0,100,Not Selected,Selected,Not Selected,Not Selected,Not Selected,Not Selected,Selected,Selected,Not Selected,Not Selected,Selected,77,65,0,0,0,Cluster 1
Other Services (except Public Administration),8,>10k,New York,Middle Atlantic,North America,1,1,1,0,1,1,1,0,1,0,4,1,6,Other Services (except Public Administration),Public Administration and other Services,Service-Providing Industries,0%,1,No,Reskilling,Fewer than 50,Fewer than 50,Voluntary,0,100 - 199 hours,2 - 6 months,Yes,"$501 - $1,000",0,100,Not Selected,Selected,Not Selected,Selected,Selected,Not Selected,Not Selected,Not Selected,Not Selected,Not Selected,Not Selected,20,20,0,1,0,Cluster 1
"Professional, Scientific, and Technical Services",2,100-999,Florida,South Atlantic,North America,1,0,0,0,0,0,0,0,0,0,0,0,2,"Professional, Scientific, and Technical Services",Professional and Business Services,Service-Providing Industries,0%,0,No,Reskilling,Fewer than 50,Fewer than 50,Voluntary,1,100 - 199 hours,7 - 12 months,Yes,"$501 - $1,000",0,100,Not Selected,Selected,Not Selected,Not Selected,Selected,Not Selected,Selected,Not Selected,Not Selected,Not Selected,Not Selected,25,20,0,0,0,Cluster 1
Other Services (except Public Administration),8,>10k,District of Columbia,South Atlantic,Europe,0,1,0,1,1,1,1,0,1,1,5,0,1,Other Services (except Public Administration),Public Administration and other Services,Service-Providing Industries,0%,1,No,Upskilling,50 - 99,50 - 99,Voluntary,1,10 - 49 hours,2 - 6 months,No,< $500,0,100,Not Selected,Selected,Not Selected,Not Selected,Selected,Selected,Selected,Selected,Not Selected,Selected,Selected,90,86,0,1,0,Cluster 1
Finance and Insurance,3,100-999,Michigan,East North Central,North America,1,1,1,0,0,0,0,0,1,0,1,0,1,Finance and Insurance,Financial Activities,Service-Providing Industries,0%,0,No,Reskilling,Fewer than 50,50 - 99,Voluntary,1,100 - 199 hours,7 - 12 months,Yes,"$1,001 - $5,000",40,60,Not Selected,Selected,Not Selected,Selected,Not Selected,Not Selected,Not Selected,Not Selected,Not Selected,Not Selected,Not Selected,30,38,0,0,0,Cluster 1
"Professional, Scientific, and Technical Services",3,100-999,Pennsylvania,Middle Atlantic,North America,1,0,0,0,0,0,0,0,0,0,0,0,6,"Professional, Scientific, and Technical Services",Professional and Business Services,Service-Providing Industries,0%,0,No,Upskilling,50 - 99,100 - 499,Voluntary,1,10 - 49 hours,2 - 6 months,Yes,< $500,0,100,Not Selected,Selected,Not Selected,Not Selected,Not Selected,Selected,Not Selected,Not Selected,Not Selected,Not Selected,Not Selected,60,60,0,0,0,Cluster 1
Other Services (except Public Administration),5,2500>9999,Arkansas,West South Central,North America,1,0,0,0,0,0,0,0,0,0,0,0,3,Other Services (except Public Administration),Public Administration and other Services,Service-Providing Industries,1 - 25%,1,Yes,Reskilling,50 - 99,50 - 99,Voluntary,0,10 - 49 hours,2 - 6 months,Yes,"$501 - $1,000",25,75,Not Selected,Selected,Not Selected,Selected,Not Selected,Not Selected,Selected,Not Selected,Not Selected,Not Selected,Not Selected,56,25,0,1,0,Cluster 1
Educational Services,7,>10k,Louisiana,West South Central,North America,1,0,0,0,0,0,0,0,0,0,0,0,2,Educational Services,Education and Health Services,Service-Providing Industries,26 - 50%,0,Yes,Reskilling,Fewer than 50,Fewer than 50,Voluntary,1,200 - 499 hours, > 12 months,Yes,"$5,001 - $10,000",30,20,Not Selected,Selected,Not Selected,Not Selected,Selected,Not Selected,Not Selected,Not Selected,Not Selected,Not Selected,Selected,40,30,0,1,0,Cluster 1
Retail Trade,6,2500>9999,Ohio,East North Central,North America,1,0,0,0,0,0,0,0,0,0,0,0,5,Retail Trade,"Trade, Transportation, and Utilities",Service-Providing Industries,0%,1,No,Reskilling,1000 - 9999,1000 - 9999,Mandatory,1,100 - 199 hours, > 12 months,Yes,"$1,001 - $5,000",0,100,Not Selected,Selected,Not Selected,Not Selected,Selected,Not Selected,Selected,Selected,Not Selected,Not Selected,Selected,40,75,0,1,0,Cluster 2
Utilities,3,100-999,Montana,Mountain,North America,1,0,0,0,0,0,0,0,0,0,0,0,3,Utilities,"Trade, Transportation, and Utilities",Goods-Producing Industries,1 - 25%,0,Yes,Reskilling,50 - 99,Fewer than 50,Mandatory,1,10 - 49 hours,2 - 6 months,Yes,< $500,30,65,Not Selected,Not Selected,Not Selected,Not Selected,Not Selected,Not Selected,Selected,Selected,Not Selected,Not Selected,Not Selected,24,14,0,0,0,Cluster 1
Information,4,1000-2499,Oklahoma,West South Central,North America,1,0,0,0,0,0,0,0,0,0,0,0,3,Information,Information,Service-Providing Industries,26 - 50%,0,No,Reskilling,100 - 499,500 - 999,Voluntary,1,200 - 499 hours,2 - 6 months,Yes,"$1,001 - $5,000",0,100,Not Selected,Selected,Not Selected,Not Selected,Selected,Not Selected,Selected,Not Selected,Not Selected,Not Selected,Selected,91,76,1,0,0,Cluster 2
Finance and Insurance,6,2500>9999,Florida,South Atlantic,North America,1,1,1,0,1,0,1,0,1,0,3,0,1,Finance and Insurance,Financial Activities,Service-Providing Industries,1 - 25%,0,Yes,Reskilling,100 - 499,100 - 499,Voluntary,1,10 - 49 hours,7 - 12 months,Yes,"> $10,000",20,40,Not Selected,Selected,Not Selected,Selected,Not Selected,Selected,Not Selected,Selected,Not Selected,Selected,Not Selected,40,35,0,1,0,Cluster 2
Health Care and Social Assistance,5,2500>9999,Texas,West South Central,North America,1,0,0,0,0,0,0,0,0,0,0,0,3,Health Care and Social Assistance,Education and Health Services,Service-Providing Industries,0%,0,Yes,Reskilling,50 - 99,100 - 499,Mandatory,1,50 - 99 hours,7 - 12 months,Yes,< $500,0,75,Not Selected,Selected,Not Selected,Selected,Selected,Not Selected,Not Selected,Not Selected,Not Selected,Not Selected,Selected,58,51,0,1,0,Cluster 1
Transportation and Warehousing,2,100-999,Oregon,Pacific,North America,1,0,0,0,0,0,0,0,0,0,0,0,5,Transportation and Warehousing,"Trade, Transportation, and Utilities",Service-Providing Industries,51 - 75%,0,Yes,Reskilling,50 - 99,50 - 99,Mandatory,1,200 - 499 hours,7 - 12 months,Yes,"$501 - $1,000",0,80,Selected,Not Selected,Not Selected,Not Selected,Selected,Selected,Not Selected,Not Selected,Not Selected,Selected,Selected,70,82,0,0,1,Cluster 2
"Professional, Scientific, and Technical Services",6,2500>9999,Tennessee,East South Central,North America,1,1,1,0,1,0,1,0,1,0,3,0,3,"Professional, Scientific, and Technical Services",Professional and Business Services,Service-Providing Industries,0%,1,No,Reskilling,100 - 499,500 - 999,Voluntary,1,200 - 499 hours, > 12 months,Yes,"$1,001 - $5,000",0,100,Not Selected,Selected,Not Selected,Not Selected,Not Selected,Selected,Not Selected,Not Selected,Not Selected,Not Selected,Not Selected,100,30,0,1,0,Cluster 2
Retail Trade,5,2500>9999,Connecticut,New England,North America,1,0,0,0,0,0,0,0,0,0,0,0,5,Retail Trade,"Trade, Transportation, and Utilities",Service-Providing Industries,0%,0,No,Reskilling,100 - 499,500 - 999,Voluntary,1,200 - 499 hours,7 - 12 months,Yes,"$1,001 - $5,000",0,100,Not Selected,Selected,Not Selected,Not Selected,Not Selected,Selected,Not Selected,Not Selected,Not Selected,Not Selected,Not Selected,29,32,0,1,0,Cluster 2
Health Care and Social Assistance,2,100-999,Illinois,East North Central,North America,1,0,0,0,0,0,0,0,0,0,0,0,4,Health Care and Social Assistance,Education and Health Services,Service-Providing Industries,0%,0,No,Upskilling,50 - 99,100 - 499,Mandatory,1,50 - 99 hours,< 1 month,No,< $500,,,Not Selected,Selected,Not Selected,Not Selected,Not Selected,Not Selected,Selected,Not Selected,Not Selected,Not Selected,Selected,64,36,0,0,0,Cluster 1
Manufacturing,5,2500>9999,Iowa,West North Central,North America,1,0,0,0,0,0,0,0,0,0,0,0,1,Manufacturing,Manufacturing,Goods-Producing Industries,0%,1,No,Reskilling,100 - 499,500 - 999,Voluntary,0,100 - 199 hours,2 - 6 months,Yes,"$501 - $1,000",0,100,Not Selected,Not Selected,Not Selected,Not Selected,Selected,Not Selected,Not Selected,Selected,Not Selected,Not Selected,Not Selected,35,32,0,1,0,Cluster 2
"Professional, Scientific, and Technical Services",4,1000-2499,New York,Middle Atlantic,North America,1,0,0,0,0,0,0,0,0,0,0,0,4,"Professional, Scientific, and Technical Services",Professional and Business Services,Service-Providing Industries,26 - 50%,1,No,Reskilling,1000 - 9999,1000 - 9999,Mandatory,1,50 - 99 hours, > 12 months,Yes,"$501 - $1,000",0,100,Selected,Selected,Selected,Selected,Selected,Selected,Selected,Selected,Selected,Selected,Selected,100,100,1,0,0,Cluster 2
"Professional, Scientific, and Technical Services",5,2500>9999,Texas,West South Central,North America,1,0,0,0,0,0,0,0,0,0,0,0,1,"Professional, Scientific, and Technical Services",Professional and Business Services,Service-Providing Industries,0%,0,No,Reskilling,50 - 99,100 - 499,Voluntary,0,50 - 99 hours,2 - 6 months,Yes,"$1,001 - $5,000",0,100,Not Selected,Selected,Not Selected,Not Selected,Selected,Selected,Not Selected,Not Selected,Not Selected,Not Selected,Not Selected,44,39,0,1,0,Cluster 1
Real Estate and Rental and Leasing,7,>10k,Georgia,South Atlantic,North America,1,0,0,0,0,0,0,0,0,0,0,0,3,Real Estate and Rental and Leasing,Financial Activities,Service-Providing Industries,0%,0,No,Reskilling,100 - 499,500 - 999,Voluntary,1,50 - 99 hours,2 - 6 months,Yes,< $500,0,100,Not Selected,Selected,Not Selected,Not Selected,Selected,Not Selected,Not Selected,Selected,Not Selected,Not Selected,Not Selected,80,49,0,1,0,Cluster 1
Information,3,100-999,New York,Middle Atlantic,North America,1,0,0,0,0,0,0,0,0,0,0,0,1,Information,Information,Service-Providing Industries,0%,0,Yes,Reskilling,100 - 499,500 - 999,Mandatory,1,50 - 99 hours,2 - 6 months,No,"$501 - $1,000",10,40,Not Selected,Selected,Not Selected,Selected,Not Selected,Selected,Not Selected,Not Selected,Not Selected,Not Selected,Not Selected,50,60,0,0,0,Cluster 1
Construction,3,100-999,Michigan,East North Central,North America,1,0,0,0,0,0,0,0,0,0,0,0,2,Construction,Construction,Goods-Producing Industries,0%,1,Yes,Reskilling,50 - 99,100 - 499,Mandatory,1,< 10 hours,2 - 6 months,Yes,"$1,001 - $5,000",20,20,Selected,Not Selected,Not Selected,Selected,Not Selected,Not Selected,Not Selected,Not Selected,Not Selected,Not Selected,Not Selected,78,80,0,0,0,Cluster 2
Transportation and Warehousing,4,1000-2499,Ohio,East North Central,North America,1,1,1,0,0,0,1,1,0,0,2,1,3,Transportation and Warehousing,"Trade, Transportation, and Utilities",Service-Providing Industries,1 - 25%,0,No,Reskilling,100 - 499,100 - 499,Mandatory,1,10 - 49 hours,2 - 6 months,Yes,"$1,001 - $5,000",0,100,Not Selected,Selected,Not Selected,Not Selected,Not Selected,Not Selected,Selected,Not Selected,Not Selected,Not Selected,Not Selected,25,75,1,0,0,Cluster 1
"Professional, Scientific, and Technical Services",4,1000-2499,Georgia,South Atlantic,North America,1,0,0,0,0,0,0,0,0,0,0,0,6,"Professional, Scientific, and Technical Services",Professional and Business Services,Service-Providing Industries,0%,0,I don't know,Reskilling,100 - 499,500 - 999,Mandatory,0,50 - 99 hours,2 - 6 months,Yes,< $500,0,100,Not Selected,Selected,Not Selected,Not Selected,Selected,Selected,Selected,Selected,Selected,Selected,Selected,50,52,1,0,0,Cluster 2
Manufacturing,4,1000-2499,New Jersey,Middle Atlantic,North America,1,0,0,0,0,0,0,0,0,0,0,1,1,Manufacturing,Manufacturing,Goods-Producing Industries,76 - 100%,0,Yes,Reskilling,100 - 499,500 - 999,Mandatory,1,50 - 99 hours,2 - 6 months,Yes,"$501 - $1,000",0,60,Not Selected,Selected,Not Selected,Not Selected,Not Selected,Selected,Selected,Selected,Not Selected,Selected,Not Selected,50,49,1,0,1,Cluster 1
Construction,3,100-999,California,Pacific,North America,1,0,0,0,0,0,0,0,0,0,0,0,5,Construction,Construction,Goods-Producing Industries,1 - 25%,1,Yes,Reskilling,Fewer than 50,500 - 999,Voluntary,1,< 10 hours,< 1 month,Yes,"$1,001 - $5,000",25,25,Selected,Not Selected,Selected,Selected,Selected,Selected,Selected,Not Selected,Not Selected,Selected,Selected,90,84,0,0,0,Cluster 2
Health Care and Social Assistance,5,2500>9999,Tennessee,East South Central,North America,1,0,0,0,0,0,0,0,0,0,0,0,1,Health Care and Social Assistance,Education and Health Services,Service-Providing Industries,26 - 50%,1,Yes,Upskilling,50 - 99,100 - 499,Voluntary,1,> 500 hours,2 - 6 months,Yes,"$501 - $1,000",0,100,Not Selected,Not Selected,Not Selected,Not Selected,Selected,Not Selected,Not Selected,Not Selected,Not Selected,Not Selected,Not Selected,62,41,0,1,0,Cluster 1
Information,7,>10k,Illinois,East North Central,North America,1,1,1,0,0,0,1,0,1,0,2,1,1,Information,Information,Service-Providing Industries,0%,1,No,Upskilling,100 - 499,500 - 999,Voluntary,1,10 - 49 hours,2 - 6 months,No,"$501 - $1,000",0,100,Not Selected,Selected,Not Selected,Selected,Selected,Not Selected,Not Selected,Selected,Not Selected,Not Selected,Not Selected,13,25,0,1,0,Cluster 1
Finance and Insurance,4,1000-2499,New York,Middle Atlantic,North America,1,1,1,0,0,0,1,1,1,0,3,1,3,Finance and Insurance,Financial Activities,Service-Providing Industries,1 - 25%,1,Yes,Reskilling,50 - 99,100 - 499,Mandatory,0,100 - 199 hours,7 - 12 months,Yes,"$501 - $1,000",20,20,Selected,Selected,Not Selected,Not Selected,Not Selected,Selected,Not Selected,Not Selected,Not Selected,Selected,Not Selected,30,80,1,0,0,Cluster 2
Construction,6,2500>9999,New Jersey,Middle Atlantic,North America,1,0,0,0,0,0,0,0,0,0,0,0,1,Construction,Construction,Goods-Producing Industries,51 - 75%,1,Yes,Reskilling,100 - 499,50 - 99,Mandatory,1,200 - 499 hours,7 - 12 months,Yes,"$501 - $1,000",15,15,Not Selected,Selected,Not Selected,Not Selected,Selected,Selected,Selected,Selected,Not Selected,Selected,Selected,81,30,0,1,1,Cluster 2
Manufacturing,6,2500>9999,New York,Middle Atlantic,North America,1,0,0,0,0,0,0,0,0,0,0,0,4,Manufacturing,Manufacturing,Goods-Producing Industries,51 - 75%,1,Yes,Reskilling,100 - 499,100 - 499,Voluntary,0,50 - 99 hours,2 - 6 months,Yes,"$1,001 - $5,000",25,30,Not Selected,Selected,Not Selected,Selected,Not Selected,Not Selected,Selected,Not Selected,Selected,Not Selected,Not Selected,85,91,0,1,1,Cluster 2
"Professional, Scientific, and Technical Services",2,100-999,Ohio,East North Central,North America,1,0,0,0,0,0,0,0,0,0,0,0,2,"Professional, Scientific, and Technical Services",Professional and Business Services,Service-Providing Industries,0%,0,No,Reskilling,Fewer than 50,Fewer than 50,Voluntary,0,100 - 199 hours,7 - 12 months,Yes,< $500,0,100,Not Selected,Selected,Not Selected,Not Selected,Selected,Not Selected,Not Selected,Selected,Not Selected,Selected,Not Selected,35,15,0,0,0,Cluster 1
Finance and Insurance,4,1000-2499,Georgia,South Atlantic,North America,1,0,0,0,0,0,0,0,0,0,0,0,1,Finance and Insurance,Financial Activities,Service-Providing Industries,26 - 50%,1,No,Reskilling,50 - 99,100 - 499,Voluntary,1,50 - 99 hours,2 - 6 months,No,"$501 - $1,000",30,10,Selected,Selected,Not Selected,Not Selected,Not Selected,Selected,Not Selected,Selected,Not Selected,Selected,Not Selected,60,45,1,0,0,Cluster 1
Information,2,100-999,Oklahoma,West South Central,North America,1,0,0,0,0,0,0,0,0,0,0,0,3,Information,Information,Service-Providing Industries,0%,1,No,Reskilling,50 - 99,Fewer than 50,Voluntary,1,50 - 99 hours,7 - 12 months,Yes,"$1,001 - $5,000",25,75,Not Selected,Selected,Not Selected,Not Selected,Not Selected,Selected,Selected,Not Selected,Selected,Not Selected,Not Selected,38,16,0,0,0,Cluster 1
Manufacturing,4,1000-2499,New York,Middle Atlantic,North America,1,1,1,0,0,0,1,1,1,1,4,1,3,Manufacturing,Manufacturing,Goods-Producing Industries,51 - 75%,1,Yes,Reskilling,100 - 499,500 - 999,Mandatory,1,200 - 499 hours,2 - 6 months,Yes,"$5,001 - $10,000",20,30,Selected,Not Selected,Not Selected,Not Selected,Not Selected,Selected,Selected,Selected,Not Selected,Selected,Selected,53,81,1,0,1,Cluster 2
Real Estate and Rental and Leasing,4,1000-2499,California,Pacific,North America,1,1,1,0,0,1,1,1,1,0,4,1,1,Real Estate and Rental and Leasing,Financial Activities,Service-Providing Industries,1 - 25%,0,No,Reskilling,500 - 999,1000 - 9999,Voluntary,1,100 - 199 hours,7 - 12 months,No,< $500,0,100,Not Selected,Selected,Not Selected,Not Selected,Not Selected,Selected,Not Selected,Not Selected,Not Selected,Not Selected,Not Selected,56,33,1,0,0,Cluster 2
Health Care and Social Assistance,3,100-999,Texas,West South Central,North America,1,0,0,0,0,0,0,0,0,0,0,0,5,Health Care and Social Assistance,Education and Health Services,Service-Providing Industries,0%,0,No,Reskilling,50 - 99,100 - 499,Voluntary,1,50 - 99 hours,7 - 12 months,Yes,"$501 - $1,000",0,100,Not Selected,Selected,Not Selected,Not Selected,Selected,Not Selected,Not Selected,Selected,Not Selected,Not Selected,Selected,25,53,0,0,0,Cluster 1
Manufacturing,4,1000-2499,New York,Middle Atlantic,North America,1,1,1,0,1,0,1,1,1,0,4,1,3,Manufacturing,Manufacturing,Goods-Producing Industries,51 - 75%,0,Yes,Reskilling,1000 - 9999,1000 - 9999,Voluntary,1,100 - 199 hours,7 - 12 months,Yes,"$5,001 - $10,000",30,30,Selected,Not Selected,Not Selected,Selected,Not Selected,Selected,Not Selected,Selected,Not Selected,Selected,Not Selected,54,80,1,0,1,Cluster 2
Management of Companies and Enterprises,7,>10k,California,Pacific,North America,1,0,0,0,0,0,0,0,0,0,0,1,5,Management of Companies and Enterprises,Professional and Business Services,Service-Providing Industries,51 - 75%,1,No,Reskilling,Fewer than 50,Fewer than 50,Mandatory,1,10 - 49 hours,< 1 month,Yes,"$501 - $1,000",60,15,Not Selected,Selected,Not Selected,Not Selected,Not Selected,Not Selected,Not Selected,Selected,Not Selected,Selected,Not Selected,66,46,0,1,1,Cluster 1
Information,5,2500>9999,California,Pacific,North America,1,1,1,0,0,0,1,0,1,0,2,1,4,Information,Information,Service-Providing Industries,1 - 25%,1,No,Reskilling,50 - 99,50 - 99,Voluntary,1,10 - 49 hours,2 - 6 months,Yes,"$501 - $1,000",0,80,Not Selected,Selected,Not Selected,Not Selected,Selected,Not Selected,Not Selected,Selected,Not Selected,Selected,Selected,33,36,0,1,0,Cluster 1
Retail Trade,7,>10k,Tennessee,East South Central,North America,1,1,1,0,0,1,1,1,1,0,4,1,1,Retail Trade,"Trade, Transportation, and Utilities",Service-Providing Industries,26 - 50%,1,No,Reskilling,1000 - 9999,100 - 499,Voluntary,0,100 - 199 hours, > 12 months,Yes,"$1,001 - $5,000",0,100,Not Selected,Not Selected,Not Selected,Not Selected,Selected,Not Selected,Not Selected,Selected,Not Selected,Selected,Not Selected,88,100,0,1,0,Cluster 2
Health Care and Social Assistance,2,100-999,Alabama,East South Central,North America,1,0,0,0,0,0,0,0,0,0,0,0,3,Health Care and Social Assistance,Education and Health Services,Service-Providing Industries,0%,0,No,Upskilling,Fewer than 50,50 - 99,Voluntary,1,200 - 499 hours,7 - 12 months,Yes,"$501 - $1,000",0,100,Not Selected,Selected,Not Selected,Not Selected,Selected,Not Selected,Not Selected,Selected,Not Selected,Not Selected,Selected,41,34,0,0,0,Cluster 1
Real Estate and Rental and Leasing,4,1000-2499,California,Pacific,North America,1,1,1,0,1,0,0,0,1,0,2,1,3,Real Estate and Rental and Leasing,Financial Activities,Service-Providing Industries,51 - 75%,0,No,Reskilling,1000 - 9999,1000 - 9999,Mandatory,1,200 - 499 hours,7 - 12 months,Yes,"$1,001 - $5,000",15,45,Not Selected,Selected,Not Selected,Selected,Selected,Selected,Not Selected,Not Selected,Not Selected,Not Selected,Not Selected,80,90,1,0,1,Cluster 2
Information,3,100-999,Michigan,East North Central,North America,1,0,0,0,0,0,0,0,0,0,0,1,5,Information,Information,Service-Providing Industries,26 - 50%,0,No,Reskilling,50 - 99,100 - 499,Voluntary,0,> 500 hours,2 - 6 months,Yes,"$501 - $1,000",15,45,Selected,Selected,Selected,Selected,Selected,Selected,Selected,Selected,Selected,Selected,Selected,31,55,0,0,0,Cluster 1
"Professional, Scientific, and Technical Services",4,1000-2499,Texas,West South Central,North America,1,0,0,0,0,0,0,0,0,0,0,0,5,"Professional, Scientific, and Technical Services",Professional and Business Services,Service-Providing Industries,0%,0,No,Reskilling,Fewer than 50,50 - 99,Voluntary,0,200 - 499 hours,7 - 12 months,Yes,"$5,001 - $10,000",0,100,Not Selected,Selected,Not Selected,Not Selected,Not Selected,Selected,Not Selected,Not Selected,Not Selected,Not Selected,Not Selected,30,15,1,0,0,Cluster 1
Educational Services,2,100-999,California,Pacific,North America,1,0,0,0,0,0,0,0,0,0,0,0,3,Educational Services,Education and Health Services,Service-Providing Industries,0%,0,No,Reskilling,Fewer than 50,100 - 499,Mandatory,1,50 - 99 hours,2 - 6 months,No,"$501 - $1,000",0,100,Not Selected,Selected,Not Selected,Not Selected,Selected,Selected,Not Selected,Selected,Not Selected,Not Selected,Not Selected,20,60,0,0,0,Cluster 2
Finance and Insurance,5,2500>9999,Louisiana,West South Central,North America,1,0,0,0,0,0,0,0,0,0,0,0,1,Finance and Insurance,Financial Activities,Service-Providing Industries,0%,0,No,Reskilling,50 - 99,50 - 99,Voluntary,1,10 - 49 hours,7 - 12 months,Yes,< $500,0,100,Not Selected,Selected,Not Selected,Not Selected,Not Selected,Not Selected,Not Selected,Selected,Not Selected,Not Selected,Selected,86,48,0,1,0,Cluster 1
Manufacturing,3,100-999,Louisiana,West South Central,North America,1,0,0,0,0,0,0,0,0,0,0,1,1,Manufacturing,Manufacturing,Goods-Producing Industries,1 - 25%,1,Yes,Reskilling,100 - 499,100 - 499,Mandatory,1,10 - 49 hours,2 - 6 months,Yes,"$501 - $1,000",10,40,Not Selected,Selected,Not Selected,Selected,Not Selected,Not Selected,Selected,Not Selected,Not Selected,Selected,Selected,34,58,0,0,0,Cluster 1
Retail Trade,2,100-999,Tennessee,East South Central,North America,1,0,0,0,0,0,0,0,0,0,0,0,1,Retail Trade,"Trade, Transportation, and Utilities",Service-Providing Industries,1 - 25%,0,No,Reskilling,100 - 499,100 - 499,Voluntary,0,50 - 99 hours,7 - 12 months,No,"$1,001 - $5,000",0,100,Not Selected,Selected,Not Selected,Not Selected,Not Selected,Selected,Selected,Not Selected,Not Selected,Not Selected,Not Selected,38,43,0,0,0,Cluster 1
Retail Trade,7,>10k,Texas,West South Central,North America,1,0,0,0,0,0,0,0,0,0,0,0,2,Retail Trade,"Trade, Transportation, and Utilities",Service-Providing Industries,0%,1,No,Reskilling,50 - 99,50 - 99,Voluntary,0,200 - 499 hours,2 - 6 months,Yes,"$1,001 - $5,000",5,95,Not Selected,Not Selected,Not Selected,Not Selected,Selected,Not Selected,Not Selected,Selected,Not Selected,Not Selected,Not Selected,39,26,0,1,0,Cluster 2
"Mining, Quarrying, and Oil and Gas Extraction",7,>10k,Texas,West South Central,North America,1,1,1,0,1,0,1,0,0,0,2,0,1,"Mining, Quarrying, and Oil and Gas Extraction",Natural Resources and Mining,Goods-Producing Industries,26 - 50%,1,No,Reskilling,Fewer than 50,Fewer than 50,Mandatory,1,10 - 49 hours, > 12 months,Yes,"$501 - $1,000",0,100,Not Selected,Selected,Not Selected,Not Selected,Selected,Not Selected,Selected,Not Selected,Not Selected,Selected,Not Selected,58,42,0,1,0,Cluster 1
"Professional, Scientific, and Technical Services",6,2500>9999,Maryland,South Atlantic,North America,1,0,0,0,0,0,0,0,0,0,0,0,1,"Professional, Scientific, and Technical Services",Professional and Business Services,Service-Providing Industries,0%,1,No,Reskilling,100 - 499,500 - 999,Voluntary,0,100 - 199 hours,7 - 12 months,Yes,"$1,001 - $5,000",0,100,Not Selected,Not Selected,Not Selected,Selected,Selected,Not Selected,Not Selected,Not Selected,Not Selected,Selected,Not Selected,72,65,0,1,0,Cluster 2
Accommodation and Food Services,2,100-999,Florida,South Atlantic,North America,1,0,0,0,0,0,0,0,0,0,0,0,5,Accommodation and Food Services,Leisure and Hospitality,Service-Providing Industries,0%,1,I don't know,Reskilling,100 - 499,100 - 499,Voluntary,1,10 - 49 hours,2 - 6 months,Yes,< $500,0,100,Not Selected,Selected,Not Selected,Selected,Selected,Not Selected,Selected,Selected,Not Selected,Selected,Selected,100,95,0,0,0,Cluster 2
"Agriculture, Forestry, Fishing and Hunting",3,100-999,California,Pacific,North America,1,1,1,0,0,0,1,0,0,0,1,1,5,"Agriculture, Forestry, Fishing and Hunting",Natural Resources and Mining,Goods-Producing Industries,51 - 75%,1,Yes,Reskilling,100 - 499,100 - 499,Voluntary,1,100 - 199 hours,2 - 6 months,Yes,"$501 - $1,000",45,30,Not Selected,Selected,Not Selected,Not Selected,Selected,Selected,Selected,Not Selected,Not Selected,Selected,Not Selected,92,78,0,0,1,Cluster 1
"Professional, Scientific, and Technical Services",4,1000-2499,Virginia,South Atlantic,North America,1,0,0,0,0,0,0,0,0,0,0,0,3,"Professional, Scientific, and Technical Services",Professional and Business Services,Service-Providing Industries,0%,0,No,Reskilling,100 - 499,1000 - 9999,Mandatory,1,100 - 199 hours,2 - 6 months,Yes,"$501 - $1,000",0,100,Not Selected,Not Selected,Not Selected,Not Selected,Not Selected,Selected,Selected,Not Selected,Not Selected,Not Selected,Not Selected,74,100,1,0,0,Cluster 2
Retail Trade,7,>10k,California,Pacific,North America,1,0,0,0,0,0,0,0,0,0,0,1,1,Retail Trade,"Trade, Transportation, and Utilities",Service-Providing Industries,1 - 25%,1,No,Reskilling,1000 - 9999,1000 - 9999,Mandatory,1,200 - 499 hours, > 12 months,Yes,"$1,001 - $5,000",0,100,Not Selected,Selected,Not Selected,Not Selected,Not Selected,Not Selected,Not Selected,Not Selected,Not Selected,Selected,Not Selected,90,90,0,1,0,Cluster 2
Construction,6,2500>9999,California,Pacific,North America,1,1,1,0,0,0,1,1,1,0,3,1,3,Construction,Construction,Goods-Producing Industries,51 - 75%,1,Yes,Reskilling,500 - 999,1000 - 9999,Voluntary,0,200 - 499 hours,7 - 12 months,Yes,"$1,001 - $5,000",20,30,Not Selected,Not Selected,Not Selected,Selected,Not Selected,Not Selected,Not Selected,Not Selected,Not Selected,Not Selected,Not Selected,64,82,0,1,1,Cluster 2
Manufacturing,2,100-999,California,Pacific,North America,1,0,0,0,0,0,0,0,0,0,0,1,5,Manufacturing,Manufacturing,Goods-Producing Industries,0%,0,No,Reskilling,Fewer than 50,Fewer than 50,Voluntary,0,50 - 99 hours,2 - 6 months,Yes,"$1,001 - $5,000",0,30,Not Selected,Selected,Not Selected,Not Selected,Not Selected,Selected,Selected,Not Selected,Not Selected,Not Selected,Not Selected,39,27,0,0,0,Cluster 1
Health Care and Social Assistance,7,>10k,Delaware,South Atlantic,North America,1,1,1,0,1,0,0,0,0,0,1,0,3,Health Care and Social Assistance,Education and Health Services,Service-Providing Industries,0%,0,No,Reskilling,500 - 999,10000 - 49999,Mandatory,1,> 500 hours,7 - 12 months,Yes,< $500,0,100,Not Selected,Selected,Selected,Selected,Selected,Selected,Selected,Selected,Selected,Selected,Not Selected,99,97,0,1,0,Cluster 2
Other Services (except Public Administration),3,100-999,Pennsylvania,Middle Atlantic,North America,1,0,0,0,0,0,0,0,0,0,0,0,2,Other Services (except Public Administration),Public Administration and other Services,Service-Providing Industries,0%,0,No,Reskilling,100 - 499,100 - 499,Voluntary,1,50 - 99 hours,7 - 12 months,Yes,"$501 - $1,000",0,100,Not Selected,Selected,Not Selected,Selected,Not Selected,Selected,Not Selected,Selected,Not Selected,Selected,Selected,100,75,0,0,0,Cluster 2
Finance and Insurance,6,2500>9999,New Jersey,Middle Atlantic,Europe,0,1,0,1,1,0,1,1,1,0,4,0,1,Finance and Insurance,Financial Activities,Service-Providing Industries,0%,1,No,Reskilling,Fewer than 50,Fewer than 50,Voluntary,0,50 - 99 hours,7 - 12 months,Yes,"$5,001 - $10,000",0,100,Not Selected,Selected,Not Selected,Selected,Not Selected,Not Selected,Not Selected,Not Selected,Not Selected,Not Selected,Not Selected,15,50,0,1,0,Cluster 1
Manufacturing,6,2500>9999,California,Pacific,North America,1,1,1,0,0,0,0,1,1,0,2,1,2,Manufacturing,Manufacturing,Goods-Producing Industries,1 - 25%,0,I don't know,Upskilling,100 - 499,100 - 499,Mandatory,1,10 - 49 hours,2 - 6 months,Yes,"$1,001 - $5,000",,,Not Selected,Not Selected,Not Selected,Not Selected,Not Selected,Not Selected,Selected,Not Selected,Not Selected,Not Selected,Not Selected,30,30,0,1,0,Cluster 1
Health Care and Social Assistance,2,100-999,Georgia,South Atlantic,North America,1,0,0,0,0,0,0,0,0,0,0,0,2,Health Care and Social Assistance,Education and Health Services,Service-Providing Industries,0%,0,No,Reskilling,Fewer than 50,50 - 99,Mandatory,1,< 10 hours,2 - 6 months,Yes,< $500,0,100,Not Selected,Selected,Not Selected,Selected,Not Selected,Selected,Selected,Selected,Not Selected,Selected,Selected,38,63,0,0,0,Cluster 1
Administrative and Support and Waste Management and Remediation Services,9,>10k,Pennsylvania,Middle Atlantic,North America,1,0,0,0,0,0,0,0,0,0,0,0,3,Administrative and Support and Waste Management and Remediation Services,Professional and Business Services,Service-Providing Industries,76 - 100%,0,No,Reskilling,50000 - 99999,10000 - 49999,Voluntary,0,100 - 199 hours,7 - 12 months,Yes,"$5,001 - $10,000",30,20,Not Selected,Not Selected,Not Selected,Selected,Not Selected,Not Selected,Not Selected,Not Selected,Not Selected,Selected,Not Selected,70,96,0,1,1,Cluster 2
Management of Companies and Enterprises,6,2500>9999,South Carolina,South Atlantic,North America,1,0,0,0,0,0,0,0,0,0,0,0,3,Management of Companies and Enterprises,Professional and Business Services,Service-Providing Industries,26 - 50%,1,No,Reskilling,Fewer than 50,50 - 99,Voluntary,1,100 - 199 hours, > 12 months,No,"$501 - $1,000",20,55,Selected,Not Selected,Not Selected,Selected,Selected,Selected,Not Selected,Not Selected,Not Selected,Selected,Not Selected,90,71,0,1,0,Cluster 2
Other Services (except Public Administration),6,2500>9999,Oklahoma,West South Central,North America,1,0,0,0,0,0,0,0,0,0,0,0,5,Other Services (except Public Administration),Public Administration and other Services,Service-Providing Industries,0%,1,No,Reskilling,100 - 499,Fewer than 50,Mandatory,1,< 10 hours,< 1 month,Yes,"$501 - $1,000",,,Not Selected,Selected,Not Selected,Selected,Selected,Not Selected,Not Selected,Selected,Not Selected,Not Selected,Selected,25,26,0,1,0,Cluster 1
Management of Companies and Enterprises,8,>10k,Arizona,Mountain,North America,1,1,1,0,0,0,1,0,0,0,1,1,1,Management of Companies and Enterprises,Professional and Business Services,Service-Providing Industries,26 - 50%,1,Yes,Reskilling,1000 - 9999,10000 - 49999,Voluntary,0,200 - 499 hours,2 - 6 months,Yes,"$501 - $1,000",10,40,Selected,Selected,Not Selected,Selected,Not Selected,Selected,Not Selected,Selected,Selected,Selected,Selected,96,87,0,1,0,Cluster 2
"Professional, Scientific, and Technical Services",5,2500>9999,California,Pacific,North America,1,0,0,0,0,0,0,0,0,0,0,0,3,"Professional, Scientific, and Technical Services",Professional and Business Services,Service-Providing Industries,51 - 75%,0,No,Reskilling,100 - 499,1000 - 9999,Voluntary,1,100 - 199 hours,2 - 6 months,Yes,"$1,001 - $5,000",20,55,Not Selected,Selected,Not Selected,Selected,Not Selected,Selected,Not Selected,Selected,Not Selected,Selected,Not Selected,65,70,0,1,1,Cluster 2
Retail Trade,5,2500>9999,Louisiana,West South Central,North America,1,0,0,0,0,0,0,0,0,0,0,1,4,Retail Trade,"Trade, Transportation, and Utilities",Service-Providing Industries,51 - 75%,1,Yes,Reskilling,100 - 499,500 - 999,Voluntary,0,100 - 199 hours,7 - 12 months,Yes,"$1,001 - $5,000",30,20,Not Selected,Selected,Not Selected,Not Selected,Not Selected,Not Selected,Not Selected,Selected,Not Selected,Selected,Selected,84,73,0,1,1,Cluster 2
Finance and Insurance,9,>10k,Washington,Pacific,North America,1,0,0,0,0,0,0,0,0,0,0,0,3,Finance and Insurance,Financial Activities,Service-Providing Industries,76 - 100%,0,Yes,Reskilling,10000 - 49999,50000 - 99999,Mandatory,0,200 - 499 hours,7 - 12 months,No,"$5,001 - $10,000",30,20,Not Selected,Not Selected,Not Selected,Selected,Not Selected,Selected,Not Selected,Not Selected,Not Selected,Selected,Not Selected,70,90,0,1,1,Cluster 2
Accommodation and Food Services,4,1000-2499,Virginia,South Atlantic,North America,1,0,0,0,0,0,0,0,0,0,0,0,1,Accommodation and Food Services,Leisure and Hospitality,Service-Providing Industries,1 - 25%,0,Yes,Reskilling,50 - 99,50 - 99,Voluntary,1,50 - 99 hours,7 - 12 months,Yes,"$1,001 - $5,000",0,100,Not Selected,Selected,Not Selected,Not Selected,Selected,Selected,Not Selected,Selected,Not Selected,Not Selected,Not Selected,58,27,1,0,0,Cluster 1
Utilities,5,2500>9999,Kansas,West North Central,North America,1,0,0,0,0,0,0,0,0,0,0,0,6,Utilities,"Trade, Transportation, and Utilities",Goods-Producing Industries,26 - 50%,1,No,Reskilling,Fewer than 50,Fewer than 50,Voluntary,1,> 500 hours, > 12 months,Yes,"$1,001 - $5,000",0,100,Not Selected,Selected,Not Selected,Not Selected,Not Selected,Not Selected,Selected,Not Selected,Not Selected,Not Selected,Not Selected,60,50,0,1,0,Cluster 1
Accommodation and Food Services,2,100-999,South Carolina,South Atlantic,North America,1,0,0,0,0,0,0,0,0,0,0,0,6,Accommodation and Food Services,Leisure and Hospitality,Service-Providing Industries,1 - 25%,1,No,Reskilling,50 - 99,50 - 99,Voluntary,1,50 - 99 hours,2 - 6 months,Yes,"$501 - $1,000",0,100,Not Selected,Selected,Not Selected,Not Selected,Not Selected,Not Selected,Selected,Selected,Not Selected,Not Selected,Selected,25,35,0,0,0,Cluster 1
Health Care and Social Assistance,2,100-999,Mississippi,East South Central,North America,1,0,0,0,0,0,0,0,0,0,0,0,3,Health Care and Social Assistance,Education and Health Services,Service-Providing Industries,0%,0,No,Reskilling,50 - 99,100 - 499,Voluntary,1,50 - 99 hours,2 - 6 months,Yes,< $500,0,100,Not Selected,Selected,Not Selected,Not Selected,Selected,Selected,Selected,Selected,Not Selected,Not Selected,Selected,80,90,0,0,0,Cluster 1
Accommodation and Food Services,7,>10k,Idaho,Mountain,North America,1,0,0,0,0,0,0,0,0,0,0,0,3,Accommodation and Food Services,Leisure and Hospitality,Service-Providing Industries,0%,1,Yes,Reskilling,100 - 499,500 - 999,Mandatory,1,50 - 99 hours,7 - 12 months,Yes,< $500,0,30,Not Selected,Selected,Not Selected,Not Selected,Not Selected,Not Selected,Not Selected,Not Selected,Not Selected,Not Selected,Selected,28,60,0,1,0,Cluster 1
Finance and Insurance,7,>10k,Ohio,East North Central,North America,1,0,0,0,0,0,0,0,0,0,0,0,5,Finance and Insurance,Financial Activities,Service-Providing Industries,0%,1,No,Reskilling,Fewer than 50,50 - 99,Mandatory,1,< 10 hours,7 - 12 months,Yes,< $500,0,100,Not Selected,Selected,Not Selected,Not Selected,Selected,Selected,Selected,Selected,Not Selected,Selected,Selected,100,90,0,1,0,Cluster 1
Retail Trade,6,2500>9999,Florida,South Atlantic,North America,1,0,0,0,0,0,0,0,0,0,0,0,3,Retail Trade,"Trade, Transportation, and Utilities",Service-Providing Industries,51 - 75%,0,No,Reskilling,1000 - 9999,100 - 499,Voluntary,0,200 - 499 hours,7 - 12 months,No,"$5,001 - $10,000",20,20,Not Selected,Selected,Not Selected,Selected,Not Selected,Selected,Not Selected,Selected,Not Selected,Not Selected,Not Selected,83,79,0,1,1,Cluster 2
Retail Trade,5,2500>9999,Colorado,Mountain,North America,1,0,0,0,0,0,0,0,0,0,0,0,1,Retail Trade,"Trade, Transportation, and Utilities",Service-Providing Industries,51 - 75%,0,Yes,Reskilling,100 - 499,1000 - 9999,Mandatory,0,100 - 199 hours,2 - 6 months,No,"$5,001 - $10,000",20,20,Not Selected,Selected,Not Selected,Selected,Not Selected,Selected,Not Selected,Selected,Not Selected,Selected,Not Selected,64,73,0,1,1,Cluster 2
"Professional, Scientific, and Technical Services",9,>10k,Florida,South Atlantic,North America,1,0,0,0,0,0,0,0,0,0,0,0,3,"Professional, Scientific, and Technical Services",Professional and Business Services,Service-Providing Industries,26 - 50%,0,Yes,Reskilling,500 - 999,1000 - 9999,Voluntary,0,100 - 199 hours,< 1 month,Yes,"$5,001 - $10,000",35,25,Selected,Not Selected,Not Selected,Not Selected,Not Selected,Selected,Selected,Selected,Selected,Not Selected,Not Selected,59,84,0,1,0,Cluster 2
Retail Trade,6,2500>9999,Oklahoma,West South Central,North America,1,1,1,0,0,1,1,1,0,0,3,1,3,Retail Trade,"Trade, Transportation, and Utilities",Service-Providing Industries,51 - 75%,1,Yes,Reskilling,500 - 999,1000 - 9999,Mandatory,0,> 500 hours,2 - 6 months,Yes,"$5,001 - $10,000",25,15,Not Selected,Not Selected,Not Selected,Selected,Not Selected,Selected,Not Selected,Selected,Selected,Not Selected,Not Selected,63,54,0,1,1,Cluster 2
Manufacturing,4,1000-2499,Kentucky,East South Central,North America,1,0,0,0,0,0,0,0,0,0,0,0,1,Manufacturing,Manufacturing,Goods-Producing Industries,0%,1,No,Reskilling,100 - 499,1000 - 9999,Voluntary,1,10 - 49 hours,7 - 12 months,No,< $500,0,100,Not Selected,Selected,Not Selected,Not Selected,Selected,Not Selected,Selected,Not Selected,Not Selected,Not Selected,Selected,35,51,1,0,0,Cluster 1
Retail Trade,5,2500>9999,Oklahoma,West South Central,North America,1,0,0,0,0,0,0,0,0,0,0,0,1,Retail Trade,"Trade, Transportation, and Utilities",Service-Providing Industries,51 - 75%,1,Yes,Reskilling,100 - 499,100 - 499,Voluntary,0,100 - 199 hours,7 - 12 months,Yes,"$5,001 - $10,000",20,20,Not Selected,Selected,Not Selected,Not Selected,Not Selected,Not Selected,Not Selected,Selected,Not Selected,Selected,Selected,86,73,0,1,1,Cluster 2
"Professional, Scientific, and Technical Services",4,1000-2499,Oklahoma,West South Central,North America,1,0,0,0,0,0,0,0,0,0,0,1,5,"Professional, Scientific, and Technical Services",Professional and Business Services,Service-Providing Industries,51 - 75%,1,Yes,Reskilling,1000 - 9999,1000 - 9999,Mandatory,1,> 500 hours,2 - 6 months,Yes,"$5,001 - $10,000",0,100,Not Selected,Selected,Selected,Selected,Selected,Selected,Selected,Selected,Selected,Selected,Selected,100,100,1,0,1,Cluster 2
Finance and Insurance,3,100-999,New York,Middle Atlantic,North America,1,0,0,0,0,0,0,0,0,0,0,1,1,Finance and Insurance,Financial Activities,Service-Providing Industries,26 - 50%,0,Yes,Reskilling,100 - 499,500 - 999,Mandatory,0,100 - 199 hours,2 - 6 months,Yes,"$5,001 - $10,000",30,30,Selected,Not Selected,Not Selected,Selected,Not Selected,Selected,Not Selected,Not Selected,Not Selected,Selected,Not Selected,83,89,0,0,0,Cluster 2
"Professional, Scientific, and Technical Services",7,>10k,New York,Middle Atlantic,North America,1,0,0,0,0,0,0,0,0,0,0,1,4,"Professional, Scientific, and Technical Services",Professional and Business Services,Service-Providing Industries,51 - 75%,0,Yes,Reskilling,1000 - 9999,10000 - 49999,Mandatory,1,100 - 199 hours,7 - 12 months,Yes,"$1,001 - $5,000",15,25,Not Selected,Not Selected,Not Selected,Selected,Not Selected,Selected,Not Selected,Selected,Not Selected,Selected,Not Selected,91,80,0,1,1,Cluster 2
Management of Companies and Enterprises,9,>10k,Pennsylvania,Middle Atlantic,North America,1,0,0,0,0,0,0,0,0,0,0,0,3,Management of Companies and Enterprises,Professional and Business Services,Service-Providing Industries,76 - 100%,0,Yes,Reskilling,100 - 499,10000 - 49999,Voluntary,1,200 - 499 hours,< 1 month,Yes,"$5,001 - $10,000",45,15,Not Selected,Not Selected,Selected,Selected,Selected,Not Selected,Selected,Not Selected,Not Selected,Not Selected,Not Selected,60,90,0,1,1,Cluster 2
Finance and Insurance,9,>10k,Nebraska,West North Central,North America,1,0,0,0,0,0,0,0,0,0,0,0,3,Finance and Insurance,Financial Activities,Service-Providing Industries,51 - 75%,0,Yes,Reskilling,1000 - 9999,10000 - 49999,Mandatory,1,200 - 499 hours,2 - 6 months,Yes,"$5,001 - $10,000",25,15,Selected,Not Selected,Not Selected,Selected,Selected,Not Selected,Selected,Not Selected,Not Selected,Not Selected,Not Selected,58,83,0,1,1,Cluster 2
Manufacturing,2,100-999,Illinois,East North Central,North America,1,0,0,0,0,0,0,0,0,0,0,1,6,Manufacturing,Manufacturing,Goods-Producing Industries,0%,1,I don't know,Reskilling,50 - 99,100 - 499,Voluntary,1,10 - 49 hours,2 - 6 months,Yes,< $500,45,55,Not Selected,Selected,Not Selected,Not Selected,Selected,Not Selected,Not Selected,Selected,Not Selected,Selected,Selected,19,71,0,0,0,Cluster 1
"Professional, Scientific, and Technical Services",9,>10k,Louisiana,West South Central,North America,1,0,0,0,0,0,0,0,0,0,0,0,3,"Professional, Scientific, and Technical Services",Professional and Business Services,Service-Providing Industries,51 - 75%,0,Yes,Reskilling,500 - 999,1000 - 9999,Mandatory,1,200 - 499 hours,2 - 6 months,Yes,"$1,001 - $5,000",45,25,Not Selected,Not Selected,Not Selected,Not Selected,Not Selected,Selected,Not Selected,Selected,Selected,Not Selected,Not Selected,61,81,0,1,1,Cluster 2
Management of Companies and Enterprises,8,>10k,North Carolina,South Atlantic,North America,1,0,0,0,0,0,0,0,0,0,0,0,3,Management of Companies and Enterprises,Professional and Business Services,Service-Providing Industries,76 - 100%,0,Yes,Reskilling,100 - 499,500 - 999,Voluntary,1,100 - 199 hours,< 1 month,Yes,"$5,001 - $10,000",45,25,Not Selected,Selected,Not Selected,Not Selected,Not Selected,Selected,Selected,Selected,Selected,Not Selected,Not Selected,65,89,0,1,1,Cluster 1
Manufacturing,2,100-999,Illinois,East North Central,North America,1,0,0,0,0,0,0,0,0,0,0,1,5,Manufacturing,Manufacturing,Goods-Producing Industries,0%,0,No,Reskilling,Fewer than 50,Fewer than 50,Voluntary,1,10 - 49 hours,2 - 6 months,Yes,< $500,0,100,Not Selected,Selected,Not Selected,Not Selected,Not Selected,Not Selected,Not Selected,Not Selected,Not Selected,Not Selected,Not Selected,45,55,0,0,0,Cluster 1
Management of Companies and Enterprises,10,>10k,Ohio,East North Central,North America,1,0,0,0,0,0,0,0,0,0,0,0,3,Management of Companies and Enterprises,Professional and Business Services,Service-Providing Industries,51 - 75%,0,Yes,Reskilling,500 - 999,500 - 999,Voluntary,0,100 - 199 hours,2 - 6 months,No,"$5,001 - $10,000",0,45,Not Selected,Not Selected,Not Selected,Selected,Selected,Selected,Not Selected,Not Selected,Not Selected,Not Selected,Not Selected,52,94,0,1,1,Cluster 2
Information,3,100-999,Kansas,West North Central,North America,1,0,0,0,0,0,0,0,0,0,0,0,2,Information,Information,Service-Providing Industries,1 - 25%,1,Yes,Reskilling,50 - 99,500 - 999,Mandatory,1,100 - 199 hours,7 - 12 months,Yes,"$1,001 - $5,000",25,50,Not Selected,Selected,Selected,Selected,Selected,Selected,Selected,Selected,Selected,Selected,Selected,49,100,0,0,0,Cluster 2
Retail Trade,6,2500>9999,Ohio,East North Central,North America,1,0,0,0,0,0,0,0,0,0,0,0,3,Retail Trade,"Trade, Transportation, and Utilities",Service-Providing Industries,51 - 75%,0,No,Reskilling,500 - 999,50 - 99,Mandatory,0,100 - 199 hours,2 - 6 months,Yes,"$1,001 - $5,000",50,0,Not Selected,Not Selected,Not Selected,Not Selected,Not Selected,Selected,Not Selected,Selected,Not Selected,Not Selected,Not Selected,72,76,0,1,1,Cluster 2
Retail Trade,5,2500>9999,California,Pacific,North America,1,0,0,0,0,0,0,0,0,0,0,0,2,Retail Trade,"Trade, Transportation, and Utilities",Service-Providing Industries,76 - 100%,0,No,Reskilling,100 - 499,50 - 99,Voluntary,0,50 - 99 hours,7 - 12 months,No,"$1,001 - $5,000",20,20,Not Selected,Not Selected,Not Selected,Selected,Not Selected,Not Selected,Not Selected,Not Selected,Not Selected,Not Selected,Not Selected,51,69,0,1,1,Cluster 2
Retail Trade,6,2500>9999,Georgia,South Atlantic,North America,1,0,0,0,0,0,0,0,0,0,0,0,3,Retail Trade,"Trade, Transportation, and Utilities",Service-Providing Industries,51 - 75%,0,No,Reskilling,50 - 99,Fewer than 50,Voluntary,0,10 - 49 hours,2 - 6 months,No,"$5,001 - $10,000",50,0,Not Selected,Not Selected,Not Selected,Not Selected,Not Selected,Selected,Not Selected,Not Selected,Not Selected,Selected,Selected,68,76,0,1,1,Cluster 2
Manufacturing,5,2500>9999,California,Pacific,North America,1,1,1,0,0,0,1,0,1,0,2,1,1,Manufacturing,Manufacturing,Goods-Producing Industries,1 - 25%,1,Yes,Reskilling,100 - 499,500 - 999,Mandatory,1,50 - 99 hours,2 - 6 months,Yes,"$1,001 - $5,000",25,20,Not Selected,Selected,Not Selected,Not Selected,Selected,Not Selected,Not Selected,Not Selected,Not Selected,Not Selected,Not Selected,66,82,0,1,0,Cluster 1
Manufacturing,8,>10k,Alabama,East South Central,North America,1,1,1,0,0,0,0,0,1,0,1,1,3,Manufacturing,Manufacturing,Goods-Producing Industries,0%,1,Yes,Reskilling,Fewer than 50,50 - 99,Voluntary,0,200 - 499 hours,7 - 12 months,Yes,"> $10,000",60,40,Not Selected,Selected,Not Selected,Not Selected,Selected,Not Selected,Selected,Selected,Not Selected,Selected,Not Selected,23,30,0,1,0,Cluster 1
Manufacturing,5,2500>9999,Florida,South Atlantic,North America,1,0,0,0,0,0,0,0,0,0,0,0,3,Manufacturing,Manufacturing,Goods-Producing Industries,0%,0,No,Reskilling,100 - 499,100 - 499,Mandatory,0,50 - 99 hours,7 - 12 months,Yes,< $500,0,100,Selected,Not Selected,Not Selected,Not Selected,Not Selected,Selected,Selected,Not Selected,Not Selected,Not Selected,Not Selected,87,86,0,1,0,Cluster 2
Construction,4,1000-2499,Illinois,East North Central,North America,1,0,0,0,0,0,0,0,0,0,0,1,5,Construction,Construction,Goods-Producing Industries,51 - 75%,1,No,Reskilling,1000 - 9999,500 - 999,Mandatory,0,10 - 49 hours, > 12 months,Yes,"$501 - $1,000",0,90,Not Selected,Not Selected,Selected,Not Selected,Not Selected,Not Selected,Selected,Selected,Not Selected,Not Selected,Not Selected,82,82,1,0,1,Cluster 2
"Professional, Scientific, and Technical Services",3,100-999,Oregon,Pacific,North America,1,0,0,0,0,0,0,0,0,0,0,1,3,"Professional, Scientific, and Technical Services",Professional and Business Services,Service-Providing Industries,51 - 75%,0,Yes,Reskilling,Fewer than 50,50 - 99,Voluntary,1,100 - 199 hours,7 - 12 months,Yes,"$501 - $1,000",30,45,Not Selected,Selected,Not Selected,Not Selected,Not Selected,Selected,Selected,Not Selected,Not Selected,Selected,Selected,100,61,0,0,1,Cluster 1
"Professional, Scientific, and Technical Services",3,100-999,Texas,West South Central,North America,1,0,0,0,0,0,0,0,0,0,0,0,3,"Professional, Scientific, and Technical Services",Professional and Business Services,Service-Providing Industries,0%,0,Yes,Reskilling,50 - 99,100 - 499,Voluntary,0,10 - 49 hours,7 - 12 months,Yes,< $500,0,100,Not Selected,Selected,Not Selected,Selected,Not Selected,Selected,Not Selected,Not Selected,Not Selected,Not Selected,Not Selected,30,30,0,0,0,Cluster 1
"Professional, Scientific, and Technical Services",3,100-999,New York,Middle Atlantic,North America,1,1,1,0,1,0,1,1,1,0,4,1,1,"Professional, Scientific, and Technical Services",Professional and Business Services,Service-Providing Industries,26 - 50%,0,No,Reskilling,100 - 499,500 - 999,Mandatory,0,50 - 99 hours,2 - 6 months,Yes,"$1,001 - $5,000",0,35,Not Selected,Selected,Selected,Not Selected,Selected,Selected,Selected,Not Selected,Selected,Selected,Selected,70,85,0,0,0,Cluster 2
"Professional, Scientific, and Technical Services",2,100-999,Tennessee,East South Central,North America,1,1,1,0,0,0,1,0,0,0,1,1,4,"Professional, Scientific, and Technical Services",Professional and Business Services,Service-Providing Industries,76 - 100%,1,No,Reskilling,50 - 99,100 - 499,Mandatory,0,10 - 49 hours,7 - 12 months,Yes,"$501 - $1,000",30,70,Not Selected,Not Selected,Not Selected,Not Selected,Selected,Not Selected,Not Selected,Not Selected,Not Selected,Not Selected,Not Selected,50,75,0,0,1,Cluster 1
Construction,6,2500>9999,Pennsylvania,Middle Atlantic,North America,1,0,0,0,0,0,0,0,0,0,0,1,3,Construction,Construction,Goods-Producing Industries,51 - 75%,1,Yes,Reskilling,100 - 499,500 - 999,Voluntary,1,50 - 99 hours,7 - 12 months,Yes,"$501 - $1,000",15,40,Not Selected,Selected,Not Selected,Selected,Not Selected,Not Selected,Selected,Selected,Selected,Selected,Selected,42,88,0,1,1,Cluster 1
Retail Trade,6,2500>9999,Texas,West South Central,North America,1,0,0,0,0,0,0,0,0,0,0,0,6,Retail Trade,"Trade, Transportation, and Utilities",Service-Providing Industries,0%,0,No,Reskilling,1000 - 9999,1000 - 9999,Mandatory,1,100 - 199 hours,7 - 12 months,No,"$501 - $1,000",,,Not Selected,Selected,Not Selected,Selected,Selected,Not Selected,Not Selected,Selected,Not Selected,Not Selected,Selected,80,30,0,1,0,Cluster 2
Health Care and Social Assistance,10,>10k,Pennsylvania,Middle Atlantic,North America,1,0,0,0,0,0,0,0,0,0,0,0,3,Health Care and Social Assistance,Education and Health Services,Service-Providing Industries,0%,0,No,Reskilling,1000 - 9999,10000 - 49999,Voluntary,1,> 500 hours,7 - 12 months,Yes,"$501 - $1,000",0,100,Not Selected,Selected,Not Selected,Not Selected,Not Selected,Not Selected,Not Selected,Not Selected,Not Selected,Not Selected,Selected,53,77,0,1,0,Cluster 1
Educational Services,6,2500>9999,Missouri,West North Central,North America,1,0,0,0,0,0,0,0,0,0,0,0,1,Educational Services,Education and Health Services,Service-Providing Industries,0%,0,Yes,Reskilling,500 - 999,1000 - 9999,Voluntary,1,50 - 99 hours,2 - 6 months,Yes,< $500,30,40,Not Selected,Selected,Not Selected,Not Selected,Not Selected,Selected,Not Selected,Selected,Not Selected,Not Selected,Not Selected,41,37,0,1,0,Cluster 1
Construction,2,100-999,Florida,South Atlantic,North America,1,0,0,0,0,0,0,0,0,0,0,0,2,Construction,Construction,Goods-Producing Industries,0%,0,No,Upskilling,Fewer than 50,50 - 99,Voluntary,1,10 - 49 hours,2 - 6 months,Yes,< $500,0,100,Not Selected,Selected,Not Selected,Selected,Selected,Not Selected,Not Selected,Selected,Not Selected,Selected,Selected,30,32,0,0,0,Cluster 1
Finance and Insurance,7,>10k,California,Pacific,North America,1,0,0,0,0,0,0,0,0,0,0,0,5,Finance and Insurance,Financial Activities,Service-Providing Industries,0%,0,No,Reskilling,500 - 999,1000 - 9999,Voluntary,1,200 - 499 hours,2 - 6 months,Yes,"$1,001 - $5,000",0,100,Not Selected,Not Selected,Not Selected,Not Selected,Not Selected,Selected,Not Selected,Not Selected,Not Selected,Not Selected,Not Selected,79,83,0,1,0,Cluster 2
Manufacturing,6,2500>9999,Ohio,East North Central,North America,1,0,0,0,0,0,0,0,0,0,0,1,1,Manufacturing,Manufacturing,Goods-Producing Industries,26 - 50%,1,Yes,Reskilling,50 - 99,500 - 999,Voluntary,1,50 - 99 hours,2 - 6 months,Yes,"$501 - $1,000",30,45,Selected,Not Selected,Not Selected,Selected,Not Selected,Not Selected,Not Selected,Not Selected,Not Selected,Not Selected,Not Selected,36,56,0,1,0,Cluster 1
Construction,3,100-999,Ohio,East North Central,North America,1,0,0,0,0,0,0,0,0,0,0,0,1,Construction,Construction,Goods-Producing Industries,51 - 75%,1,No,Reskilling,100 - 499,1000 - 9999,Voluntary,1,200 - 499 hours,7 - 12 months,Yes,"$1,001 - $5,000",0,100,Not Selected,Selected,Not Selected,Selected,Not Selected,Not Selected,Selected,Not Selected,Not Selected,Not Selected,Selected,21,38,0,0,1,Cluster 1
Manufacturing,3,100-999,Alabama,East South Central,North America,1,0,0,0,0,0,0,0,0,0,0,1,3,Manufacturing,Manufacturing,Goods-Producing Industries,0%,0,No,Reskilling,100 - 499,500 - 999,Voluntary,1,50 - 99 hours,2 - 6 months,Yes,"$1,001 - $5,000",0,100,Not Selected,Selected,Not Selected,Selected,Selected,Not Selected,Not Selected,Not Selected,Not Selected,Not Selected,Not Selected,50,80,0,0,0,Cluster 1
Utilities,7,>10k,Ohio,East North Central,North America,1,0,0,0,0,0,0,0,0,0,0,1,5,Utilities,"Trade, Transportation, and Utilities",Goods-Producing Industries,0%,0,No,Reskilling,500 - 999,500 - 999,Mandatory,1,100 - 199 hours,7 - 12 months,Yes,"$1,001 - $5,000",0,100,Not Selected,Selected,Not Selected,Not Selected,Not Selected,Not Selected,Selected,Not Selected,Not Selected,Not Selected,Not Selected,62,73,0,1,0,Cluster 2
Construction,8,>10k,Michigan,East North Central,North America,1,0,0,0,0,0,0,0,0,0,0,0,3,Construction,Construction,Goods-Producing Industries,76 - 100%,1,No,Reskilling,1000 - 9999,10000 - 49999,Voluntary,1,100 - 199 hours, > 12 months,Yes,"$1,001 - $5,000",0,80,Selected,Selected,Not Selected,Selected,Not Selected,Selected,Not Selected,Not Selected,Selected,Selected,Selected,49,69,0,1,1,Cluster 2
Manufacturing,7,>10k,California,Pacific,North America,1,0,0,0,0,0,0,0,0,0,0,0,1,Manufacturing,Manufacturing,Goods-Producing Industries,26 - 50%,1,Yes,Reskilling,10000 - 49999,50000 - 99999,Voluntary,0,50 - 99 hours,2 - 6 months,Yes,"$501 - $1,000",10,50,Not Selected,Selected,Not Selected,Selected,Not Selected,Selected,Selected,Not Selected,Not Selected,Not Selected,Not Selected,87,87,0,1,0,Cluster 2
Retail Trade,3,100-999,New York,Middle Atlantic,North America,1,0,0,0,0,0,0,0,0,0,0,0,3,Retail Trade,"Trade, Transportation, and Utilities",Service-Providing Industries,0%,0,Yes,Reskilling,100 - 499,100 - 499,Voluntary,1,50 - 99 hours,2 - 6 months,Yes,"$501 - $1,000",25,75,Not Selected,Selected,Not Selected,Selected,Not Selected,Not Selected,Selected,Not Selected,Not Selected,Not Selected,Not Selected,80,70,0,0,0,Cluster 1
Manufacturing,5,2500>9999,Missouri,West North Central,North America,1,0,0,0,0,0,0,0,0,0,0,0,5,Manufacturing,Manufacturing,Goods-Producing Industries,0%,1,No,Reskilling,100 - 499,100 - 499,Voluntary,0,10 - 49 hours,2 - 6 months,Yes,"$501 - $1,000",0,0,Selected,Not Selected,Not Selected,Not Selected,Not Selected,Selected,Not Selected,Not Selected,Not Selected,Not Selected,Not Selected,90,91,0,1,0,Cluster 2
Manufacturing,4,1000-2499,Wisconsin,East North Central,North America,1,0,0,0,0,0,0,0,0,0,0,0,3,Manufacturing,Manufacturing,Goods-Producing Industries,26 - 50%,0,Yes,Reskilling,50 - 99,1000 - 9999,Voluntary,0,50 - 99 hours,7 - 12 months,Yes,"$1,001 - $5,000",0,80,Not Selected,Not Selected,Not Selected,Selected,Selected,Not Selected,Not Selected,Selected,Not Selected,Not Selected,Not Selected,67,65,1,0,0,Cluster 2
Transportation and Warehousing,4,1000-2499,Virginia,South Atlantic,North America,1,0,0,0,0,0,0,0,0,0,0,0,1,Transportation and Warehousing,"Trade, Transportation, and Utilities",Service-Providing Industries,26 - 50%,1,Yes,Reskilling,100 - 499,500 - 999,Voluntary,0,200 - 499 hours,7 - 12 months,Yes,"$501 - $1,000",30,20,Not Selected,Selected,Selected,Selected,Not Selected,Selected,Not Selected,Not Selected,Not Selected,Selected,Not Selected,46,60,1,0,0,Cluster 2
Information,4,1000-2499,New York,Middle Atlantic,North America,1,0,0,0,0,0,0,0,0,0,0,0,3,Information,Information,Service-Providing Industries,51 - 75%,1,Yes,Reskilling,100 - 499,500 - 999,Voluntary,0,200 - 499 hours,7 - 12 months,Yes,< $500,20,30,Not Selected,Selected,Not Selected,Selected,Not Selected,Selected,Not Selected,Not Selected,Not Selected,Selected,Not Selected,62,60,1,0,1,Cluster 2
Construction,4,1000-2499,Kentucky,East South Central,North America,1,0,0,0,0,0,0,0,0,0,0,0,1,Construction,Construction,Goods-Producing Industries,51 - 75%,1,Yes,Reskilling,100 - 499,500 - 999,Voluntary,0,200 - 499 hours,7 - 12 months,Yes,< $500,20,20,Not Selected,Not Selected,Not Selected,Selected,Not Selected,Selected,Not Selected,Not Selected,Not Selected,Selected,Not Selected,60,68,1,0,1,Cluster 2
"Professional, Scientific, and Technical Services",5,2500>9999,Texas,West South Central,North America,1,0,0,0,0,0,0,0,0,0,0,0,6,"Professional, Scientific, and Technical Services",Professional and Business Services,Service-Providing Industries,51 - 75%,0,No,Reskilling,Fewer than 50,100 - 499,Voluntary,1,10 - 49 hours,2 - 6 months,Yes,"$5,001 - $10,000",0,100,Not Selected,Selected,Not Selected,Selected,Not Selected,Not Selected,Not Selected,Not Selected,Not Selected,Not Selected,Not Selected,10,29,0,1,1,Cluster 1
Construction,4,1000-2499,Alabama,East South Central,North America,1,0,0,0,0,0,0,0,0,0,0,1,2,Construction,Construction,Goods-Producing Industries,51 - 75%,1,Yes,Reskilling,100 - 499,500 - 999,Voluntary,0,100 - 199 hours,7 - 12 months,Yes,< $500,30,30,Not Selected,Not Selected,Not Selected,Selected,Not Selected,Selected,Not Selected,Not Selected,Not Selected,Selected,Not Selected,53,61,1,0,1,Cluster 2
Information,4,1000-2499,Alabama,East South Central,North America,1,0,0,0,0,0,0,0,0,0,0,0,1,Information,Information,Service-Providing Industries,51 - 75%,0,Yes,Reskilling,100 - 499,500 - 999,Voluntary,0,200 - 499 hours,7 - 12 months,Yes,"$501 - $1,000",25,25,Not Selected,Selected,Not Selected,Selected,Selected,Selected,Not Selected,Not Selected,Selected,Selected,Not Selected,54,60,1,0,1,Cluster 2
Transportation and Warehousing,4,1000-2499,Texas,West South Central,North America,1,0,0,0,0,0,0,0,0,0,0,0,1,Transportation and Warehousing,"Trade, Transportation, and Utilities",Service-Providing Industries,51 - 75%,1,Yes,Reskilling,100 - 499,500 - 999,Voluntary,0,100 - 199 hours,7 - 12 months,Yes,"$501 - $1,000",20,20,Not Selected,Selected,Not Selected,Selected,Not Selected,Selected,Not Selected,Not Selected,Selected,Selected,Not Selected,47,55,1,0,1,Cluster 2
Retail Trade,4,1000-2499,Washington,Pacific,North America,1,0,0,0,0,0,0,0,0,0,0,0,3,Retail Trade,"Trade, Transportation, and Utilities",Service-Providing Industries,51 - 75%,0,Yes,Reskilling,500 - 999,1000 - 9999,Voluntary,0,200 - 499 hours,7 - 12 months,Yes,"$501 - $1,000",25,25,Not Selected,Selected,Not Selected,Selected,Not Selected,Selected,Not Selected,Not Selected,Selected,Selected,Not Selected,61,56,1,0,1,Cluster 2
Retail Trade,4,1000-2499,Florida,South Atlantic,North America,1,0,0,0,0,0,0,0,0,0,0,1,3,Retail Trade,"Trade, Transportation, and Utilities",Service-Providing Industries,51 - 75%,0,Yes,Reskilling,100 - 499,500 - 999,Voluntary,0,100 - 199 hours,7 - 12 months,Yes,< $500,30,30,Not Selected,Not Selected,Not Selected,Selected,Not Selected,Selected,Not Selected,Not Selected,Not Selected,Selected,Not Selected,51,70,1,0,1,Cluster 2
Public Administration,5,2500>9999,New Jersey,Middle Atlantic,North America,1,1,1,0,0,0,1,0,0,0,1,1,4,Public Administration,Public Administration and other Services,Service-Providing Industries,51 - 75%,1,Yes,Reskilling,Fewer than 50,50 - 99,Voluntary,1,10 - 49 hours,< 1 month,Yes,< $500,0,60,Not Selected,Selected,Selected,Not Selected,Not Selected,Not Selected,Not Selected,Not Selected,Not Selected,Not Selected,Selected,74,92,0,1,1,Cluster 1
Retail Trade,10,>10k,Texas,West South Central,North America,1,1,1,0,0,0,1,0,0,0,1,1,3,Retail Trade,"Trade, Transportation, and Utilities",Service-Providing Industries,51 - 75%,1,No,Upskilling,100 - 499,1000 - 9999,Mandatory,1,50 - 99 hours,2 - 6 months,Yes,"> $10,000",0,100,Not Selected,Selected,Not Selected,Not Selected,Not Selected,Not Selected,Not Selected,Selected,Not Selected,Not Selected,Selected,60,75,0,1,1,Cluster 1
Manufacturing,3,100-999,California,Pacific,North America,1,0,0,0,0,0,0,0,0,0,0,1,1,Manufacturing,Manufacturing,Goods-Producing Industries,76 - 100%,1,No,Reskilling,100 - 499,100 - 499,Voluntary,1,200 - 499 hours,2 - 6 months,Yes,< $500,0,100,Not Selected,Selected,Not Selected,Not Selected,Not Selected,Selected,Not Selected,Not Selected,Not Selected,Not Selected,Not Selected,52,100,0,0,1,Cluster 1
Construction,4,1000-2499,New York,Middle Atlantic,North America,1,0,0,0,0,0,0,0,0,0,0,1,3,Construction,Construction,Goods-Producing Industries,26 - 50%,1,Yes,Reskilling,100 - 499,500 - 999,Voluntary,0,200 - 499 hours,7 - 12 months,Yes,"$501 - $1,000",30,30,Not Selected,Selected,Not Selected,Selected,Not Selected,Not Selected,Not Selected,Not Selected,Selected,Selected,Not Selected,60,64,1,0,0,Cluster 2
Finance and Insurance,4,1000-2499,Florida,South Atlantic,North America,1,0,0,0,0,0,0,0,0,0,0,1,1,Finance and Insurance,Financial Activities,Service-Providing Industries,26 - 50%,1,Yes,Reskilling,100 - 499,500 - 999,Voluntary,0,200 - 499 hours,7 - 12 months,Yes,"$501 - $1,000",20,20,Not Selected,Selected,Not Selected,Selected,Not Selected,Selected,Not Selected,Not Selected,Selected,Selected,Not Selected,58,62,1,0,0,Cluster 2
Retail Trade,4,1000-2499,Maryland,South Atlantic,North America,1,0,0,0,0,0,0,0,0,0,0,1,1,Retail Trade,"Trade, Transportation, and Utilities",Service-Providing Industries,51 - 75%,0,Yes,Reskilling,100 - 499,500 - 999,Voluntary,0,100 - 199 hours,7 - 12 months,Yes,"$501 - $1,000",30,30,Not Selected,Selected,Not Selected,Selected,Not Selected,Selected,Not Selected,Not Selected,Selected,Selected,Not Selected,45,63,1,0,1,Cluster 2
Administrative and Support and Waste Management and Remediation Services,4,1000-2499,New York,Middle Atlantic,North America,1,0,0,0,0,0,0,0,0,0,0,1,4,Administrative and Support and Waste Management and Remediation Services,Professional and Business Services,Service-Providing Industries,26 - 50%,0,Yes,Reskilling,100 - 499,500 - 999,Voluntary,0,200 - 499 hours,7 - 12 months,Yes,"$501 - $1,000",25,25,Not Selected,Selected,Not Selected,Selected,Not Selected,Selected,Not Selected,Not Selected,Selected,Selected,Not Selected,58,68,1,0,0,Cluster 2
Wholesale Trade,4,1000-2499,Florida,South Atlantic,North America,1,1,1,0,1,0,0,0,0,0,1,0,3,Wholesale Trade,"Trade, Transportation, and Utilities",Service-Providing Industries,26 - 50%,0,Yes,Reskilling,100 - 499,500 - 999,Voluntary,0,200 - 499 hours,7 - 12 months,Yes,"$501 - $1,000",30,30,Not Selected,Not Selected,Not Selected,Selected,Not Selected,Selected,Not Selected,Not Selected,Selected,Selected,Not Selected,58,63,1,0,0,Cluster 2
Management of Companies and Enterprises,4,1000-2499,Hawaii,Pacific,North America,1,0,0,0,0,0,0,0,0,0,0,1,4,Management of Companies and Enterprises,Professional and Business Services,Service-Providing Industries,26 - 50%,1,Yes,Reskilling,100 - 499,500 - 999,Voluntary,0,200 - 499 hours,7 - 12 months,Yes,"$501 - $1,000",20,20,Not Selected,Selected,Not Selected,Selected,Not Selected,Selected,Not Selected,Not Selected,Selected,Selected,Not Selected,50,64,1,0,0,Cluster 2
Retail Trade,4,1000-2499,Massachusetts,New England,North America,1,0,0,0,0,0,0,0,0,0,0,1,3,Retail Trade,"Trade, Transportation, and Utilities",Service-Providing Industries,51 - 75%,0,Yes,Reskilling,500 - 999,500 - 999,Voluntary,0,100 - 199 hours,2 - 6 months,Yes,"$1,001 - $5,000",15,40,Not Selected,Selected,Selected,Not Selected,Selected,Not Selected,Selected,Selected,Not Selected,Not Selected,Selected,85,89,1,0,1,Cluster 2
Manufacturing,7,>10k,Arkansas,West South Central,North America,1,0,0,0,0,0,0,0,0,0,0,1,3,Manufacturing,Manufacturing,Goods-Producing Industries,26 - 50%,0,Yes,Reskilling,500 - 999,500 - 999,Voluntary,1,> 500 hours,2 - 6 months,Yes,"$501 - $1,000",15,55,Not Selected,Selected,Not Selected,Selected,Not Selected,Selected,Not Selected,Selected,Not Selected,Not Selected,Selected,69,68,0,1,0,Cluster 2
Manufacturing,4,1000-2499,Ohio,East North Central,North America,1,0,0,0,0,0,0,0,0,0,0,1,3,Manufacturing,Manufacturing,Goods-Producing Industries,51 - 75%,0,Yes,Reskilling,500 - 999,100 - 499,Voluntary,0,100 - 199 hours,2 - 6 months,Yes,"$1,001 - $5,000",15,40,Not Selected,Selected,Not Selected,Selected,Selected,Not Selected,Selected,Selected,Not Selected,Not Selected,Selected,88,88,1,0,1,Cluster 2
Finance and Insurance,4,1000-2499,Colorado,Mountain,North America,1,0,0,0,0,0,0,0,0,0,0,0,3,Finance and Insurance,Financial Activities,Service-Providing Industries,51 - 75%,0,Yes,Reskilling,100 - 499,500 - 999,Voluntary,0,> 500 hours,2 - 6 months,Yes,< $500,5,70,Selected,Not Selected,Not Selected,Selected,Selected,Selected,Selected,Selected,Not Selected,Selected,Selected,74,76,1,0,1,Cluster 2
Finance and Insurance,4,1000-2499,Wisconsin,East North Central,North America,1,1,1,0,1,0,1,0,0,0,2,1,5,Finance and Insurance,Financial Activities,Service-Providing Industries,26 - 50%,1,Yes,Reskilling,100 - 499,500 - 999,Voluntary,0,100 - 199 hours,2 - 6 months,Yes,"$1,001 - $5,000",10,20,Not Selected,Selected,Selected,Selected,Selected,Not Selected,Selected,Selected,Not Selected,Not Selected,Selected,92,93,1,0,0,Cluster 2
Retail Trade,4,1000-2499,New York,Middle Atlantic,North America,1,0,0,0,0,0,0,0,0,0,0,0,3,Retail Trade,"Trade, Transportation, and Utilities",Service-Providing Industries,26 - 50%,0,Yes,Reskilling,100 - 499,500 - 999,Voluntary,0,> 500 hours,7 - 12 months,Yes,"$1,001 - $5,000",20,52,Not Selected,Selected,Not Selected,Selected,Selected,Selected,Not Selected,Selected,Not Selected,Selected,Not Selected,72,71,1,0,0,Cluster 2
Management of Companies and Enterprises,3,100-999,Michigan,East North Central,North America,1,0,0,0,0,0,0,0,0,0,0,1,3,Management of Companies and Enterprises,Professional and Business Services,Service-Providing Industries,26 - 50%,1,Yes,Reskilling,Fewer than 50,Fewer than 50,Voluntary,0,10 - 49 hours,2 - 6 months,No,"$1,001 - $5,000",25,20,Not Selected,Not Selected,Not Selected,Selected,Not Selected,Not Selected,Not Selected,Not Selected,Not Selected,Selected,Not Selected,87,96,0,0,0,Cluster 1
Retail Trade,4,1000-2499,New York,Middle Atlantic,North America,1,0,0,0,0,0,0,0,0,0,0,1,1,Retail Trade,"Trade, Transportation, and Utilities",Service-Providing Industries,26 - 50%,0,Yes,Reskilling,50 - 99,100 - 499,Voluntary,0,50 - 99 hours,7 - 12 months,Yes,"$1,001 - $5,000",20,30,Not Selected,Not Selected,Not Selected,Selected,Not Selected,Not Selected,Selected,Selected,Not Selected,Selected,Not Selected,75,70,1,0,0,Cluster 2
Management of Companies and Enterprises,3,100-999,New York,Middle Atlantic,North America,1,1,1,0,0,0,1,0,0,0,1,0,3,Management of Companies and Enterprises,Professional and Business Services,Service-Providing Industries,1 - 25%,1,Yes,Reskilling,Fewer than 50,50 - 99,Voluntary,0,10 - 49 hours,2 - 6 months,No,"$5,001 - $10,000",20,25,Not Selected,Not Selected,Not Selected,Selected,Not Selected,Not Selected,Not Selected,Not Selected,Not Selected,Selected,Not Selected,80,94,0,0,0,Cluster 1
Finance and Insurance,2,100-999,North Carolina,South Atlantic,North America,1,0,0,0,0,0,0,0,0,0,0,1,3,Finance and Insurance,Financial Activities,Service-Providing Industries,51 - 75%,0,Yes,Reskilling,50 - 99,100 - 499,Voluntary,0,100 - 199 hours, > 12 months,Yes,"$1,001 - $5,000",20,80,Not Selected,Not Selected,Not Selected,Not Selected,Not Selected,Not Selected,Not Selected,Selected,Not Selected,Not Selected,Selected,63,75,0,0,1,Cluster 2
Wholesale Trade,4,1000-2499,California,Pacific,North America,1,0,0,0,0,0,0,0,0,0,0,1,1,Wholesale Trade,"Trade, Transportation, and Utilities",Service-Providing Industries,1 - 25%,1,Yes,Reskilling,100 - 499,500 - 999,Voluntary,0,100 - 199 hours,2 - 6 months,Yes,"$501 - $1,000",20,60,Not Selected,Selected,Not Selected,Selected,Selected,Selected,Not Selected,Not Selected,Not Selected,Selected,Not Selected,70,65,1,0,0,Cluster 2
Manufacturing,4,1000-2499,New Jersey,Middle Atlantic,North America,1,0,0,0,0,0,0,0,0,0,0,0,5,Manufacturing,Manufacturing,Goods-Producing Industries,26 - 50%,1,Yes,Reskilling,100 - 499,100 - 499,Voluntary,0,100 - 199 hours,2 - 6 months,Yes,< $500,20,30,Selected,Selected,Not Selected,Selected,Not Selected,Not Selected,Not Selected,Selected,Not Selected,Not Selected,Selected,75,78,1,0,0,Cluster 2
Educational Services,4,1000-2499,South Carolina,South Atlantic,North America,1,0,0,0,0,0,0,0,0,0,0,1,1,Educational Services,Education and Health Services,Service-Providing Industries,26 - 50%,1,Yes,Reskilling,100 - 499,500 - 999,Voluntary,0,100 - 199 hours,7 - 12 months,Yes,"$501 - $1,000",10,50,Not Selected,Selected,Not Selected,Selected,Not Selected,Not Selected,Selected,Selected,Not Selected,Selected,Selected,66,79,1,0,0,Cluster 2
Real Estate and Rental and Leasing,4,1000-2499,Pennsylvania,Middle Atlantic,North America,1,1,1,0,0,0,1,0,0,0,1,1,3,Real Estate and Rental and Leasing,Financial Activities,Service-Providing Industries,51 - 75%,1,No,Reskilling,50 - 99,500 - 999,Voluntary,1,> 500 hours,2 - 6 months,Yes,"$5,001 - $10,000",30,50,Not Selected,Selected,Not Selected,Selected,Selected,Not Selected,Selected,Selected,Selected,Selected,Selected,89,86,1,0,1,Cluster 2
Retail Trade,4,1000-2499,Texas,West South Central,North America,1,0,0,0,0,0,0,0,0,0,0,1,3,Retail Trade,"Trade, Transportation, and Utilities",Service-Providing Industries,51 - 75%,1,Yes,Reskilling,100 - 499,500 - 999,Voluntary,0,50 - 99 hours,2 - 6 months,Yes,"$1,001 - $5,000",40,20,Not Selected,Selected,Not Selected,Selected,Selected,Not Selected,Not Selected,Selected,Not Selected,Not Selected,Selected,78,89,1,0,1,Cluster 2
Information,6,2500>9999,New York,Middle Atlantic,North America,1,1,1,0,0,0,0,1,0,0,1,1,1,Information,Information,Service-Providing Industries,1 - 25%,1,No,Reskilling,100 - 499,100 - 499,Voluntary,0,10 - 49 hours,2 - 6 months,Yes,"$1,001 - $5,000",25,25,Selected,Not Selected,Not Selected,Not Selected,Not Selected,Selected,Selected,Not Selected,Not Selected,Not Selected,Not Selected,60,60,0,1,0,Cluster 2
Retail Trade,4,1000-2499,Georgia,South Atlantic,North America,1,0,0,0,0,0,0,0,0,0,0,1,1,Retail Trade,"Trade, Transportation, and Utilities",Service-Providing Industries,0%,0,Yes,Reskilling,500 - 999,500 - 999,Voluntary,0,200 - 499 hours,7 - 12 months,Yes,"$1,001 - $5,000",20,40,Not Selected,Selected,Not Selected,Selected,Selected,Selected,Selected,Selected,Selected,Selected,Selected,81,75,1,0,0,Cluster 2
Manufacturing,7,>10k,New Jersey,Middle Atlantic,North America,1,0,0,0,0,0,0,0,0,0,0,0,3,Manufacturing,Manufacturing,Goods-Producing Industries,26 - 50%,0,No,Reskilling,100 - 499,100 - 499,Voluntary,1,100 - 199 hours,7 - 12 months,Yes,"$1,001 - $5,000",40,60,Not Selected,Selected,Not Selected,Not Selected,Not Selected,Selected,Not Selected,Selected,Not Selected,Selected,Not Selected,81,49,0,1,0,Cluster 2
Finance and Insurance,4,1000-2499,New York,Middle Atlantic,North America,1,0,0,0,0,0,0,0,0,0,0,0,1,Finance and Insurance,Financial Activities,Service-Providing Industries,0%,0,Yes,Reskilling,100 - 499,100 - 499,Voluntary,0,50 - 99 hours,7 - 12 months,Yes,"$1,001 - $5,000",0,60,Not Selected,Selected,Not Selected,Selected,Not Selected,Selected,Not Selected,Selected,Not Selected,Selected,Selected,41,50,1,0,0,Cluster 2
Manufacturing,4,1000-2499,Pennsylvania,Middle Atlantic,North America,1,0,0,0,0,0,0,0,0,0,0,1,3,Manufacturing,Manufacturing,Goods-Producing Industries,26 - 50%,0,Yes,Reskilling,500 - 999,10000 - 49999,Voluntary,1,> 500 hours,7 - 12 months,Yes,"$501 - $1,000",15,45,Not Selected,Selected,Not Selected,Selected,Selected,Selected,Selected,Selected,Not Selected,Selected,Selected,81,71,1,0,0,Cluster 2
Retail Trade,2,100-999,Massachusetts,New England,North America,1,0,0,0,0,0,0,0,0,0,0,1,3,Retail Trade,"Trade, Transportation, and Utilities",Service-Providing Industries,26 - 50%,0,Yes,Reskilling,100 - 499,500 - 999,Mandatory,0,10 - 49 hours,2 - 6 months,No,"$501 - $1,000",0,40,Not Selected,Not Selected,Not Selected,Selected,Not Selected,Selected,Selected,Not Selected,Not Selected,Not Selected,Not Selected,18,70,0,0,0,Cluster 2
Management of Companies and Enterprises,4,1000-2499,California,Pacific,North America,1,1,1,0,0,0,1,0,0,0,1,1,1,Management of Companies and Enterprises,Professional and Business Services,Service-Providing Industries,26 - 50%,1,No,Reskilling,500 - 999,1000 - 9999,Voluntary,0,100 - 199 hours,2 - 6 months,Yes,"$501 - $1,000",20,60,Not Selected,Selected,Not Selected,Selected,Not Selected,Not Selected,Selected,Not Selected,Not Selected,Not Selected,Selected,80,60,1,0,0,Cluster 2
Management of Companies and Enterprises,4,1000-2499,California,Pacific,North America,1,1,1,0,0,0,1,0,0,0,1,1,1,Management of Companies and Enterprises,Professional and Business Services,Service-Providing Industries,26 - 50%,1,No,Reskilling,500 - 999,1000 - 9999,Voluntary,0,100 - 199 hours,2 - 6 months,Yes,"$501 - $1,000",20,50,Not Selected,Selected,Not Selected,Selected,Not Selected,Not Selected,Selected,Not Selected,Not Selected,Not Selected,Selected,85,87,1,0,0,Cluster 2
Retail Trade,5,2500>9999,Michigan,East North Central,North America,1,0,0,0,0,0,0,0,0,0,0,0,3,Retail Trade,"Trade, Transportation, and Utilities",Service-Providing Industries,26 - 50%,0,Yes,Reskilling,500 - 999,500 - 999,Voluntary,0,> 500 hours,2 - 6 months,Yes,"$1,001 - $5,000",35,42,Not Selected,Selected,Selected,Selected,Selected,Selected,Selected,Selected,Selected,Selected,Selected,85,85,0,1,0,Cluster 2
Retail Trade,4,1000-2499,Ohio,East North Central,North America,1,0,0,0,0,0,0,0,0,0,0,0,3,Retail Trade,"Trade, Transportation, and Utilities",Service-Providing Industries,76 - 100%,1,Yes,Reskilling,1000 - 9999,1000 - 9999,Voluntary,0,> 500 hours,7 - 12 months,Yes,"$1,001 - $5,000",20,60,Not Selected,Selected,Not Selected,Selected,Not Selected,Selected,Selected,Selected,Not Selected,Selected,Selected,91,94,1,0,1,Cluster 2
Information,4,1000-2499,New York,Middle Atlantic,North America,1,0,0,0,0,0,0,0,0,0,0,0,3,Information,Information,Service-Providing Industries,26 - 50%,0,Yes,Reskilling,100 - 499,500 - 999,Voluntary,0,100 - 199 hours,7 - 12 months,Yes,"$501 - $1,000",20,20,Not Selected,Not Selected,Not Selected,Selected,Not Selected,Selected,Not Selected,Not Selected,Selected,Selected,Not Selected,75,76,1,0,0,Cluster 2
Transportation and Warehousing,4,1000-2499,Texas,West South Central,North America,1,0,0,0,0,0,0,0,0,0,0,1,1,Transportation and Warehousing,"Trade, Transportation, and Utilities",Service-Providing Industries,26 - 50%,1,Yes,Reskilling,500 - 999,1000 - 9999,Voluntary,0,200 - 499 hours,7 - 12 months,Yes,"$501 - $1,000",25,25,Not Selected,Not Selected,Not Selected,Selected,Not Selected,Selected,Not Selected,Not Selected,Selected,Selected,Not Selected,76,80,1,0,0,Cluster 2
Retail Trade,4,1000-2499,Colorado,Mountain,North America,1,0,0,0,0,0,0,0,0,0,0,1,1,Retail Trade,"Trade, Transportation, and Utilities",Service-Providing Industries,26 - 50%,1,Yes,Reskilling,500 - 999,1000 - 9999,Voluntary,0,100 - 199 hours,7 - 12 months,Yes,"$501 - $1,000",20,20,Not Selected,Not Selected,Not Selected,Selected,Not Selected,Selected,Not Selected,Not Selected,Selected,Selected,Not Selected,62,71,1,0,0,Cluster 2
Retail Trade,4,1000-2499,Georgia,South Atlantic,North America,1,0,0,0,0,0,0,0,0,0,0,1,3,Retail Trade,"Trade, Transportation, and Utilities",Service-Providing Industries,26 - 50%,1,No,Reskilling,100 - 499,500 - 999,Voluntary,0,200 - 499 hours,7 - 12 months,Yes,"$501 - $1,000",30,20,Not Selected,Not Selected,Not Selected,Selected,Not Selected,Selected,Not Selected,Not Selected,Selected,Selected,Not Selected,87,86,1,0,0,Cluster 2
Manufacturing,3,100-999,California,Pacific,North America,1,0,0,0,0,0,0,0,0,0,0,0,4,Manufacturing,Manufacturing,Goods-Producing Industries,76 - 100%,0,Yes,Reskilling,100 - 499,500 - 999,Voluntary,0,200 - 499 hours,7 - 12 months,No,"$5,001 - $10,000",30,70,Not Selected,Selected,Not Selected,Not Selected,Not Selected,Not Selected,Selected,Selected,Selected,Selected,Selected,85,70,0,0,1,Cluster 2
Construction,4,1000-2499,Florida,South Atlantic,North America,1,0,0,0,0,0,0,0,0,0,0,1,3,Construction,Construction,Goods-Producing Industries,26 - 50%,1,Yes,Reskilling,100 - 499,500 - 999,Voluntary,0,100 - 199 hours,7 - 12 months,Yes,"$501 - $1,000",25,25,Not Selected,Not Selected,Not Selected,Selected,Not Selected,Selected,Not Selected,Not Selected,Selected,Selected,Not Selected,70,69,1,0,0,Cluster 2
Transportation and Warehousing,4,1000-2499,California,Pacific,North America,1,0,0,0,0,0,0,0,0,0,0,0,4,Transportation and Warehousing,"Trade, Transportation, and Utilities",Service-Providing Industries,26 - 50%,1,Yes,Reskilling,100 - 499,500 - 999,Voluntary,0,200 - 499 hours,7 - 12 months,Yes,"$501 - $1,000",30,30,Not Selected,Not Selected,Not Selected,Not Selected,Not Selected,Selected,Not Selected,Not Selected,Selected,Selected,Not Selected,45,41,1,0,0,Cluster 2
Management of Companies and Enterprises,7,>10k,Missouri,West North Central,North America,1,0,0,0,0,0,0,0,0,0,0,0,3,Management of Companies and Enterprises,Professional and Business Services,Service-Providing Industries,26 - 50%,0,Yes,Reskilling,100 - 499,100 - 499,Voluntary,0,10 - 49 hours,2 - 6 months,Yes,"$501 - $1,000",14,45,Not Selected,Not Selected,Selected,Selected,Not Selected,Not Selected,Not Selected,Selected,Not Selected,Not Selected,Selected,68,83,0,1,0,Cluster 2
Finance and Insurance,3,100-999,California,Pacific,North America,1,1,1,0,0,0,0,1,0,0,1,0,1,Finance and Insurance,Financial Activities,Service-Providing Industries,26 - 50%,1,Yes,Reskilling,100 - 499,100 - 499,Mandatory,0,100 - 199 hours,2 - 6 months,Yes,"$1,001 - $5,000",20,30,Selected,Not Selected,Not Selected,Selected,Not Selected,Not Selected,Selected,Selected,Not Selected,Not Selected,Not Selected,79,90,0,0,0,Cluster 2
"Professional, Scientific, and Technical Services",2,100-999,New York,Middle Atlantic,North America,1,0,0,0,0,0,0,0,0,0,0,0,3,"Professional, Scientific, and Technical Services",Professional and Business Services,Service-Providing Industries,51 - 75%,0,Yes,Reskilling,100 - 499,500 - 999,Voluntary,0,50 - 99 hours,2 - 6 months,Yes,"$501 - $1,000",10,35,Not Selected,Selected,Not Selected,Selected,Not Selected,Not Selected,Not Selected,Selected,Not Selected,Selected,Selected,83,81,0,0,1,Cluster 2
Finance and Insurance,4,1000-2499,Pennsylvania,Middle Atlantic,North America,1,0,0,0,0,0,0,0,0,0,0,0,3,Finance and Insurance,Financial Activities,Service-Providing Industries,26 - 50%,0,Yes,Reskilling,500 - 999,1000 - 9999,Voluntary,1,100 - 199 hours,2 - 6 months,Yes,"$1,001 - $5,000",35,50,Not Selected,Not Selected,Not Selected,Selected,Selected,Selected,Selected,Not Selected,Not Selected,Not Selected,Not Selected,87,78,1,0,0,Cluster 2
Information,3,100-999,Colorado,Mountain,Europe,0,1,0,1,0,0,1,0,0,0,1,1,2,Information,Information,Service-Providing Industries,1 - 25%,0,Yes,Reskilling,100 - 499,100 - 499,Mandatory,0,50 - 99 hours,2 - 6 months,Yes,"$501 - $1,000",30,20,Not Selected,Not Selected,Not Selected,Not Selected,Not Selected,Not Selected,Selected,Selected,Not Selected,Not Selected,Not Selected,73,84,0,0,0,Cluster 2
Retail Trade,4,1000-2499,Maryland,South Atlantic,North America,1,0,0,0,0,0,0,0,0,0,0,1,5,Retail Trade,"Trade, Transportation, and Utilities",Service-Providing Industries,1 - 25%,1,Yes,Reskilling,100 - 499,500 - 999,Mandatory,0,50 - 99 hours,2 - 6 months,Yes,"$1,001 - $5,000",10,80,Not Selected,Selected,Selected,Selected,Selected,Not Selected,Not Selected,Not Selected,Not Selected,Selected,Not Selected,42,82,1,0,0,Cluster 2
Finance and Insurance,4,1000-2499,New Hampshire,New England,North America,1,0,0,0,0,0,0,0,0,0,0,0,1,Finance and Insurance,Financial Activities,Service-Providing Industries,51 - 75%,0,No,Reskilling,100 - 499,100 - 499,Voluntary,0,100 - 199 hours,7 - 12 months,Yes,"$501 - $1,000",5,85,Not Selected,Selected,Not Selected,Not Selected,Not Selected,Selected,Selected,Selected,Not Selected,Not Selected,Selected,72,56,1,0,1,Cluster 2
Manufacturing,4,1000-2499,California,Pacific,North America,1,0,0,0,0,0,0,0,0,0,0,1,3,Manufacturing,Manufacturing,Goods-Producing Industries,51 - 75%,0,Yes,Reskilling,500 - 999,500 - 999,Voluntary,0,100 - 199 hours,2 - 6 months,Yes,"$1,001 - $5,000",10,50,Not Selected,Selected,Not Selected,Selected,Selected,Not Selected,Selected,Selected,Not Selected,Not Selected,Selected,84,93,1,0,1,Cluster 2
Management of Companies and Enterprises,4,1000-2499,California,Pacific,North America,1,0,0,0,0,0,0,0,0,0,0,0,3,Management of Companies and Enterprises,Professional and Business Services,Service-Providing Industries,1 - 25%,0,Yes,Reskilling,500 - 999,1000 - 9999,Voluntary,1,200 - 499 hours,2 - 6 months,Yes,"$501 - $1,000",5,35,Selected,Selected,Selected,Selected,Not Selected,Not Selected,Not Selected,Selected,Not Selected,Not Selected,Selected,68,86,1,0,0,Cluster 2
Retail Trade,4,1000-2499,Florida,South Atlantic,North America,1,0,0,0,0,0,0,0,0,0,0,1,3,Retail Trade,"Trade, Transportation, and Utilities",Service-Providing Industries,26 - 50%,1,Yes,Reskilling,100 - 499,500 - 999,Voluntary,0,100 - 199 hours,2 - 6 months,Yes,"$501 - $1,000",15,55,Selected,Not Selected,Selected,Selected,Selected,Not Selected,Selected,Selected,Not Selected,Not Selected,Not Selected,86,61,1,0,0,Cluster 2
Wholesale Trade,3,100-999,District of Columbia,South Atlantic,Other,0,0,0,0,0,0,0,0,0,0,0,0,3,Wholesale Trade,"Trade, Transportation, and Utilities",Service-Providing Industries,26 - 50%,0,Yes,Reskilling,100 - 499,100 - 499,Mandatory,0,50 - 99 hours,< 1 month,Yes,"$1,001 - $5,000",30,20,Not Selected,Not Selected,Not Selected,Not Selected,Selected,Not Selected,Not Selected,Selected,Not Selected,Not Selected,Not Selected,68,85,0,0,0,Cluster 2
Transportation and Warehousing,3,100-999,District of Columbia,South Atlantic,Africa,0,1,0,1,0,0,0,1,0,0,1,1,4,Transportation and Warehousing,"Trade, Transportation, and Utilities",Service-Providing Industries,51 - 75%,1,Yes,Reskilling,100 - 499,500 - 999,Mandatory,0,50 - 99 hours,2 - 6 months,Yes,"$501 - $1,000",20,10,Selected,Not Selected,Not Selected,Not Selected,Not Selected,Not Selected,Selected,Not Selected,Not Selected,Not Selected,Not Selected,67,59,0,0,1,Cluster 1
"Professional, Scientific, and Technical Services",3,100-999,Rhode Island,New England,Asia,0,1,0,1,0,0,0,1,0,0,1,0,2,"Professional, Scientific, and Technical Services",Professional and Business Services,Service-Providing Industries,26 - 50%,0,Yes,Reskilling,100 - 499,100 - 499,Mandatory,0,50 - 99 hours,2 - 6 months,Yes,"$1,001 - $5,000",30,10,Not Selected,Not Selected,Not Selected,Not Selected,Selected,Not Selected,Not Selected,Not Selected,Not Selected,Not Selected,Not Selected,40,56,0,0,0,Cluster 2
Health Care and Social Assistance,6,2500>9999,Georgia,South Atlantic,North America,1,0,0,0,0,0,0,0,0,0,0,0,1,Health Care and Social Assistance,Education and Health Services,Service-Providing Industries,0%,1,Yes,Reskilling,1000 - 9999,1000 - 9999,Mandatory,1,100 - 199 hours,7 - 12 months,Yes,"$1,001 - $5,000",20,40,Selected,Not Selected,Not Selected,Selected,Not Selected,Selected,Selected,Not Selected,Not Selected,Not Selected,Not Selected,61,79,0,1,0,Cluster 2
"Professional, Scientific, and Technical Services",4,1000-2499,Florida,South Atlantic,North America,1,0,0,0,0,0,0,0,0,0,0,0,5,"Professional, Scientific, and Technical Services",Professional and Business Services,Service-Providing Industries,26 - 50%,0,No,Reskilling,50 - 99,50 - 99,Mandatory,0,10 - 49 hours,< 1 month,Yes,< $500,10,30,Not Selected,Selected,Not Selected,Selected,Selected,Selected,Not Selected,Not Selected,Not Selected,Selected,Not Selected,73,88,1,0,0,Cluster 2
Construction,2,100-999,Texas,West South Central,North America,1,0,0,0,0,0,0,0,0,0,0,0,6,Construction,Construction,Goods-Producing Industries,0%,0,No,Upskilling,50 - 99,100 - 499,Voluntary,1,200 - 499 hours,2 - 6 months,Yes,< $500,0,100,Not Selected,Selected,Not Selected,Not Selected,Not Selected,Not Selected,Selected,Not Selected,Not Selected,Not Selected,Not Selected,62,22,0,0,0,Cluster 1
Retail Trade,3,100-999,Florida,South Atlantic,Europe,0,1,0,1,0,0,0,1,0,0,1,1,2,Retail Trade,"Trade, Transportation, and Utilities",Service-Providing Industries,26 - 50%,0,Yes,Reskilling,50 - 99,50 - 99,Mandatory,0,50 - 99 hours,< 1 month,Yes,"$501 - $1,000",30,40,Not Selected,Not Selected,Not Selected,Not Selected,Selected,Not Selected,Selected,Not Selected,Not Selected,Not Selected,Not Selected,63,50,0,0,0,Cluster 1
Management of Companies and Enterprises,2,100-999,California,Pacific,North America,1,0,0,0,0,0,0,0,0,0,0,0,3,Management of Companies and Enterprises,Professional and Business Services,Service-Providing Industries,0%,1,No,Reskilling,50 - 99,100 - 499,Voluntary,1,10 - 49 hours,2 - 6 months,Yes,< $500,0,100,Not Selected,Selected,Not Selected,Not Selected,Selected,Selected,Selected,Not Selected,Not Selected,Not Selected,Not Selected,71,55,0,0,0,Cluster 1
Transportation and Warehousing,4,1000-2499,Texas,West South Central,North America,1,0,0,0,0,0,0,0,0,0,0,0,1,Transportation and Warehousing,"Trade, Transportation, and Utilities",Service-Providing Industries,26 - 50%,1,Yes,Reskilling,100 - 499,500 - 999,Voluntary,0,100 - 199 hours,7 - 12 months,Yes,"$501 - $1,000",30,20,Not Selected,Selected,Not Selected,Selected,Not Selected,Selected,Selected,Not Selected,Selected,Selected,Not Selected,59,40,1,0,0,Cluster 2
Manufacturing,4,1000-2499,Ohio,East North Central,North America,1,0,0,0,0,0,0,0,0,0,0,0,1,Manufacturing,Manufacturing,Goods-Producing Industries,26 - 50%,1,Yes,Reskilling,100 - 499,500 - 999,Voluntary,0,100 - 199 hours,7 - 12 months,Yes,"$501 - $1,000",20,30,Not Selected,Selected,Not Selected,Selected,Not Selected,Selected,Not Selected,Not Selected,Selected,Selected,Not Selected,55,62,1,0,0,Cluster 2
Manufacturing,4,1000-2499,Alabama,East South Central,North America,1,0,0,0,0,0,0,0,0,0,0,0,4,Manufacturing,Manufacturing,Goods-Producing Industries,26 - 50%,0,Yes,Reskilling,100 - 499,500 - 999,Voluntary,0,100 - 199 hours,7 - 12 months,Yes,"$501 - $1,000",30,20,Not Selected,Selected,Not Selected,Selected,Not Selected,Selected,Not Selected,Not Selected,Selected,Selected,Not Selected,34,60,1,0,0,Cluster 2
Manufacturing,4,1000-2499,West Virginia,South Atlantic,North America,1,0,0,0,0,0,0,0,0,0,0,0,5,Manufacturing,Manufacturing,Goods-Producing Industries,26 - 50%,0,Yes,Reskilling,100 - 499,500 - 999,Voluntary,0,100 - 199 hours,7 - 12 months,Yes,"$501 - $1,000",30,20,Not Selected,Selected,Not Selected,Selected,Not Selected,Selected,Not Selected,Not Selected,Selected,Selected,Not Selected,52,65,1,0,0,Cluster 2
Information,4,1000-2499,Maryland,South Atlantic,North America,1,0,0,0,0,0,0,0,0,0,0,0,3,Information,Information,Service-Providing Industries,26 - 50%,0,Yes,Reskilling,100 - 499,500 - 999,Voluntary,0,100 - 199 hours,7 - 12 months,Yes,"$501 - $1,000",30,30,Not Selected,Selected,Not Selected,Selected,Not Selected,Selected,Selected,Not Selected,Selected,Selected,Not Selected,35,61,1,0,0,Cluster 2
Finance and Insurance,4,1000-2499,Pennsylvania,Middle Atlantic,North America,1,0,0,0,0,0,0,0,0,0,0,0,4,Finance and Insurance,Financial Activities,Service-Providing Industries,26 - 50%,0,Yes,Reskilling,100 - 499,500 - 999,Voluntary,0,100 - 199 hours,7 - 12 months,Yes,"$501 - $1,000",30,20,Not Selected,Selected,Not Selected,Selected,Not Selected,Selected,Selected,Not Selected,Selected,Selected,Not Selected,48,61,1,0,0,Cluster 2
Retail Trade,3,100-999,California,Pacific,North America,1,0,0,0,0,0,0,0,0,0,0,0,1,Retail Trade,"Trade, Transportation, and Utilities",Service-Providing Industries,51 - 75%,0,No,Reskilling,Fewer than 50,50 - 99,Voluntary,0,10 - 49 hours,2 - 6 months,Yes,"$1,001 - $5,000",0,100,Not Selected,Selected,Not Selected,Selected,Not Selected,Not Selected,Not Selected,Selected,Not Selected,Selected,Not Selected,77,77,0,0,1,Cluster 1
Manufacturing,4,1000-2499,California,Pacific,North America,1,0,0,0,0,0,0,0,0,0,0,1,1,Manufacturing,Manufacturing,Goods-Producing Industries,0%,0,Yes,Reskilling,50 - 99,100 - 499,Voluntary,0,50 - 99 hours,2 - 6 months,Yes,"$501 - $1,000",10,70,Not Selected,Selected,Not Selected,Selected,Not Selected,Selected,Selected,Not Selected,Not Selected,Selected,Selected,78,88,1,0,0,Cluster 2
Manufacturing,3,100-999,Wisconsin,East North Central,North America,1,1,1,0,0,0,1,0,0,0,1,1,1,Manufacturing,Manufacturing,Goods-Producing Industries,26 - 50%,0,Yes,Reskilling,100 - 499,500 - 999,Voluntary,1,100 - 199 hours,2 - 6 months,Yes,"> $10,000",20,50,Not Selected,Selected,Not Selected,Not Selected,Not Selected,Not Selected,Not Selected,Selected,Not Selected,Selected,Selected,70,86,0,0,0,Cluster 1
Information,4,1000-2499,Florida,South Atlantic,North America,1,0,0,0,0,0,0,0,0,0,0,0,3,Information,Information,Service-Providing Industries,26 - 50%,1,Yes,Reskilling,100 - 499,500 - 999,Voluntary,0,100 - 199 hours,7 - 12 months,Yes,"$501 - $1,000",25,25,Not Selected,Not Selected,Not Selected,Selected,Not Selected,Selected,Not Selected,Not Selected,Selected,Selected,Not Selected,58,67,1,0,0,Cluster 2
Information,4,1000-2499,Texas,West South Central,North America,1,0,0,0,0,0,0,0,0,0,0,0,3,Information,Information,Service-Providing Industries,26 - 50%,1,Yes,Reskilling,100 - 499,500 - 999,Voluntary,0,200 - 499 hours,7 - 12 months,Yes,"$501 - $1,000",20,20,Not Selected,Selected,Not Selected,Selected,Not Selected,Selected,Not Selected,Not Selected,Selected,Selected,Not Selected,50,64,1,0,0,Cluster 2
Finance and Insurance,4,1000-2499,Indiana,East North Central,North America,1,0,0,0,0,0,0,0,0,0,0,0,5,Finance and Insurance,Financial Activities,Service-Providing Industries,76 - 100%,0,No,Reskilling,100 - 499,100 - 499,Voluntary,1,10 - 49 hours,2 - 6 months,Yes,"$501 - $1,000",0,100,Not Selected,Selected,Not Selected,Not Selected,Selected,Selected,Selected,Selected,Not Selected,Selected,Selected,13,27,1,0,1,Cluster 1
Finance and Insurance,3,100-999,Maryland,South Atlantic,North America,1,1,1,0,1,1,0,0,0,0,2,0,2,Finance and Insurance,Financial Activities,Service-Providing Industries,26 - 50%,1,No,Reskilling,100 - 499,500 - 999,Voluntary,0,10 - 49 hours,2 - 6 months,Yes,"$1,001 - $5,000",30,20,Selected,Not Selected,Not Selected,Selected,Not Selected,Not Selected,Not Selected,Not Selected,Not Selected,Not Selected,Not Selected,41,29,0,0,0,Cluster 2
Manufacturing,5,2500>9999,Florida,South Atlantic,North America,1,1,1,0,0,0,1,1,0,0,2,1,3,Manufacturing,Manufacturing,Goods-Producing Industries,51 - 75%,1,Yes,Reskilling,100 - 499,100 - 499,Voluntary,0,50 - 99 hours,2 - 6 months,Yes,"$501 - $1,000",40,50,Selected,Selected,Not Selected,Not Selected,Not Selected,Not Selected,Selected,Not Selected,Not Selected,Selected,Selected,81,88,0,1,1,Cluster 2
Health Care and Social Assistance,2,100-999,Pennsylvania,Middle Atlantic,North America,1,0,0,0,0,0,0,0,0,0,0,0,5,Health Care and Social Assistance,Education and Health Services,Service-Providing Industries,51 - 75%,0,No,Reskilling,Fewer than 50,50 - 99,Voluntary,1,100 - 199 hours,2 - 6 months,Yes,"$1,001 - $5,000",0,100,Not Selected,Selected,Selected,Not Selected,Selected,Not Selected,Not Selected,Not Selected,Not Selected,Selected,Not Selected,31,40,0,0,1,Cluster 1
Wholesale Trade,3,100-999,Washington,Pacific,North America,1,0,0,0,0,0,0,0,0,0,0,0,1,Wholesale Trade,"Trade, Transportation, and Utilities",Service-Providing Industries,76 - 100%,1,Yes,Reskilling,50 - 99,50 - 99,Mandatory,0,10 - 49 hours,2 - 6 months,Yes,< $500,0,100,Not Selected,Selected,Not Selected,Not Selected,Not Selected,Selected,Selected,Selected,Not Selected,Selected,Not Selected,76,100,0,0,1,Cluster 1
Manufacturing,2,100-999,Illinois,East North Central,North America,1,0,0,0,0,0,0,0,0,0,0,0,3,Manufacturing,Manufacturing,Goods-Producing Industries,0%,0,No,Reskilling,100 - 499,Fewer than 50,Voluntary,1,200 - 499 hours,2 - 6 months,Yes,"$5,001 - $10,000",0,100,Not Selected,Selected,Not Selected,Not Selected,Not Selected,Not Selected,Selected,Not Selected,Not Selected,Not Selected,Not Selected,20,20,0,0,0,Cluster 1
Construction,5,2500>9999,North Carolina,South Atlantic,North America,1,0,0,0,0,0,0,0,0,0,0,1,2,Construction,Construction,Goods-Producing Industries,26 - 50%,0,No,Reskilling,1000 - 9999,1000 - 9999,Voluntary,1,200 - 499 hours,7 - 12 months,Yes,"$5,001 - $10,000",10,60,Not Selected,Not Selected,Not Selected,Selected,Not Selected,Selected,Selected,Not Selected,Not Selected,Not Selected,Not Selected,27,64,0,1,0,Cluster 1
"Professional, Scientific, and Technical Services",4,1000-2499,Texas,West South Central,North America,1,1,1,0,1,0,1,0,1,0,3,1,1,"Professional, Scientific, and Technical Services",Professional and Business Services,Service-Providing Industries,0%,1,Yes,Reskilling,500 - 999,1000 - 9999,Voluntary,1,100 - 199 hours,2 - 6 months,Yes,"$1,001 - $5,000",0,70,Selected,Selected,Not Selected,Selected,Selected,Not Selected,Selected,Selected,Not Selected,Selected,Selected,81,76,1,0,0,Cluster 2
Real Estate and Rental and Leasing,3,100-999,District of Columbia,South Atlantic,Africa,0,0,0,0,0,0,0,0,0,0,0,0,2,Real Estate and Rental and Leasing,Financial Activities,Service-Providing Industries,26 - 50%,0,Yes,Reskilling,100 - 499,100 - 499,Mandatory,0,50 - 99 hours,2 - 6 months,Yes,"$501 - $1,000",20,10,Not Selected,Not Selected,Not Selected,Not Selected,Not Selected,Not Selected,Selected,Not Selected,Not Selected,Not Selected,Not Selected,46,56,0,0,0,Cluster 2
Finance and Insurance,3,100-999,California,Pacific,North America,1,0,0,0,0,0,0,0,0,0,0,0,5,Finance and Insurance,Financial Activities,Service-Providing Industries,76 - 100%,0,Yes,Reskilling,100 - 499,500 - 999,Voluntary,0,50 - 99 hours,2 - 6 months,Yes,"$501 - $1,000",18,55,Not Selected,Selected,Not Selected,Not Selected,Not Selected,Not Selected,Not Selected,Not Selected,Not Selected,Selected,Not Selected,57,62,0,0,1,Cluster 2
Wholesale Trade,7,>10k,Connecticut,New England,Africa,0,1,0,1,0,1,0,1,0,0,2,1,2,Wholesale Trade,"Trade, Transportation, and Utilities",Service-Providing Industries,26 - 50%,1,No,Reskilling,50 - 99,500 - 999,Mandatory,0,50 - 99 hours,7 - 12 months,Yes,"$1,001 - $5,000",20,20,Not Selected,Not Selected,Not Selected,Not Selected,Not Selected,Not Selected,Not Selected,Selected,Selected,Selected,Not Selected,74,79,0,1,0,Cluster 2
Retail Trade,7,>10k,Arkansas,West South Central,Other,0,1,0,1,0,1,1,0,0,0,2,1,3,Retail Trade,"Trade, Transportation, and Utilities",Service-Providing Industries,26 - 50%,1,Yes,Reskilling,100 - 499,500 - 999,Mandatory,0,100 - 199 hours,7 - 12 months,Yes,"$5,001 - $10,000",30,10,Not Selected,Not Selected,Not Selected,Not Selected,Not Selected,Selected,Selected,Not Selected,Not Selected,Not Selected,Not Selected,71,84,0,1,0,Cluster 2
Management of Companies and Enterprises,5,2500>9999,Illinois,East North Central,North America,1,1,1,0,1,0,0,0,0,0,1,1,3,Management of Companies and Enterprises,Professional and Business Services,Service-Providing Industries,26 - 50%,1,Yes,Reskilling,50 - 99,100 - 499,Voluntary,0,100 - 199 hours,2 - 6 months,Yes,"$1,001 - $5,000",20,20,Not Selected,Selected,Not Selected,Not Selected,Not Selected,Not Selected,Selected,Selected,Not Selected,Not Selected,Selected,66,60,0,1,0,Cluster 1
"Professional, Scientific, and Technical Services",6,2500>9999,Pennsylvania,Middle Atlantic,North America,1,0,0,0,0,0,0,0,0,0,0,0,3,"Professional, Scientific, and Technical Services",Professional and Business Services,Service-Providing Industries,51 - 75%,1,Yes,Reskilling,1000 - 9999,500 - 999,Mandatory,0,100 - 199 hours,7 - 12 months,Yes,"$1,001 - $5,000",20,20,Selected,Not Selected,Not Selected,Not Selected,Selected,Selected,Not Selected,Not Selected,Not Selected,Not Selected,Not Selected,63,73,0,1,1,Cluster 2
Retail Trade,3,100-999,Texas,West South Central,North America,1,0,0,0,0,0,0,0,0,0,0,1,5,Retail Trade,"Trade, Transportation, and Utilities",Service-Providing Industries,1 - 25%,0,Yes,Reskilling,100 - 499,100 - 499,Voluntary,0,100 - 199 hours,2 - 6 months,Yes,"$501 - $1,000",35,65,Not Selected,Selected,Not Selected,Selected,Not Selected,Not Selected,Not Selected,Selected,Not Selected,Selected,Selected,36,50,0,0,0,Cluster 2
"Professional, Scientific, and Technical Services",10,>10k,California,Pacific,North America,1,1,1,0,0,0,0,0,1,0,1,1,3,"Professional, Scientific, and Technical Services",Professional and Business Services,Service-Providing Industries,26 - 50%,1,Yes,Reskilling,1000 - 9999,1000 - 9999,Mandatory,0,> 500 hours,2 - 6 months,Yes,"$1,001 - $5,000",15,15,Selected,Not Selected,Not Selected,Not Selected,Not Selected,Selected,Not Selected,Not Selected,Not Selected,Not Selected,Not Selected,68,81,0,1,0,Cluster 2
"Professional, Scientific, and Technical Services",6,2500>9999,Kentucky,East South Central,North America,1,0,0,0,0,0,0,0,0,0,0,0,1,"Professional, Scientific, and Technical Services",Professional and Business Services,Service-Providing Industries,0%,0,Yes,Reskilling,100 - 499,500 - 999,Voluntary,1,50 - 99 hours,2 - 6 months,Yes,"$501 - $1,000",25,24,Not Selected,Selected,Not Selected,Selected,Not Selected,Selected,Not Selected,Not Selected,Not Selected,Not Selected,Not Selected,38,20,0,1,0,Cluster 2
Construction,3,100-999,California,Pacific,North America,1,1,1,0,0,0,1,0,0,0,1,1,3,Construction,Construction,Goods-Producing Industries,51 - 75%,1,Yes,Reskilling,500 - 999,100 - 499,Mandatory,0,100 - 199 hours,2 - 6 months,Yes,"$5,001 - $10,000",30,20,Selected,Not Selected,Not Selected,Not Selected,Selected,Not Selected,Not Selected,Not Selected,Not Selected,Not Selected,Selected,100,100,0,0,1,Cluster 2
"Professional, Scientific, and Technical Services",4,1000-2499,Texas,West South Central,North America,1,0,0,0,0,0,0,0,0,0,0,0,1,"Professional, Scientific, and Technical Services",Professional and Business Services,Service-Providing Industries,1 - 25%,0,No,Reskilling,100 - 499,500 - 999,Voluntary,0,50 - 99 hours,2 - 6 months,Yes,"$1,001 - $5,000",10,45,Not Selected,Selected,Not Selected,Selected,Not Selected,Not Selected,Selected,Not Selected,Selected,Selected,Selected,50,88,1,0,0,Cluster 2
Retail Trade,5,2500>9999,Texas,West South Central,North America,1,0,0,0,0,0,0,0,0,0,0,1,3,Retail Trade,"Trade, Transportation, and Utilities",Service-Providing Industries,26 - 50%,1,No,Reskilling,500 - 999,1000 - 9999,Mandatory,0,100 - 199 hours,7 - 12 months,Yes,"$5,001 - $10,000",0,10,Selected,Not Selected,Not Selected,Not Selected,Selected,Selected,Not Selected,Not Selected,Not Selected,Not Selected,Not Selected,77,56,0,1,0,Cluster 2
Manufacturing,4,1000-2499,Florida,South Atlantic,North America,1,0,0,0,0,0,0,0,0,0,0,1,5,Manufacturing,Manufacturing,Goods-Producing Industries,26 - 50%,0,Yes,Reskilling,100 - 499,500 - 999,Mandatory,0,50 - 99 hours, > 12 months,Yes,"$1,001 - $5,000",20,10,Not Selected,Not Selected,Not Selected,Selected,Selected,Selected,Not Selected,Not Selected,Not Selected,Not Selected,Not Selected,68,89,1,0,0,Cluster 2
Manufacturing,6,2500>9999,Maryland,South Atlantic,North America,1,0,0,0,0,0,0,0,0,0,0,0,3,Manufacturing,Manufacturing,Goods-Producing Industries,51 - 75%,1,Yes,Reskilling,100 - 499,1000 - 9999,Voluntary,0,100 - 199 hours,7 - 12 months,Yes,"$1,001 - $5,000",0,65,Not Selected,Selected,Not Selected,Selected,Not Selected,Selected,Not Selected,Not Selected,Not Selected,Selected,Not Selected,70,65,0,1,1,Cluster 2
Accommodation and Food Services,3,100-999,Louisiana,West South Central,North America,1,0,0,0,0,0,0,0,0,0,0,0,2,Accommodation and Food Services,Leisure and Hospitality,Service-Providing Industries,0%,0,No,Upskilling,100 - 499,100 - 499,Voluntary,1,< 10 hours,< 1 month,Yes,< $500,20,80,Not Selected,Selected,Not Selected,Not Selected,Not Selected,Not Selected,Selected,Selected,Not Selected,Not Selected,Selected,70,70,0,0,0,Cluster 1
Real Estate and Rental and Leasing,3,100-999,Kansas,West North Central,North America,1,0,0,0,0,0,0,0,0,0,0,0,4,Real Estate and Rental and Leasing,Financial Activities,Service-Providing Industries,0%,1,No,Reskilling,50 - 99,100 - 499,Voluntary,1,100 - 199 hours,7 - 12 months,Yes,"$1,001 - $5,000",0,100,Not Selected,Selected,Not Selected,Not Selected,Not Selected,Selected,Not Selected,Not Selected,Not Selected,Not Selected,Selected,75,75,0,0,0,Cluster 1
Manufacturing,4,1000-2499,Wisconsin,East North Central,North America,1,0,0,0,0,0,0,0,0,0,0,0,3,Manufacturing,Manufacturing,Goods-Producing Industries,0%,0,No,Reskilling,50 - 99,50 - 99,Voluntary,0,100 - 199 hours,2 - 6 months,Yes,"$501 - $1,000",0,100,Not Selected,Selected,Not Selected,Not Selected,Not Selected,Not Selected,Selected,Selected,Not Selected,Not Selected,Not Selected,20,30,1,0,0,Cluster 1
Finance and Insurance,4,1000-2499,Indiana,East North Central,Europe,0,1,0,1,1,0,1,1,1,0,4,0,1,Finance and Insurance,Financial Activities,Service-Providing Industries,0%,0,No,Reskilling,500 - 999,500 - 999,Voluntary,1,10 - 49 hours, > 12 months,Yes,"$1,001 - $5,000",0,100,Not Selected,Selected,Not Selected,Not Selected,Selected,Not Selected,Selected,Not Selected,Not Selected,Not Selected,Selected,100,92,1,0,0,Cluster 2
Construction,3,100-999,Texas,West South Central,North America,1,1,1,0,1,0,0,0,0,0,1,1,4,Construction,Construction,Goods-Producing Industries,26 - 50%,1,Yes,Reskilling,500 - 999,1000 - 9999,Voluntary,0,10 - 49 hours,2 - 6 months,Yes,"$501 - $1,000",10,40,Selected,Not Selected,Not Selected,Selected,Not Selected,Not Selected,Not Selected,Not Selected,Not Selected,Not Selected,Not Selected,95,100,0,0,0,Cluster 2
Transportation and Warehousing,4,1000-2499,Arizona,Mountain,North America,1,0,0,0,0,0,0,0,0,0,0,0,1,Transportation and Warehousing,"Trade, Transportation, and Utilities",Service-Providing Industries,0%,1,No,Reskilling,100 - 499,500 - 999,Mandatory,0,200 - 499 hours,7 - 12 months,Yes,< $500,0,80,Not Selected,Not Selected,Not Selected,Not Selected,Selected,Not Selected,Selected,Not Selected,Selected,Not Selected,Not Selected,44,49,1,0,0,Cluster 2
Utilities,5,2500>9999,Tennessee,East South Central,North America,1,0,0,0,0,0,0,0,0,0,0,0,3,Utilities,"Trade, Transportation, and Utilities",Goods-Producing Industries,51 - 75%,1,No,Reskilling,50 - 99,100 - 499,Voluntary,0,50 - 99 hours,7 - 12 months,Yes,"$501 - $1,000",0,100,Selected,Not Selected,Not Selected,Not Selected,Not Selected,Not Selected,Selected,Selected,Not Selected,Not Selected,Not Selected,87,51,0,1,1,Cluster 1
Construction,4,1000-2499,Texas,West South Central,North America,1,0,0,0,0,0,0,0,0,0,0,1,3,Construction,Construction,Goods-Producing Industries,76 - 100%,1,Yes,Reskilling,100 - 499,500 - 999,Voluntary,0,200 - 499 hours,7 - 12 months,Yes,"$501 - $1,000",0,50,Not Selected,Selected,Not Selected,Not Selected,Not Selected,Selected,Selected,Selected,Selected,Selected,Selected,98,99,1,0,1,Cluster 2
"Professional, Scientific, and Technical Services",4,1000-2499,Tennessee,East South Central,North America,1,1,1,0,0,0,0,0,1,0,1,1,1,"Professional, Scientific, and Technical Services",Professional and Business Services,Service-Providing Industries,0%,1,Yes,Reskilling,50 - 99,100 - 499,Voluntary,0,50 - 99 hours,2 - 6 months,Yes,"$501 - $1,000",0,0,Not Selected,Selected,Not Selected,Not Selected,Selected,Selected,Selected,Selected,Not Selected,Not Selected,Selected,56,79,1,0,0,Cluster 1
Real Estate and Rental and Leasing,7,>10k,Virginia,South Atlantic,North America,1,0,0,0,0,0,0,0,0,0,0,0,3,Real Estate and Rental and Leasing,Financial Activities,Service-Providing Industries,0%,0,Yes,Reskilling,500 - 999,1000 - 9999,Voluntary,1,50 - 99 hours,2 - 6 months,Yes,"$1,001 - $5,000",30,20,Not Selected,Selected,Not Selected,Selected,Not Selected,Selected,Not Selected,Selected,Not Selected,Selected,Not Selected,66,88,0,1,0,Cluster 2
Finance and Insurance,9,>10k,North Carolina,South Atlantic,North America,1,0,0,0,0,0,0,0,0,0,0,1,1,Finance and Insurance,Financial Activities,Service-Providing Industries,51 - 75%,1,Yes,Reskilling,1000 - 9999,1000 - 9999,Mandatory,0,100 - 199 hours,7 - 12 months,Yes,"$5,001 - $10,000",20,20,Selected,Not Selected,Selected,Not Selected,Selected,Selected,Not Selected,Selected,Not Selected,Not Selected,Not Selected,89,92,0,1,1,Cluster 2
Information,4,1000-2499,Florida,South Atlantic,North America,1,0,0,0,0,0,0,0,0,0,0,0,2,Information,Information,Service-Providing Industries,26 - 50%,0,Yes,Upskilling,100 - 499,500 - 999,Mandatory,0,50 - 99 hours,2 - 6 months,Yes,"$501 - $1,000",20,30,Not Selected,Selected,Selected,Selected,Not Selected,Selected,Not Selected,Not Selected,Not Selected,Selected,Not Selected,64,78,1,0,0,Cluster 2
Utilities,4,1000-2499,Pennsylvania,Middle Atlantic,North America,1,0,0,0,0,0,0,0,0,0,0,0,1,Utilities,"Trade, Transportation, and Utilities",Goods-Producing Industries,0%,1,No,Reskilling,Fewer than 50,50 - 99,Voluntary,0,200 - 499 hours,2 - 6 months,Yes,"$5,001 - $10,000",0,100,Not Selected,Selected,Not Selected,Not Selected,Not Selected,Selected,Selected,Not Selected,Not Selected,Selected,Selected,33,14,1,0,0,Cluster 1
Retail Trade,4,1000-2499,Texas,West South Central,North America,1,0,0,0,0,0,0,0,0,0,0,0,1,Retail Trade,"Trade, Transportation, and Utilities",Service-Providing Industries,0%,0,No,Reskilling,50 - 99,100 - 499,Voluntary,0,50 - 99 hours,2 - 6 months,Yes,"$1,001 - $5,000",0,100,Not Selected,Selected,Not Selected,Not Selected,Selected,Not Selected,Not Selected,Not Selected,Not Selected,Not Selected,Selected,40,41,1,0,0,Cluster 1
Retail Trade,4,1000-2499,Maryland,South Atlantic,North America,1,0,0,0,0,0,0,0,0,0,0,0,3,Retail Trade,"Trade, Transportation, and Utilities",Service-Providing Industries,0%,0,No,Reskilling,50 - 99,100 - 499,Voluntary,1,200 - 499 hours,7 - 12 months,Yes,< $500,0,100,Not Selected,Selected,Not Selected,Not Selected,Not Selected,Selected,Not Selected,Not Selected,Not Selected,Not Selected,Not Selected,75,70,1,0,0,Cluster 1
"Professional, Scientific, and Technical Services",4,1000-2499,Texas,West South Central,North America,1,0,0,0,0,0,0,0,0,0,0,0,2,"Professional, Scientific, and Technical Services",Professional and Business Services,Service-Providing Industries,0%,0,Yes,Reskilling,50 - 99,100 - 499,Voluntary,1,200 - 499 hours,2 - 6 months,Yes,"$501 - $1,000",30,60,Not Selected,Selected,Not Selected,Selected,Not Selected,Selected,Not Selected,Not Selected,Not Selected,Not Selected,Selected,30,40,1,0,0,Cluster 1
Information,2,100-999,South Carolina,South Atlantic,North America,1,0,0,0,0,0,0,0,0,0,0,0,1,Information,Information,Service-Providing Industries,26 - 50%,1,I don't know,Reskilling,100 - 499,100 - 499,Voluntary,1,10 - 49 hours,2 - 6 months,Yes,"$1,001 - $5,000",15,55,Not Selected,Selected,Not Selected,Selected,Selected,Selected,Selected,Selected,Not Selected,Not Selected,Selected,30,33,0,0,0,Cluster 1
Retail Trade,6,2500>9999,Iowa,West North Central,North America,1,0,0,0,0,0,0,0,0,0,0,0,6,Retail Trade,"Trade, Transportation, and Utilities",Service-Providing Industries,0%,1,No,Upskilling,500 - 999,1000 - 9999,Voluntary,1,10 - 49 hours,2 - 6 months,Yes,"$1,001 - $5,000",0,100,Not Selected,Selected,Not Selected,Selected,Not Selected,Not Selected,Not Selected,Not Selected,Not Selected,Not Selected,Not Selected,65,77,0,1,0,Cluster 2
Wholesale Trade,5,2500>9999,Connecticut,New England,North America,1,0,0,0,0,0,0,0,0,0,0,0,4,Wholesale Trade,"Trade, Transportation, and Utilities",Service-Providing Industries,51 - 75%,1,No,Reskilling,100 - 499,500 - 999,Voluntary,0,50 - 99 hours,7 - 12 months,Yes,"$501 - $1,000",0,80,Not Selected,Selected,Not Selected,Not Selected,Selected,Not Selected,Not Selected,Not Selected,Not Selected,Not Selected,Selected,47,84,0,1,1,Cluster 2
Management of Companies and Enterprises,5,2500>9999,Illinois,East North Central,North America,1,0,0,0,0,0,0,0,0,0,0,0,1,Management of Companies and Enterprises,Professional and Business Services,Service-Providing Industries,26 - 50%,1,No,Reskilling,100 - 499,1000 - 9999,Voluntary,1,100 - 199 hours,2 - 6 months,No,"$1,001 - $5,000",25,75,Not Selected,Not Selected,Not Selected,Not Selected,Not Selected,Not Selected,Selected,Selected,Not Selected,Not Selected,Selected,61,66,0,1,0,Cluster 1
Retail Trade,6,2500>9999,California,Pacific,North America,1,0,0,0,0,0,0,0,0,0,0,0,3,Retail Trade,"Trade, Transportation, and Utilities",Service-Providing Industries,0%,0,No,Reskilling,100 - 499,500 - 999,Voluntary,1,200 - 499 hours, > 12 months,No,"$1,001 - $5,000",0,100,Not Selected,Selected,Not Selected,Not Selected,Not Selected,Selected,Not Selected,Not Selected,Selected,Not Selected,Not Selected,80,35,0,1,0,Cluster 2
Health Care and Social Assistance,3,100-999,Ohio,East North Central,North America,1,0,0,0,0,0,0,0,0,0,0,0,3,Health Care and Social Assistance,Education and Health Services,Service-Providing Industries,0%,0,No,Reskilling,100 - 499,50 - 99,Voluntary,0,100 - 199 hours,< 1 month,Yes,< $500,15,25,Not Selected,Selected,Not Selected,Not Selected,Not Selected,Selected,Selected,Not Selected,Selected,Not Selected,Selected,67,80,0,0,0,Cluster 2
Transportation and Warehousing,10,>10k,California,Pacific,North America,1,1,1,0,1,0,1,0,1,1,4,1,6,Transportation and Warehousing,"Trade, Transportation, and Utilities",Service-Providing Industries,51 - 75%,1,I don't know,Upskilling,100 - 499,500 - 999,Voluntary,1,< 10 hours,< 1 month,Yes,< $500,0,100,Not Selected,Selected,Not Selected,Selected,Not Selected,Not Selected,Not Selected,Not Selected,Not Selected,Not Selected,Not Selected,9,13,0,1,1,Cluster 1
Management of Companies and Enterprises,3,100-999,Colorado,Mountain,North America,1,0,0,0,0,0,0,0,0,0,0,1,3,Management of Companies and Enterprises,Professional and Business Services,Service-Providing Industries,51 - 75%,0,No,Reskilling,1000 - 9999,1000 - 9999,Voluntary,0,100 - 199 hours,7 - 12 months,Yes,"$1,001 - $5,000",10,10,Not Selected,Selected,Selected,Not Selected,Not Selected,Selected,Not Selected,Not Selected,Selected,Selected,Not Selected,80,82,0,0,1,Cluster 2
Health Care and Social Assistance,6,2500>9999,Michigan,East North Central,North America,1,0,0,0,0,0,0,0,0,0,0,0,5,Health Care and Social Assistance,Education and Health Services,Service-Providing Industries,1 - 25%,1,No,Reskilling,500 - 999,500 - 999,Voluntary,1,100 - 199 hours,2 - 6 months,Yes,"$1,001 - $5,000",0,100,Not Selected,Selected,Not Selected,Not Selected,Not Selected,Not Selected,Not Selected,Not Selected,Not Selected,Not Selected,Selected,90,95,0,1,0,Cluster 2
Construction,3,100-999,Illinois,East North Central,North America,1,0,0,0,0,0,0,0,0,0,0,1,1,Construction,Construction,Goods-Producing Industries,26 - 50%,1,Yes,Reskilling,50 - 99,100 - 499,Mandatory,0,100 - 199 hours,2 - 6 months,Yes,< $500,15,40,Not Selected,Not Selected,Not Selected,Selected,Not Selected,Selected,Selected,Not Selected,Not Selected,Not Selected,Not Selected,47,70,0,0,0,Cluster 2
Manufacturing,4,1000-2499,South Carolina,South Atlantic,North America,1,1,1,0,0,0,0,0,1,0,1,1,3,Manufacturing,Manufacturing,Goods-Producing Industries,26 - 50%,1,Yes,Reskilling,50 - 99,100 - 499,Mandatory,1,100 - 199 hours,< 1 month,Yes,"$501 - $1,000",0,33,Not Selected,Selected,Not Selected,Selected,Not Selected,Not Selected,Selected,Not Selected,Not Selected,Not Selected,Not Selected,40,40,1,0,0,Cluster 1
Information,6,2500>9999,Washington,Pacific,North America,1,1,1,0,1,0,0,0,1,0,2,1,3,Information,Information,Service-Providing Industries,51 - 75%,1,Yes,Reskilling,50 - 99,100 - 499,Voluntary,0,50 - 99 hours,2 - 6 months,Yes,"$1,001 - $5,000",30,40,Not Selected,Selected,Not Selected,Not Selected,Not Selected,Selected,Selected,Not Selected,Not Selected,Not Selected,Not Selected,63,85,0,1,1,Cluster 1
Construction,3,100-999,Louisiana,West South Central,North America,1,0,0,0,0,0,0,0,0,0,0,0,3,Construction,Construction,Goods-Producing Industries,0%,1,No,Reskilling,100 - 499,100 - 499,Mandatory,0,200 - 499 hours,7 - 12 months,Yes,"$1,001 - $5,000",25,25,Not Selected,Not Selected,Selected,Selected,Not Selected,Not Selected,Not Selected,Not Selected,Not Selected,Not Selected,Not Selected,81,80,0,0,0,Cluster 2
Health Care and Social Assistance,5,2500>9999,Alabama,East South Central,North America,1,0,0,0,0,0,0,0,0,0,0,0,5,Health Care and Social Assistance,Education and Health Services,Service-Providing Industries,0%,0,No,Reskilling,100 - 499,500 - 999,Voluntary,1,50 - 99 hours,2 - 6 months,Yes,< $500,0,100,Not Selected,Selected,Not Selected,Selected,Selected,Not Selected,Not Selected,Selected,Not Selected,Not Selected,Selected,30,70,0,1,0,Cluster 1
"Professional, Scientific, and Technical Services",4,1000-2499,Texas,West South Central,North America,1,0,0,0,0,0,0,0,0,0,0,0,1,"Professional, Scientific, and Technical Services",Professional and Business Services,Service-Providing Industries,76 - 100%,1,Yes,Reskilling,1000 - 9999,1000 - 9999,Mandatory,1,> 500 hours,2 - 6 months,Yes,"$1,001 - $5,000",20,20,Selected,Selected,Not Selected,Selected,Not Selected,Not Selected,Selected,Not Selected,Not Selected,Selected,Selected,100,50,1,0,1,Cluster 2
Finance and Insurance,4,1000-2499,North Carolina,South Atlantic,North America,1,0,0,0,0,0,0,0,0,0,0,0,5,Finance and Insurance,Financial Activities,Service-Providing Industries,76 - 100%,1,Yes,Reskilling,50 - 99,500 - 999,Voluntary,0,50 - 99 hours,7 - 12 months,Yes,< $500,0,75,Not Selected,Selected,Not Selected,Selected,Selected,Not Selected,Not Selected,Selected,Not Selected,Not Selected,Not Selected,71,40,1,0,1,Cluster 1
Manufacturing,3,100-999,Tennessee,East South Central,North America,1,1,1,0,1,0,0,0,0,0,1,1,3,Manufacturing,Manufacturing,Goods-Producing Industries,0%,0,No,Reskilling,100 - 499,500 - 999,Voluntary,1,50 - 99 hours,2 - 6 months,Yes,< $500,0,100,Not Selected,Selected,Not Selected,Not Selected,Selected,Not Selected,Selected,Not Selected,Not Selected,Not Selected,Selected,91,83,0,0,0,Cluster 1
"Agriculture, Forestry, Fishing and Hunting",4,1000-2499,New Jersey,Middle Atlantic,North America,1,0,0,0,0,0,0,0,0,0,0,0,1,"Agriculture, Forestry, Fishing and Hunting",Natural Resources and Mining,Goods-Producing Industries,26 - 50%,1,Yes,Reskilling,500 - 999,500 - 999,Voluntary,0,10 - 49 hours,< 1 month,Yes,"$501 - $1,000",40,20,Selected,Not Selected,Selected,Selected,Not Selected,Selected,Selected,Selected,Not Selected,Selected,Not Selected,78,95,1,0,0,Cluster 2
Retail Trade,4,1000-2499,Tennessee,East South Central,North America,1,0,0,0,0,0,0,0,0,0,0,0,3,Retail Trade,"Trade, Transportation, and Utilities",Service-Providing Industries,0%,0,Yes,Reskilling,500 - 999,1000 - 9999,Voluntary,1,50 - 99 hours,2 - 6 months,Yes,"$1,001 - $5,000",30,20,Not Selected,Not Selected,Not Selected,Selected,Not Selected,Selected,Not Selected,Not Selected,Not Selected,Selected,Selected,72,95,1,0,0,Cluster 2
Manufacturing,4,1000-2499,Kentucky,East South Central,North America,1,0,0,0,0,0,0,0,0,0,0,1,5,Manufacturing,Manufacturing,Goods-Producing Industries,26 - 50%,0,Yes,Reskilling,500 - 999,1000 - 9999,Voluntary,1,50 - 99 hours,2 - 6 months,Yes,"$501 - $1,000",5,55,Not Selected,Selected,Not Selected,Selected,Not Selected,Selected,Selected,Selected,Selected,Selected,Selected,80,62,1,0,0,Cluster 2
Retail Trade,4,1000-2499,New Jersey,Middle Atlantic,North America,1,0,0,0,0,0,0,0,0,0,0,1,1,Retail Trade,"Trade, Transportation, and Utilities",Service-Providing Industries,51 - 75%,1,Yes,Reskilling,50 - 99,500 - 999,Voluntary,0,100 - 199 hours,2 - 6 months,Yes,"$1,001 - $5,000",30,30,Not Selected,Not Selected,Not Selected,Selected,Not Selected,Selected,Selected,Selected,Not Selected,Not Selected,Selected,70,89,1,0,1,Cluster 2
Retail Trade,4,1000-2499,Florida,South Atlantic,North America,1,0,0,0,0,0,0,0,0,0,0,1,3,Retail Trade,"Trade, Transportation, and Utilities",Service-Providing Industries,26 - 50%,1,Yes,Reskilling,100 - 499,500 - 999,Voluntary,0,100 - 199 hours,2 - 6 months,Yes,"$501 - $1,000",20,40,Selected,Selected,Selected,Selected,Not Selected,Selected,Selected,Selected,Not Selected,Not Selected,Selected,89,88,1,0,0,Cluster 2
Wholesale Trade,4,1000-2499,California,Pacific,North America,1,1,1,0,1,0,1,1,0,0,3,1,3,Wholesale Trade,"Trade, Transportation, and Utilities",Service-Providing Industries,1 - 25%,1,Yes,Reskilling,500 - 999,1000 - 9999,Voluntary,0,100 - 199 hours,7 - 12 months,Yes,"$1,001 - $5,000",5,20,Selected,Not Selected,Selected,Selected,Not Selected,Selected,Selected,Not Selected,Selected,Selected,Selected,94,95,1,0,0,Cluster 2
Retail Trade,4,1000-2499,Maryland,South Atlantic,North America,1,0,0,0,0,0,0,0,0,0,0,1,3,Retail Trade,"Trade, Transportation, and Utilities",Service-Providing Industries,51 - 75%,0,Yes,Reskilling,100 - 499,500 - 999,Voluntary,0,100 - 199 hours,2 - 6 months,Yes,< $500,10,50,Not Selected,Selected,Selected,Selected,Not Selected,Selected,Not Selected,Selected,Not Selected,Not Selected,Selected,86,84,1,0,1,Cluster 2
Finance and Insurance,7,>10k,New York,Middle Atlantic,North America,1,0,0,0,0,0,0,0,0,0,0,1,4,Finance and Insurance,Financial Activities,Service-Providing Industries,26 - 50%,0,Yes,Reskilling,100 - 499,1000 - 9999,Voluntary,0,50 - 99 hours,2 - 6 months,Yes,"$501 - $1,000",20,40,Not Selected,Selected,Not Selected,Selected,Selected,Selected,Not Selected,Selected,Not Selected,Not Selected,Selected,48,97,0,1,0,Cluster 2
Manufacturing,4,1000-2499,Texas,West South Central,North America,1,0,0,0,0,0,0,0,0,0,0,0,3,Manufacturing,Manufacturing,Goods-Producing Industries,51 - 75%,1,Yes,Reskilling,1000 - 9999,1000 - 9999,Voluntary,0,200 - 499 hours,7 - 12 months,Yes,"$1,001 - $5,000",20,50,Not Selected,Selected,Not Selected,Selected,Not Selected,Selected,Selected,Selected,Not Selected,Selected,Selected,94,97,1,0,1,Cluster 2
Information,4,1000-2499,Illinois,East North Central,North America,1,0,0,0,0,0,0,0,0,0,0,0,3,Information,Information,Service-Providing Industries,26 - 50%,0,Yes,Reskilling,100 - 499,100 - 499,Voluntary,0,200 - 499 hours,2 - 6 months,Yes,"$501 - $1,000",20,40,Not Selected,Selected,Not Selected,Selected,Selected,Selected,Selected,Selected,Selected,Not Selected,Selected,93,85,1,0,0,Cluster 2
Construction,4,1000-2499,North Carolina,South Atlantic,North America,1,0,0,0,0,0,0,0,0,0,0,1,1,Construction,Construction,Goods-Producing Industries,1 - 25%,0,Yes,Reskilling,100 - 499,100 - 499,Voluntary,1,50 - 99 hours,< 1 month,Yes,< $500,10,45,Not Selected,Selected,Not Selected,Selected,Selected,Selected,Not Selected,Selected,Not Selected,Not Selected,Selected,40,50,1,0,0,Cluster 1
Accommodation and Food Services,10,>10k,Texas,West South Central,North America,1,1,1,0,0,0,1,0,1,0,2,0,3,Accommodation and Food Services,Leisure and Hospitality,Service-Providing Industries,51 - 75%,0,Yes,Reskilling,500 - 999,1000 - 9999,Voluntary,1,50 - 99 hours,2 - 6 months,Yes,"$501 - $1,000",10,55,Not Selected,Selected,Not Selected,Selected,Selected,Selected,Not Selected,Not Selected,Not Selected,Selected,Not Selected,60,50,0,1,1,Cluster 1
Construction,5,2500>9999,California,Pacific,North America,1,0,0,0,0,0,0,0,0,0,0,0,1,Construction,Construction,Goods-Producing Industries,0%,0,Yes,Reskilling,1000 - 9999,500 - 999,Voluntary,0,100 - 199 hours,2 - 6 months,Yes,"$501 - $1,000",20,60,Selected,Not Selected,Not Selected,Selected,Not Selected,Selected,Selected,Not Selected,Not Selected,Selected,Not Selected,67,84,0,1,0,Cluster 2
Finance and Insurance,4,1000-2499,Illinois,East North Central,North America,1,0,0,0,0,0,0,0,0,0,0,0,3,Finance and Insurance,Financial Activities,Service-Providing Industries,26 - 50%,0,Yes,Reskilling,100 - 499,500 - 999,Voluntary,0,50 - 99 hours,2 - 6 months,Yes,"$1,001 - $5,000",20,35,Not Selected,Not Selected,Not Selected,Selected,Not Selected,Not Selected,Not Selected,Selected,Not Selected,Not Selected,Selected,61,94,1,0,0,Cluster 2
Finance and Insurance,4,1000-2499,Arizona,Mountain,North America,1,0,0,0,0,0,0,0,0,0,0,1,4,Finance and Insurance,Financial Activities,Service-Providing Industries,26 - 50%,1,Yes,Reskilling,50 - 99,1000 - 9999,Voluntary,1,50 - 99 hours,2 - 6 months,Yes,"$1,001 - $5,000",23,26,Not Selected,Selected,Not Selected,Selected,Selected,Selected,Not Selected,Not Selected,Not Selected,Not Selected,Not Selected,79,97,1,0,0,Cluster 2
Retail Trade,7,>10k,Florida,South Atlantic,North America,1,1,1,0,0,0,1,0,0,0,1,1,3,Retail Trade,"Trade, Transportation, and Utilities",Service-Providing Industries,51 - 75%,1,Yes,Reskilling,1000 - 9999,1000 - 9999,Voluntary,0,50 - 99 hours,2 - 6 months,Yes,"$1,001 - $5,000",20,20,Selected,Not Selected,Selected,Selected,Not Selected,Not Selected,Not Selected,Selected,Not Selected,Not Selected,Selected,96,95,0,1,1,Cluster 2
Finance and Insurance,8,>10k,California,Pacific,North America,1,0,0,0,0,0,0,0,0,0,0,0,3,Finance and Insurance,Financial Activities,Service-Providing Industries,26 - 50%,0,Yes,Reskilling,500 - 999,1000 - 9999,Voluntary,0,200 - 499 hours,2 - 6 months,Yes,< $500,5,75,Selected,Not Selected,Not Selected,Selected,Not Selected,Selected,Selected,Not Selected,Not Selected,Selected,Selected,67,86,0,1,0,Cluster 2
Retail Trade,4,1000-2499,New York,Middle Atlantic,North America,1,0,0,0,0,0,0,0,0,0,0,0,1,Retail Trade,"Trade, Transportation, and Utilities",Service-Providing Industries,26 - 50%,0,Yes,Reskilling,500 - 999,1000 - 9999,Voluntary,1,100 - 199 hours,2 - 6 months,Yes,"$1,001 - $5,000",10,80,Not Selected,Selected,Not Selected,Selected,Not Selected,Selected,Selected,Selected,Not Selected,Selected,Not Selected,79,79,1,0,0,Cluster 2
Real Estate and Rental and Leasing,4,1000-2499,Virginia,South Atlantic,North America,1,0,0,0,0,0,0,0,0,0,0,1,4,Real Estate and Rental and Leasing,Financial Activities,Service-Providing Industries,51 - 75%,1,Yes,Reskilling,100 - 499,500 - 999,Voluntary,0,50 - 99 hours,2 - 6 months,Yes,"$5,001 - $10,000",26,22,Selected,Selected,Selected,Selected,Not Selected,Selected,Selected,Not Selected,Not Selected,Selected,Selected,70,63,1,0,1,Cluster 2
Wholesale Trade,4,1000-2499,California,Pacific,North America,1,0,0,0,0,0,0,0,0,0,0,1,1,Wholesale Trade,"Trade, Transportation, and Utilities",Service-Providing Industries,51 - 75%,0,Yes,Reskilling,500 - 999,1000 - 9999,Voluntary,1,50 - 99 hours,2 - 6 months,Yes,"$501 - $1,000",10,50,Not Selected,Selected,Not Selected,Selected,Selected,Selected,Selected,Selected,Not Selected,Not Selected,Selected,61,77,1,0,1,Cluster 2
Manufacturing,5,2500>9999,Texas,West South Central,North America,1,0,0,0,0,0,0,0,0,0,0,1,2,Manufacturing,Manufacturing,Goods-Producing Industries,26 - 50%,1,Yes,Reskilling,100 - 499,1000 - 9999,Voluntary,0,100 - 199 hours,2 - 6 months,Yes,"$1,001 - $5,000",10,10,Selected,Not Selected,Not Selected,Selected,Not Selected,Selected,Not Selected,Selected,Not Selected,Not Selected,Selected,69,46,0,1,0,Cluster 2
Retail Trade,4,1000-2499,Massachusetts,New England,North America,1,0,0,0,0,0,0,0,0,0,0,0,3,Retail Trade,"Trade, Transportation, and Utilities",Service-Providing Industries,1 - 25%,0,Yes,Reskilling,500 - 999,500 - 999,Voluntary,0,50 - 99 hours,2 - 6 months,Yes,< $500,15,50,Not Selected,Selected,Selected,Selected,Not Selected,Selected,Not Selected,Not Selected,Not Selected,Not Selected,Selected,91,80,1,0,0,Cluster 2
Finance and Insurance,5,2500>9999,California,Pacific,North America,1,0,0,0,0,0,0,0,0,0,0,1,1,Finance and Insurance,Financial Activities,Service-Providing Industries,26 - 50%,0,Yes,Reskilling,100 - 499,500 - 999,Voluntary,0,50 - 99 hours,2 - 6 months,Yes,"$1,001 - $5,000",20,50,Not Selected,Selected,Not Selected,Selected,Not Selected,Selected,Not Selected,Selected,Not Selected,Selected,Selected,76,78,0,1,0,Cluster 2
Manufacturing,4,1000-2499,California,Pacific,North America,1,1,1,0,0,0,1,0,0,0,1,1,1,Manufacturing,Manufacturing,Goods-Producing Industries,26 - 50%,0,Yes,Reskilling,500 - 999,100 - 499,Voluntary,0,100 - 199 hours,2 - 6 months,Yes,"$1,001 - $5,000",10,70,Not Selected,Selected,Selected,Selected,Not Selected,Selected,Not Selected,Selected,Not Selected,Selected,Selected,62,74,1,0,0,Cluster 2
Retail Trade,4,1000-2499,Alabama,East South Central,North America,1,0,0,0,0,0,0,0,0,0,0,0,3,Retail Trade,"Trade, Transportation, and Utilities",Service-Providing Industries,26 - 50%,0,Yes,Reskilling,100 - 499,500 - 999,Voluntary,0,100 - 199 hours,2 - 6 months,Yes,"$501 - $1,000",15,45,Not Selected,Selected,Not Selected,Not Selected,Selected,Selected,Not Selected,Selected,Not Selected,Not Selected,Selected,86,93,1,0,0,Cluster 2
Manufacturing,4,1000-2499,California,Pacific,North America,1,0,0,0,0,0,0,0,0,0,0,0,5,Manufacturing,Manufacturing,Goods-Producing Industries,1 - 25%,1,No,Reskilling,100 - 499,500 - 999,Voluntary,0,50 - 99 hours,2 - 6 months,Yes,"$501 - $1,000",10,50,Selected,Not Selected,Not Selected,Selected,Not Selected,Selected,Selected,Not Selected,Selected,Selected,Selected,40,79,1,0,0,Cluster 2
Manufacturing,4,1000-2499,California,Pacific,North America,1,0,0,0,0,0,0,0,0,0,0,0,3,Manufacturing,Manufacturing,Goods-Producing Industries,26 - 50%,1,No,Reskilling,50 - 99,100 - 499,Voluntary,0,50 - 99 hours,2 - 6 months,No,"$1,001 - $5,000",10,50,Not Selected,Not Selected,Not Selected,Selected,Not Selected,Selected,Selected,Not Selected,Selected,Selected,Selected,59,89,1,0,0,Cluster 2
Manufacturing,5,2500>9999,California,Pacific,North America,1,1,1,0,0,0,1,0,0,0,1,1,1,Manufacturing,Manufacturing,Goods-Producing Industries,26 - 50%,1,Yes,Reskilling,1000 - 9999,100 - 499,Voluntary,0,100 - 199 hours,7 - 12 months,Yes,"$1,001 - $5,000",10,80,Not Selected,Not Selected,Not Selected,Selected,Selected,Selected,Not Selected,Not Selected,Not Selected,Selected,Selected,61,78,0,1,0,Cluster 2
Manufacturing,4,1000-2499,Texas,West South Central,North America,1,0,0,0,0,0,0,0,0,0,0,0,3,Manufacturing,Manufacturing,Goods-Producing Industries,0%,0,Yes,Reskilling,100 - 499,500 - 999,Voluntary,1,10 - 49 hours,2 - 6 months,Yes,"$501 - $1,000",15,50,Not Selected,Selected,Not Selected,Selected,Selected,Selected,Not Selected,Selected,Not Selected,Selected,Selected,61,70,1,0,0,Cluster 2
"Professional, Scientific, and Technical Services",5,2500>9999,Maryland,South Atlantic,North America,1,0,0,0,0,0,0,0,0,0,0,0,3,"Professional, Scientific, and Technical Services",Professional and Business Services,Service-Providing Industries,26 - 50%,1,Yes,Reskilling,50 - 99,100 - 499,Mandatory,0,100 - 199 hours,7 - 12 months,Yes,"$1,001 - $5,000",28,36,Not Selected,Selected,Selected,Selected,Not Selected,Selected,Not Selected,Not Selected,Selected,Selected,Selected,65,73,0,1,0,Cluster 2
Health Care and Social Assistance,3,100-999,Pennsylvania,Middle Atlantic,North America,1,0,0,0,0,0,0,0,0,0,0,0,1,Health Care and Social Assistance,Education and Health Services,Service-Providing Industries,1 - 25%,1,No,Reskilling,50 - 99,50 - 99,Voluntary,0,100 - 199 hours,< 1 month,Yes,< $500,10,90,Not Selected,Selected,Not Selected,Not Selected,Not Selected,Not Selected,Selected,Not Selected,Not Selected,Not Selected,Not Selected,34,20,0,0,0,Cluster 1
Construction,4,1000-2499,Texas,West South Central,North America,1,1,1,0,0,0,1,0,0,0,1,1,3,Construction,Construction,Goods-Producing Industries,0%,0,No,Upskilling,Fewer than 50,50 - 99,Mandatory,1,50 - 99 hours, > 12 months,Yes,"$1,001 - $5,000",0,100,Not Selected,Selected,Not Selected,Not Selected,Not Selected,Not Selected,Not Selected,Selected,Not Selected,Not Selected,Not Selected,20,30,1,0,0,Cluster 1
Educational Services,6,2500>9999,California,Pacific,North America,1,0,0,0,0,0,0,0,0,0,0,0,1,Educational Services,Education and Health Services,Service-Providing Industries,51 - 75%,1,Yes,Reskilling,50 - 99,1000 - 9999,Mandatory,1,50 - 99 hours,2 - 6 months,Yes,"$501 - $1,000",25,60,Not Selected,Selected,Not Selected,Selected,Selected,Not Selected,Not Selected,Not Selected,Not Selected,Not Selected,Selected,71,80,0,1,1,Cluster 1
Construction,6,2500>9999,Ohio,East North Central,North America,1,1,1,0,0,0,1,0,0,0,1,0,1,Construction,Construction,Goods-Producing Industries,0%,1,Yes,Reskilling,100 - 499,500 - 999,Voluntary,0,200 - 499 hours,2 - 6 months,Yes,"$1,001 - $5,000",20,80,Not Selected,Not Selected,Not Selected,Selected,Selected,Selected,Not Selected,Not Selected,Not Selected,Not Selected,Selected,30,20,0,1,0,Cluster 2
Health Care and Social Assistance,2,100-999,Texas,West South Central,North America,1,0,0,0,0,0,0,0,0,0,0,0,2,Health Care and Social Assistance,Education and Health Services,Service-Providing Industries,0%,0,No,Reskilling,Fewer than 50,Fewer than 50,Voluntary,1,200 - 499 hours,2 - 6 months,Yes,"$1,001 - $5,000",0,100,Not Selected,Selected,Not Selected,Not Selected,Not Selected,Not Selected,Selected,Not Selected,Not Selected,Not Selected,Selected,19,13,0,0,0,Cluster 1
Manufacturing,7,>10k,Michigan,East North Central,North America,1,1,1,0,1,0,1,1,1,0,4,1,1,Manufacturing,Manufacturing,Goods-Producing Industries,0%,1,No,Reskilling,100 - 499,500 - 999,Voluntary,1,200 - 499 hours,2 - 6 months,Yes,"$1,001 - $5,000",0,100,Not Selected,Selected,Not Selected,Not Selected,Not Selected,Not Selected,Selected,Not Selected,Not Selected,Not Selected,Not Selected,26,65,0,1,0,Cluster 1
Manufacturing,5,2500>9999,New York,Middle Atlantic,North America,1,1,1,0,1,0,0,0,1,0,2,1,1,Manufacturing,Manufacturing,Goods-Producing Industries,0%,1,Yes,Reskilling,500 - 999,1000 - 9999,Mandatory,1,50 - 99 hours,2 - 6 months,Yes,"$1,001 - $5,000",25,30,Selected,Selected,Not Selected,Selected,Selected,Selected,Selected,Selected,Not Selected,Selected,Selected,71,83,0,1,0,Cluster 2
Manufacturing,6,2500>9999,Illinois,East North Central,North America,1,1,1,0,1,0,1,0,0,0,2,1,1,Manufacturing,Manufacturing,Goods-Producing Industries,26 - 50%,1,Yes,Reskilling,50 - 99,50 - 99,Voluntary,0,100 - 199 hours,2 - 6 months,Yes,"$1,001 - $5,000",20,60,Not Selected,Not Selected,Not Selected,Not Selected,Not Selected,Selected,Selected,Not Selected,Not Selected,Not Selected,Not Selected,30,17,0,1,0,Cluster 1
Construction,9,>10k,California,Pacific,North America,1,1,1,0,0,0,1,1,1,0,3,1,3,Construction,Construction,Goods-Producing Industries,26 - 50%,1,Yes,Reskilling,100 - 499,500 - 999,Voluntary,1,200 - 499 hours,7 - 12 months,Yes,"$5,001 - $10,000",0,50,Not Selected,Not Selected,Not Selected,Selected,Not Selected,Selected,Not Selected,Not Selected,Not Selected,Not Selected,Not Selected,95,83,0,1,0,Cluster 2
Manufacturing,3,100-999,Nevada,Mountain,North America,1,0,0,0,0,0,0,0,0,0,0,1,5,Manufacturing,Manufacturing,Goods-Producing Industries,0%,0,I don't know,Reskilling,50 - 99,100 - 499,Mandatory,0,10 - 49 hours,2 - 6 months,Yes,< $500,50,50,Not Selected,Selected,Not Selected,Selected,Selected,Not Selected,Selected,Selected,Not Selected,Selected,Not Selected,44,16,0,0,0,Cluster 1
Manufacturing,6,2500>9999,Alabama,East South Central,North America,1,1,1,0,1,0,0,0,0,0,1,1,1,Manufacturing,Manufacturing,Goods-Producing Industries,1 - 25%,0,No,Reskilling,Fewer than 50,50 - 99,Voluntary,1,200 - 499 hours,2 - 6 months,Yes,"$501 - $1,000",0,50,Not Selected,Selected,Not Selected,Selected,Not Selected,Selected,Selected,Selected,Selected,Selected,Selected,51,91,0,1,0,Cluster 2
Retail Trade,4,1000-2499,California,Pacific,North America,1,0,0,0,0,0,0,0,0,0,0,1,5,Retail Trade,"Trade, Transportation, and Utilities",Service-Providing Industries,0%,0,No,Reskilling,100 - 499,100 - 499,Voluntary,1,100 - 199 hours, > 12 months,Yes,"$501 - $1,000",0,100,Not Selected,Not Selected,Not Selected,Selected,Selected,Not Selected,Selected,Not Selected,Not Selected,Not Selected,Not Selected,69,32,1,0,0,Cluster 2
Health Care and Social Assistance,2,100-999,Alabama,East South Central,North America,1,0,0,0,0,0,0,0,0,0,0,0,5,Health Care and Social Assistance,Education and Health Services,Service-Providing Industries,0%,0,No,Reskilling,Fewer than 50,Fewer than 50,Voluntary,1,100 - 199 hours,7 - 12 months,Yes,"$1,001 - $5,000",0,100,Not Selected,Selected,Not Selected,Not Selected,Not Selected,Selected,Not Selected,Not Selected,Not Selected,Not Selected,Not Selected,25,19,0,0,0,Cluster 1
Accommodation and Food Services,7,>10k,Illinois,East North Central,North America,1,0,0,0,0,0,0,0,0,0,0,0,5,Accommodation and Food Services,Leisure and Hospitality,Service-Providing Industries,26 - 50%,0,Yes,Reskilling,100 - 499,50 - 99,Voluntary,1,100 - 199 hours,2 - 6 months,Yes,"$501 - $1,000",75,25,Not Selected,Selected,Selected,Selected,Selected,Selected,Selected,Selected,Selected,Selected,Selected,100,52,0,1,0,Cluster 2
"Mining, Quarrying, and Oil and Gas Extraction",10,>10k,Texas,West South Central,North America,1,0,0,0,0,0,0,0,0,0,0,1,1,"Mining, Quarrying, and Oil and Gas Extraction",Natural Resources and Mining,Goods-Producing Industries,76 - 100%,1,No,Reskilling,50000 - 99999,50000 - 99999,Voluntary,1,200 - 499 hours,2 - 6 months,Yes,"> $10,000",0,100,Selected,Selected,Not Selected,Not Selected,Not Selected,Not Selected,Selected,Not Selected,Not Selected,Not Selected,Not Selected,60,20,0,1,1,Cluster 2
"Professional, Scientific, and Technical Services",2,100-999,New York,Middle Atlantic,North America,1,0,0,0,0,0,0,0,0,0,0,0,5,"Professional, Scientific, and Technical Services",Professional and Business Services,Service-Providing Industries,0%,0,No,Reskilling,Fewer than 50,50 - 99,Voluntary,0,100 - 199 hours,2 - 6 months,Yes,"$1,001 - $5,000",0,100,Not Selected,Selected,Not Selected,Not Selected,Not Selected,Selected,Not Selected,Selected,Not Selected,Not Selected,Selected,30,15,0,0,0,Cluster 1
Management of Companies and Enterprises,4,1000-2499,Illinois,East North Central,North America,1,0,0,0,0,0,0,0,0,0,0,0,3,Management of Companies and Enterprises,Professional and Business Services,Service-Providing Industries,51 - 75%,0,Yes,Reskilling,100 - 499,100 - 499,Voluntary,1,100 - 199 hours,7 - 12 months,Yes,"$5,001 - $10,000",0,100,Not Selected,Not Selected,Selected,Selected,Selected,Not Selected,Not Selected,Selected,Not Selected,Not Selected,Not Selected,76,68,1,0,1,Cluster 2
Wholesale Trade,8,>10k,Texas,West South Central,North America,1,0,0,0,0,0,0,0,0,0,0,1,2,Wholesale Trade,"Trade, Transportation, and Utilities",Service-Providing Industries,0%,0,No,Upskilling,100 - 499,1000 - 9999,Mandatory,1,100 - 199 hours,2 - 6 months,Yes,"$501 - $1,000",0,100,Not Selected,Selected,Not Selected,Not Selected,Not Selected,Selected,Not Selected,Not Selected,Not Selected,Selected,Not Selected,35,28,0,1,0,Cluster 1
Manufacturing,7,>10k,Michigan,East North Central,North America,1,1,1,0,0,0,0,0,1,0,1,1,1,Manufacturing,Manufacturing,Goods-Producing Industries,0%,1,No,Reskilling,Fewer than 50,50 - 99,Mandatory,1,10 - 49 hours,2 - 6 months,No,"$501 - $1,000",0,100,Not Selected,Selected,Not Selected,Selected,Not Selected,Not Selected,Not Selected,Not Selected,Not Selected,Not Selected,Not Selected,17,96,0,1,0,Cluster 1
Manufacturing,10,>10k,Pennsylvania,Middle Atlantic,North America,1,1,1,0,1,1,1,1,1,0,5,1,1,Manufacturing,Manufacturing,Goods-Producing Industries,26 - 50%,1,I don't know,Upskilling,100 - 499,500 - 999,Voluntary,1,10 - 49 hours,2 - 6 months,Yes,"$1,001 - $5,000",10,90,Not Selected,Selected,Not Selected,Not Selected,Selected,Not Selected,Selected,Selected,Not Selected,Not Selected,Selected,60,51,0,1,0,Cluster 1
Utilities,6,2500>9999,California,Pacific,North America,1,0,0,0,0,0,0,0,0,0,0,0,1,Utilities,"Trade, Transportation, and Utilities",Goods-Producing Industries,26 - 50%,1,No,Reskilling,500 - 999,1000 - 9999,Voluntary,1,50 - 99 hours,2 - 6 months,Yes,"$5,001 - $10,000",0,100,Not Selected,Selected,Not Selected,Not Selected,Not Selected,Not Selected,Selected,Not Selected,Selected,Not Selected,Selected,48,53,0,1,0,Cluster 1
Health Care and Social Assistance,4,1000-2499,Maryland,South Atlantic,North America,1,0,0,0,0,0,0,0,0,0,0,0,3,Health Care and Social Assistance,Education and Health Services,Service-Providing Industries,51 - 75%,1,Yes,Reskilling,1000 - 9999,1000 - 9999,Mandatory,1,50 - 99 hours,2 - 6 months,Yes,"$501 - $1,000",0,100,Selected,Selected,Not Selected,Selected,Not Selected,Selected,Not Selected,Not Selected,Not Selected,Not Selected,Not Selected,32,91,1,0,1,Cluster 2
Retail Trade,3,100-999,Minnesota,West North Central,North America,1,0,0,0,0,0,0,0,0,0,0,1,3,Retail Trade,"Trade, Transportation, and Utilities",Service-Providing Industries,26 - 50%,1,Yes,Reskilling,50 - 99,50 - 99,Voluntary,0,10 - 49 hours,2 - 6 months,Yes,"$1,001 - $5,000",25,30,Not Selected,Not Selected,Not Selected,Selected,Not Selected,Not Selected,Not Selected,Not Selected,Not Selected,Not Selected,Not Selected,72,60,0,0,0,Cluster 1
Health Care and Social Assistance,6,2500>9999,New Jersey,Middle Atlantic,North America,1,0,0,0,0,0,0,0,0,0,0,0,3,Health Care and Social Assistance,Education and Health Services,Service-Providing Industries,0%,0,Yes,Reskilling,100 - 499,100 - 499,Voluntary,1,100 - 199 hours,2 - 6 months,Yes,"$1,001 - $5,000",0,100,Not Selected,Selected,Not Selected,Selected,Not Selected,Not Selected,Not Selected,Selected,Not Selected,Not Selected,Selected,52,75,0,1,0,Cluster 2
Manufacturing,7,>10k,California,Pacific,North America,1,0,0,0,0,0,0,0,0,0,0,1,3,Manufacturing,Manufacturing,Goods-Producing Industries,0%,1,No,Upskilling,100 - 499,100 - 499,Voluntary,1,50 - 99 hours,7 - 12 months,Yes,"$1,001 - $5,000",0,100,Not Selected,Not Selected,Not Selected,Not Selected,Not Selected,Selected,Selected,Not Selected,Not Selected,Not Selected,Selected,73,94,0,1,0,Cluster 2
Transportation and Warehousing,4,1000-2499,Florida,South Atlantic,North America,1,0,0,0,0,0,0,0,0,0,0,0,1,Transportation and Warehousing,"Trade, Transportation, and Utilities",Service-Providing Industries,0%,1,No,Upskilling,100 - 499,1000 - 9999,Voluntary,1,10 - 49 hours, > 12 months,Yes,"$501 - $1,000",0,100,Not Selected,Selected,Not Selected,Not Selected,Selected,Not Selected,Selected,Not Selected,Not Selected,Not Selected,Selected,50,50,1,0,0,Cluster 1
Manufacturing,7,>10k,California,Pacific,North America,1,1,1,0,1,0,0,1,0,0,2,1,4,Manufacturing,Manufacturing,Goods-Producing Industries,1 - 25%,1,Yes,Reskilling,50 - 99,50 - 99,Voluntary,0,50 - 99 hours,2 - 6 months,Yes,"$501 - $1,000",0,100,Not Selected,Selected,Not Selected,Not Selected,Not Selected,Selected,Not Selected,Not Selected,Not Selected,Not Selected,Selected,53,17,0,1,0,Cluster 1
Management of Companies and Enterprises,9,>10k,Maryland,South Atlantic,North America,1,1,1,0,1,1,1,1,1,1,6,1,3,Management of Companies and Enterprises,Professional and Business Services,Service-Providing Industries,1 - 25%,1,No,Reskilling,50 - 99,500 - 999,Voluntary,1,100 - 199 hours,7 - 12 months,Yes,"$1,001 - $5,000",0,100,Not Selected,Selected,Not Selected,Not Selected,Not Selected,Not Selected,Selected,Not Selected,Not Selected,Not Selected,Selected,32,48,0,1,0,Cluster 1
Manufacturing,4,1000-2499,New Jersey,Middle Atlantic,North America,1,1,1,0,0,0,0,0,1,0,1,1,1,Manufacturing,Manufacturing,Goods-Producing Industries,0%,1,No,Upskilling,100 - 499,50 - 99,Mandatory,1,10 - 49 hours,7 - 12 months,No,"$501 - $1,000",0,100,Not Selected,Not Selected,Not Selected,Selected,Not Selected,Not Selected,Not Selected,Selected,Not Selected,Not Selected,Selected,41,56,1,0,0,Cluster 1
Construction,4,1000-2499,New York,Middle Atlantic,North America,1,1,1,0,0,0,1,0,1,0,2,1,3,Construction,Construction,Goods-Producing Industries,26 - 50%,0,Yes,Reskilling,100 - 499,100 - 499,Voluntary,1,10 - 49 hours,7 - 12 months,Yes,"$1,001 - $5,000",25,25,Selected,Not Selected,Not Selected,Selected,Not Selected,Not Selected,Selected,Not Selected,Not Selected,Not Selected,Not Selected,77,66,1,0,0,Cluster 2
Real Estate and Rental and Leasing,6,2500>9999,Florida,South Atlantic,North America,1,0,0,0,0,0,0,0,0,0,0,0,5,Real Estate and Rental and Leasing,Financial Activities,Service-Providing Industries,0%,0,No,Reskilling,50 - 99,50 - 99,Voluntary,1,100 - 199 hours,< 1 month,Yes,"$1,001 - $5,000",0,100,Not Selected,Selected,Not Selected,Not Selected,Not Selected,Not Selected,Not Selected,Not Selected,Not Selected,Not Selected,Selected,54,40,0,1,0,Cluster 1
Construction,3,100-999,Massachusetts,New England,North America,1,0,0,0,0,0,0,0,0,0,0,0,2,Construction,Construction,Goods-Producing Industries,76 - 100%,0,No,Upskilling,50 - 99,100 - 499,Voluntary,0,50 - 99 hours,2 - 6 months,Yes,"$1,001 - $5,000",0,100,Not Selected,Selected,Not Selected,Selected,Not Selected,Not Selected,Not Selected,Not Selected,Not Selected,Not Selected,Not Selected,30,54,0,0,1,Cluster 1
Educational Services,4,1000-2499,California,Pacific,North America,1,0,0,0,0,0,0,0,0,0,0,0,1,Educational Services,Education and Health Services,Service-Providing Industries,26 - 50%,0,No,Reskilling,50 - 99,100 - 499,Voluntary,1,50 - 99 hours,2 - 6 months,Yes,"$501 - $1,000",0,100,Not Selected,Selected,Not Selected,Not Selected,Not Selected,Not Selected,Not Selected,Selected,Not Selected,Selected,Selected,52,41,1,0,0,Cluster 1
"Professional, Scientific, and Technical Services",3,100-999,New York,Middle Atlantic,North America,1,0,0,0,0,0,0,0,0,0,0,0,3,"Professional, Scientific, and Technical Services",Professional and Business Services,Service-Providing Industries,0%,1,No,Reskilling,Fewer than 50,50 - 99,Voluntary,1,10 - 49 hours,2 - 6 months,Yes,"$1,001 - $5,000",0,100,Not Selected,Not Selected,Not Selected,Selected,Not Selected,Not Selected,Not Selected,Selected,Not Selected,Selected,Not Selected,22,27,0,0,0,Cluster 1
Retail Trade,2,100-999,Alabama,East South Central,North America,1,1,1,0,0,0,1,0,0,0,1,0,1,Retail Trade,"Trade, Transportation, and Utilities",Service-Providing Industries,1 - 25%,1,No,Upskilling,Fewer than 50,50 - 99,Voluntary,1,10 - 49 hours,2 - 6 months,Yes,< $500,0,100,Not Selected,Selected,Not Selected,Selected,Selected,Not Selected,Selected,Selected,Not Selected,Not Selected,Selected,62,48,0,0,0,Cluster 1
Information,2,100-999,North Carolina,South Atlantic,North America,1,0,0,0,0,0,0,0,0,0,0,1,4,Information,Information,Service-Providing Industries,0%,0,Yes,Upskilling,Fewer than 50,Fewer than 50,Mandatory,0,< 10 hours,< 1 month,Yes,< $500,80,20,Not Selected,Selected,Not Selected,Not Selected,Not Selected,Not Selected,Selected,Not Selected,Not Selected,Not Selected,Not Selected,20,20,0,0,0,Cluster 1
Health Care and Social Assistance,6,2500>9999,Texas,West South Central,North America,1,0,0,0,0,0,0,0,0,0,0,0,3,Health Care and Social Assistance,Education and Health Services,Service-Providing Industries,0%,0,No,Upskilling,100 - 499,100 - 499,Voluntary,1,100 - 199 hours,7 - 12 months,Yes,"$1,001 - $5,000",0,100,Not Selected,Selected,Not Selected,Not Selected,Not Selected,Selected,Selected,Not Selected,Not Selected,Not Selected,Selected,29,76,0,1,0,Cluster 1
Manufacturing,5,2500>9999,California,Pacific,North America,1,1,1,0,0,0,1,0,1,0,2,1,3,Manufacturing,Manufacturing,Goods-Producing Industries,26 - 50%,1,No,Upskilling,50 - 99,100 - 499,Mandatory,1,100 - 199 hours,7 - 12 months,Yes,"$5,001 - $10,000",30,30,Not Selected,Not Selected,Selected,Not Selected,Selected,Not Selected,Not Selected,Not Selected,Not Selected,Not Selected,Not Selected,61,76,0,1,0,Cluster 1
Manufacturing,6,2500>9999,Texas,West South Central,North America,1,0,0,0,0,0,0,0,0,0,0,0,6,Manufacturing,Manufacturing,Goods-Producing Industries,1 - 25%,1,No,Upskilling,Fewer than 50,Fewer than 50,Voluntary,1,100 - 199 hours,2 - 6 months,Yes,"$501 - $1,000",0,100,Not Selected,Selected,Not Selected,Not Selected,Not Selected,Not Selected,Not Selected,Not Selected,Selected,Not Selected,Not Selected,70,39,0,1,0,Cluster 1
Health Care and Social Assistance,2,100-999,Florida,South Atlantic,North America,1,0,0,0,0,0,0,0,0,0,0,0,5,Health Care and Social Assistance,Education and Health Services,Service-Providing Industries,0%,1,No,Upskilling,Fewer than 50,50 - 99,Voluntary,1,50 - 99 hours,2 - 6 months,Yes,< $500,,,Not Selected,Selected,Not Selected,Selected,Not Selected,Not Selected,Not Selected,Selected,Not Selected,Not Selected,Selected,20,20,0,0,0,Cluster 1
Management of Companies and Enterprises,3,100-999,New York,Middle Atlantic,North America,1,0,0,0,0,0,0,0,0,0,0,0,3,Management of Companies and Enterprises,Professional and Business Services,Service-Providing Industries,0%,0,Yes,Upskilling,100 - 499,100 - 499,Voluntary,0,100 - 199 hours,2 - 6 months,Yes,"$501 - $1,000",20,55,Not Selected,Not Selected,Not Selected,Selected,Not Selected,Selected,Not Selected,Not Selected,Not Selected,Not Selected,Not Selected,29,43,0,0,0,Cluster 2
Manufacturing,3,100-999,Colorado,Mountain,North America,1,0,0,0,0,0,0,0,0,0,0,0,2,Manufacturing,Manufacturing,Goods-Producing Industries,0%,0,No,Upskilling,100 - 499,100 - 499,Voluntary,1,50 - 99 hours,2 - 6 months,No,"$5,001 - $10,000",0,100,Not Selected,Selected,Not Selected,Not Selected,Not Selected,Not Selected,Selected,Not Selected,Not Selected,Selected,Not Selected,84,42,0,0,0,Cluster 2
Information,4,1000-2499,North Carolina,South Atlantic,North America,1,0,0,0,0,0,0,0,0,0,0,0,1,Information,Information,Service-Providing Industries,0%,0,No,Reskilling,Fewer than 50,Fewer than 50,Voluntary,0,50 - 99 hours,2 - 6 months,Yes,"$1,001 - $5,000",0,10,Not Selected,Selected,Not Selected,Not Selected,Not Selected,Selected,Selected,Not Selected,Not Selected,Not Selected,Not Selected,33,16,1,0,0,Cluster 1
"Professional, Scientific, and Technical Services",2,100-999,Tennessee,East South Central,North America,1,0,0,0,0,0,0,0,0,0,0,0,3,"Professional, Scientific, and Technical Services",Professional and Business Services,Service-Providing Industries,51 - 75%,1,No,Upskilling,50 - 99,50 - 99,Voluntary,1,50 - 99 hours,2 - 6 months,Yes,< $500,0,100,Not Selected,Selected,Not Selected,Not Selected,Not Selected,Not Selected,Selected,Not Selected,Not Selected,Not Selected,Selected,76,43,0,0,1,Cluster 1
"Professional, Scientific, and Technical Services",2,100-999,Connecticut,New England,North America,1,0,0,0,0,0,0,0,0,0,0,0,2,"Professional, Scientific, and Technical Services",Professional and Business Services,Service-Providing Industries,0%,0,No,Upskilling,100 - 499,100 - 499,Mandatory,1,10 - 49 hours,2 - 6 months,Yes,< $500,0,100,Not Selected,Not Selected,Not Selected,Not Selected,Selected,Not Selected,Not Selected,Not Selected,Not Selected,Not Selected,Not Selected,67,89,0,0,0,Cluster 1
Health Care and Social Assistance,3,100-999,Missouri,West North Central,North America,1,0,0,0,0,0,0,0,0,0,0,0,3,Health Care and Social Assistance,Education and Health Services,Service-Providing Industries,1 - 25%,0,No,Upskilling,100 - 499,500 - 999,Mandatory,1,100 - 199 hours,2 - 6 months,Yes,"$501 - $1,000",0,100,Not Selected,Selected,Not Selected,Selected,Selected,Selected,Selected,Not Selected,Not Selected,Selected,Selected,31,50,0,0,0,Cluster 2
Retail Trade,10,>10k,California,Pacific,North America,1,1,1,0,1,0,0,0,0,0,1,1,2,Retail Trade,"Trade, Transportation, and Utilities",Service-Providing Industries,0%,1,No,Upskilling,1000 - 9999,1000 - 9999,Mandatory,1,50 - 99 hours,2 - 6 months,Yes,"$501 - $1,000",0,100,Not Selected,Selected,Not Selected,Selected,Selected,Not Selected,Selected,Selected,Not Selected,Not Selected,Selected,49,84,0,1,0,Cluster 1
"Professional, Scientific, and Technical Services",4,1000-2499,Pennsylvania,Middle Atlantic,North America,1,1,1,0,1,0,1,1,1,0,4,1,4,"Professional, Scientific, and Technical Services",Professional and Business Services,Service-Providing Industries,0%,1,Yes,Reskilling,1000 - 9999,1000 - 9999,Voluntary,1,10 - 49 hours,2 - 6 months,Yes,"$1,001 - $5,000",0,100,Selected,Selected,Not Selected,Not Selected,Not Selected,Selected,Not Selected,Not Selected,Not Selected,Not Selected,Not Selected,100,100,1,0,0,Cluster 2
Manufacturing,2,100-999,Minnesota,West North Central,North America,1,1,1,0,0,0,1,0,0,0,1,1,2,Manufacturing,Manufacturing,Goods-Producing Industries,0%,0,No,Reskilling,100 - 499,100 - 499,Mandatory,1,10 - 49 hours,7 - 12 months,Yes,< $500,0,100,Not Selected,Not Selected,Not Selected,Not Selected,Not Selected,Selected,Not Selected,Not Selected,Not Selected,Not Selected,Not Selected,50,70,0,0,0,Cluster 1
Information,3,100-999,California,Pacific,North America,1,0,0,0,0,0,0,0,0,0,0,1,3,Information,Information,Service-Providing Industries,1 - 25%,1,Yes,Upskilling,50 - 99,100 - 499,Mandatory,0,< 10 hours,7 - 12 months,Yes,"$501 - $1,000",0,70,Not Selected,Not Selected,Not Selected,Not Selected,Not Selected,Not Selected,Selected,Selected,Not Selected,Not Selected,Not Selected,66,59,0,0,0,Cluster 1
"Professional, Scientific, and Technical Services",3,100-999,Delaware,South Atlantic,North America,1,0,0,0,0,0,0,0,0,0,0,0,1,"Professional, Scientific, and Technical Services",Professional and Business Services,Service-Providing Industries,0%,0,No,Reskilling,50 - 99,50 - 99,Mandatory,1,10 - 49 hours,2 - 6 months,Yes,"$501 - $1,000",0,100,Not Selected,Not Selected,Not Selected,Not Selected,Selected,Selected,Not Selected,Not Selected,Not Selected,Not Selected,Not Selected,50,39,0,0,0,Cluster 1
Retail Trade,5,2500>9999,Texas,West South Central,North America,1,1,1,0,0,0,1,0,0,0,1,1,1,Retail Trade,"Trade, Transportation, and Utilities",Service-Providing Industries,26 - 50%,1,Yes,Reskilling,500 - 999,1000 - 9999,Mandatory,0,10 - 49 hours,2 - 6 months,Yes,"$1,001 - $5,000",20,20,Not Selected,Not Selected,Not Selected,Selected,Not Selected,Not Selected,Not Selected,Not Selected,Not Selected,Not Selected,Not Selected,63,67,0,1,0,Cluster 2
Educational Services,3,100-999,Pennsylvania,Middle Atlantic,North America,1,0,0,0,0,0,0,0,0,0,0,0,6,Educational Services,Education and Health Services,Service-Providing Industries,1 - 25%,0,I don't know,Upskilling,Fewer than 50,100 - 499,Voluntary,1,10 - 49 hours,< 1 month,No,< $500,0,100,Not Selected,Selected,Not Selected,Selected,Selected,Not Selected,Not Selected,Not Selected,Not Selected,Not Selected,Selected,30,70,0,0,0,Cluster 1
"Professional, Scientific, and Technical Services",5,2500>9999,New York,Middle Atlantic,North America,1,0,0,0,0,0,0,0,0,0,0,1,3,"Professional, Scientific, and Technical Services",Professional and Business Services,Service-Providing Industries,26 - 50%,0,No,Upskilling,1000 - 9999,50 - 99,Voluntary,0,10 - 49 hours,2 - 6 months,Yes,"$1,001 - $5,000",10,40,Not Selected,Selected,Not Selected,Not Selected,Not Selected,Selected,Not Selected,Selected,Not Selected,Not Selected,Selected,66,63,0,1,0,Cluster 2
Manufacturing,2,100-999,New Jersey,Middle Atlantic,North America,1,0,0,0,0,0,0,0,0,0,0,1,5,Manufacturing,Manufacturing,Goods-Producing Industries,0%,1,No,Upskilling,50 - 99,100 - 499,Mandatory,1,50 - 99 hours,2 - 6 months,Yes,"$1,001 - $5,000",0,100,Not Selected,Selected,Not Selected,Not Selected,Not Selected,Selected,Selected,Not Selected,Not Selected,Not Selected,Selected,75,60,0,0,0,Cluster 1
Health Care and Social Assistance,4,1000-2499,Kentucky,East South Central,North America,1,0,0,0,0,0,0,0,0,0,0,0,4,Health Care and Social Assistance,Education and Health Services,Service-Providing Industries,0%,0,No,Upskilling,100 - 499,50 - 99,Mandatory,0,10 - 49 hours,2 - 6 months,Yes,"$1,001 - $5,000",0,100,Not Selected,Not Selected,Not Selected,Selected,Not Selected,Selected,Not Selected,Not Selected,Not Selected,Selected,Not Selected,80,74,1,0,0,Cluster 2
Health Care and Social Assistance,3,100-999,California,Pacific,North America,1,0,0,0,0,0,0,0,0,0,0,1,1,Health Care and Social Assistance,Education and Health Services,Service-Providing Industries,1 - 25%,1,Yes,Reskilling,50 - 99,100 - 499,Mandatory,0,50 - 99 hours,2 - 6 months,Yes,"$501 - $1,000",10,65,Selected,Not Selected,Not Selected,Selected,Selected,Selected,Not Selected,Not Selected,Not Selected,Not Selected,Not Selected,50,45,0,0,0,Cluster 2
Retail Trade,3,100-999,Virginia,South Atlantic,North America,1,0,0,0,0,0,0,0,0,0,0,0,3,Retail Trade,"Trade, Transportation, and Utilities",Service-Providing Industries,0%,0,No,Upskilling,100 - 499,100 - 499,Mandatory,1,50 - 99 hours,2 - 6 months,Yes,"$501 - $1,000",0,100,Not Selected,Selected,Not Selected,Not Selected,Not Selected,Not Selected,Selected,Selected,Not Selected,Not Selected,Selected,59,71,0,0,0,Cluster 1
Information,4,1000-2499,Ohio,East North Central,North America,1,1,1,0,0,0,0,1,0,0,1,0,6,Information,Information,Service-Providing Industries,26 - 50%,0,No,Upskilling,500 - 999,100 - 499,Mandatory,0,10 - 49 hours,7 - 12 months,Yes,"$501 - $1,000",0,0,Not Selected,Not Selected,Not Selected,Selected,Not Selected,Selected,Not Selected,Not Selected,Not Selected,Not Selected,Not Selected,41,52,1,0,0,Cluster 2
Manufacturing,3,100-999,Pennsylvania,Middle Atlantic,North America,1,0,0,0,0,0,0,0,0,0,0,1,6,Manufacturing,Manufacturing,Goods-Producing Industries,1 - 25%,0,No,Upskilling,Fewer than 50,50 - 99,Mandatory,1,< 10 hours,2 - 6 months,No,< $500,0,100,Not Selected,Not Selected,Not Selected,Not Selected,Not Selected,Not Selected,Selected,Not Selected,Not Selected,Not Selected,Not Selected,35,25,0,0,0,Cluster 1
Construction,4,1000-2499,Texas,West South Central,North America,1,0,0,0,0,0,0,0,0,0,0,0,6,Construction,Construction,Goods-Producing Industries,0%,0,Yes,Reskilling,500 - 999,500 - 999,Mandatory,1,< 10 hours,2 - 6 months,No,"$501 - $1,000",0,100,Not Selected,Selected,Not Selected,Selected,Not Selected,Not Selected,Not Selected,Not Selected,Not Selected,Not Selected,Not Selected,65,77,1,0,0,Cluster 1
Transportation and Warehousing,4,1000-2499,Iowa,West North Central,North America,1,0,0,0,0,0,0,0,0,0,0,0,3,Transportation and Warehousing,"Trade, Transportation, and Utilities",Service-Providing Industries,26 - 50%,1,No,Upskilling,100 - 499,500 - 999,Mandatory,0,10 - 49 hours,2 - 6 months,Yes,"$501 - $1,000",30,20,Not Selected,Selected,Selected,Selected,Selected,Selected,Selected,Not Selected,Selected,Selected,Not Selected,44,72,1,0,0,Cluster 2
Health Care and Social Assistance,4,1000-2499,Maryland,South Atlantic,North America,1,0,0,0,0,0,0,0,0,0,0,0,2,Health Care and Social Assistance,Education and Health Services,Service-Providing Industries,26 - 50%,1,Yes,Upskilling,100 - 499,500 - 999,Mandatory,1,50 - 99 hours,2 - 6 months,Yes,"$501 - $1,000",40,10,Not Selected,Not Selected,Not Selected,Not Selected,Selected,Not Selected,Not Selected,Not Selected,Not Selected,Not Selected,Not Selected,74,36,1,0,0,Cluster 1
Retail Trade,6,2500>9999,Arizona,Mountain,North America,1,0,0,0,0,0,0,0,0,0,0,0,2,Retail Trade,"Trade, Transportation, and Utilities",Service-Providing Industries,0%,0,No,Upskilling,1000 - 9999,500 - 999,Mandatory,1,10 - 49 hours,< 1 month,Yes,< $500,0,100,Not Selected,Selected,Not Selected,Not Selected,Not Selected,Not Selected,Selected,Not Selected,Not Selected,Not Selected,Not Selected,92,89,0,1,0,Cluster 2
"Agriculture, Forestry, Fishing and Hunting",6,2500>9999,California,Pacific,North America,1,0,0,0,0,0,0,0,0,0,0,0,6,"Agriculture, Forestry, Fishing and Hunting",Natural Resources and Mining,Goods-Producing Industries,1 - 25%,1,No,Upskilling,50 - 99,100 - 499,Mandatory,1,10 - 49 hours,2 - 6 months,Yes,"$501 - $1,000",0,100,Not Selected,Selected,Not Selected,Not Selected,Selected,Not Selected,Selected,Not Selected,Not Selected,Not Selected,Selected,30,53,0,1,0,Cluster 1
Health Care and Social Assistance,4,1000-2499,Hawaii,Pacific,North America,1,0,0,0,0,0,0,0,0,0,0,0,1,Health Care and Social Assistance,Education and Health Services,Service-Providing Industries,76 - 100%,1,No,Upskilling,Fewer than 50,50 - 99,Mandatory,1,10 - 49 hours,2 - 6 months,Yes,"$501 - $1,000",0,100,Not Selected,Selected,Not Selected,Not Selected,Not Selected,Selected,Selected,Not Selected,Not Selected,Not Selected,Selected,28,51,1,0,1,Cluster 1
Information,3,100-999,Georgia,South Atlantic,North America,1,0,0,0,0,0,0,0,0,0,0,0,3,Information,Information,Service-Providing Industries,26 - 50%,0,No,Upskilling,100 - 499,100 - 499,Voluntary,1,10 - 49 hours,2 - 6 months,No,< $500,0,100,Not Selected,Selected,Not Selected,Selected,Not Selected,Selected,Selected,Not Selected,Not Selected,Not Selected,Not Selected,71,89,0,0,0,Cluster 1
Information,4,1000-2499,California,Pacific,North America,1,0,0,0,0,0,0,0,0,0,0,0,1,Information,Information,Service-Providing Industries,1 - 25%,0,No,Upskilling,100 - 499,100 - 499,Voluntary,0,< 10 hours,7 - 12 months,No,"$5,001 - $10,000",20,50,Not Selected,Selected,Not Selected,Not Selected,Selected,Selected,Selected,Not Selected,Not Selected,Not Selected,Not Selected,30,40,1,0,0,Cluster 1
Finance and Insurance,3,100-999,Washington,Pacific,North America,1,1,1,0,0,0,0,0,1,0,1,1,4,Finance and Insurance,Financial Activities,Service-Providing Industries,76 - 100%,1,Yes,Reskilling,100 - 499,500 - 999,Voluntary,1,50 - 99 hours,< 1 month,Yes,< $500,50,20,Not Selected,Not Selected,Not Selected,Not Selected,Selected,Selected,Not Selected,Not Selected,Not Selected,Not Selected,Not Selected,86,78,0,0,1,Cluster 2
Retail Trade,6,2500>9999,West Virginia,South Atlantic,North America,1,0,0,0,0,0,0,0,0,0,0,1,3,Retail Trade,"Trade, Transportation, and Utilities",Service-Providing Industries,51 - 75%,0,No,Upskilling,50 - 99,500 - 999,Voluntary,1,10 - 49 hours,2 - 6 months,Yes,"$1,001 - $5,000",15,60,Selected,Selected,Selected,Selected,Selected,Not Selected,Selected,Selected,Selected,Selected,Selected,45,68,0,1,1,Cluster 2
Real Estate and Rental and Leasing,2,100-999,Florida,South Atlantic,North America,1,0,0,0,0,0,0,0,0,0,0,0,3,Real Estate and Rental and Leasing,Financial Activities,Service-Providing Industries,0%,0,No,Reskilling,50 - 99,100 - 499,Mandatory,1,10 - 49 hours,2 - 6 months,Yes,"$1,001 - $5,000",0,100,Not Selected,Selected,Not Selected,Not Selected,Selected,Not Selected,Selected,Not Selected,Not Selected,Not Selected,Not Selected,52,100,0,0,0,Cluster 1
Manufacturing,4,1000-2499,Illinois,East North Central,North America,1,0,0,0,0,0,0,0,0,0,0,0,5,Manufacturing,Manufacturing,Goods-Producing Industries,0%,0,No,Reskilling,Fewer than 50,100 - 499,Voluntary,1,200 - 499 hours, > 12 months,Yes,"$5,001 - $10,000",0,100,Not Selected,Selected,Not Selected,Not Selected,Not Selected,Selected,Not Selected,Selected,Not Selected,Not Selected,Selected,31,40,1,0,0,Cluster 1
"Professional, Scientific, and Technical Services",4,1000-2499,Indiana,East North Central,North America,1,0,0,0,0,0,0,0,0,0,0,1,2,"Professional, Scientific, and Technical Services",Professional and Business Services,Service-Providing Industries,0%,0,Yes,Reskilling,500 - 999,1000 - 9999,Mandatory,1,100 - 199 hours,7 - 12 months,Yes,"$1,001 - $5,000",0,100,Not Selected,Selected,Not Selected,Selected,Not Selected,Selected,Not Selected,Not Selected,Not Selected,Not Selected,Not Selected,100,98,1,0,0,Cluster 2
Utilities,2,100-999,New York,Middle Atlantic,North America,1,0,0,0,0,0,0,0,0,0,0,0,2,Utilities,"Trade, Transportation, and Utilities",Goods-Producing Industries,0%,0,No,Upskilling,50 - 99,50 - 99,Mandatory,1,50 - 99 hours, > 12 months,No,< $500,0,100,Not Selected,Selected,Not Selected,Selected,Selected,Selected,Selected,Not Selected,Not Selected,Selected,Selected,94,98,0,0,0,Cluster 1
Manufacturing,4,1000-2499,Texas,West South Central,North America,1,0,0,0,0,0,0,0,0,0,0,1,1,Manufacturing,Manufacturing,Goods-Producing Industries,51 - 75%,1,Yes,Reskilling,50 - 99,100 - 499,Voluntary,1,200 - 499 hours,7 - 12 months,Yes,"$1,001 - $5,000",24,19,Not Selected,Selected,Not Selected,Not Selected,Selected,Not Selected,Selected,Not Selected,Not Selected,Not Selected,Selected,59,93,1,0,1,Cluster 1
"Professional, Scientific, and Technical Services",2,100-999,Washington,Pacific,North America,1,0,0,0,0,0,0,0,0,0,0,0,4,"Professional, Scientific, and Technical Services",Professional and Business Services,Service-Providing Industries,1 - 25%,0,No,Reskilling,100 - 499,100 - 499,Voluntary,1,50 - 99 hours,7 - 12 months,Yes,"$1,001 - $5,000",31,24,Not Selected,Not Selected,Not Selected,Selected,Not Selected,Selected,Not Selected,Not Selected,Not Selected,Not Selected,Not Selected,68,94,0,0,0,Cluster 2
Administrative and Support and Waste Management and Remediation Services,4,1000-2499,North Carolina,South Atlantic,North America,1,0,0,0,0,0,0,0,0,0,0,1,4,Administrative and Support and Waste Management and Remediation Services,Professional and Business Services,Service-Providing Industries,26 - 50%,1,No,Upskilling,1000 - 9999,100 - 499,Mandatory,0,50 - 99 hours,2 - 6 months,Yes,"$1,001 - $5,000",13,24,Not Selected,Not Selected,Not Selected,Selected,Not Selected,Not Selected,Not Selected,Selected,Not Selected,Not Selected,Not Selected,54,47,1,0,0,Cluster 2
Construction,2,100-999,Michigan,East North Central,North America,1,0,0,0,0,0,0,0,0,0,0,0,2,Construction,Construction,Goods-Producing Industries,1 - 25%,1,Yes,Reskilling,50 - 99,100 - 499,Mandatory,0,< 10 hours,2 - 6 months,Yes,< $500,40,20,Selected,Selected,Selected,Selected,Selected,Selected,Selected,Selected,Not Selected,Selected,Selected,70,50,0,0,0,Cluster 1
Wholesale Trade,3,100-999,California,Pacific,North America,1,0,0,0,0,0,0,0,0,0,0,1,1,Wholesale Trade,"Trade, Transportation, and Utilities",Service-Providing Industries,1 - 25%,1,No,Upskilling,Fewer than 50,Fewer than 50,Voluntary,1,200 - 499 hours,2 - 6 months,Yes,"$1,001 - $5,000",0,100,Not Selected,Selected,Not Selected,Not Selected,Not Selected,Not Selected,Selected,Not Selected,Not Selected,Not Selected,Not Selected,51,65,0,0,0,Cluster 1
Retail Trade,2,100-999,Wisconsin,East North Central,North America,1,0,0,0,0,0,0,0,0,0,0,1,5,Retail Trade,"Trade, Transportation, and Utilities",Service-Providing Industries,0%,0,No,Upskilling,100 - 499,100 - 499,Voluntary,1,10 - 49 hours,< 1 month,Yes,< $500,60,40,Not Selected,Selected,Not Selected,Not Selected,Not Selected,Selected,Not Selected,Selected,Not Selected,Not Selected,Selected,50,22,0,0,0,Cluster 1
"Professional, Scientific, and Technical Services",4,1000-2499,New York,Middle Atlantic,North America,1,1,1,0,1,0,0,0,1,0,2,1,2,"Professional, Scientific, and Technical Services",Professional and Business Services,Service-Providing Industries,26 - 50%,1,No,Upskilling,1000 - 9999,500 - 999,Mandatory,0,> 500 hours,2 - 6 months,Yes,"$5,001 - $10,000",20,25,Selected,Selected,Not Selected,Not Selected,Selected,Selected,Selected,Selected,Not Selected,Selected,Selected,81,86,1,0,0,Cluster 2
Management of Companies and Enterprises,4,1000-2499,Texas,West South Central,North America,1,1,1,0,0,0,1,0,1,0,2,1,2,Management of Companies and Enterprises,Professional and Business Services,Service-Providing Industries,26 - 50%,1,Yes,Reskilling,50 - 99,100 - 499,Mandatory,1,10 - 49 hours,2 - 6 months,Yes,"$501 - $1,000",20,20,Not Selected,Selected,Not Selected,Not Selected,Selected,Selected,Selected,Not Selected,Not Selected,Not Selected,Not Selected,81,90,1,0,0,Cluster 1
Real Estate and Rental and Leasing,2,100-999,California,Pacific,North America,1,0,0,0,0,0,0,0,0,0,0,0,5,Real Estate and Rental and Leasing,Financial Activities,Service-Providing Industries,0%,0,No,Upskilling,100 - 499,50 - 99,Mandatory,1,10 - 49 hours,2 - 6 months,Yes,"$501 - $1,000",0,100,Not Selected,Selected,Not Selected,Not Selected,Not Selected,Not Selected,Selected,Not Selected,Not Selected,Selected,Selected,50,80,0,0,0,Cluster 1
Health Care and Social Assistance,3,100-999,Alabama,East South Central,North America,1,1,1,0,0,0,1,0,0,0,1,1,2,Health Care and Social Assistance,Education and Health Services,Service-Providing Industries,26 - 50%,0,I don't know,Reskilling,500 - 999,500 - 999,Mandatory,0,100 - 199 hours,2 - 6 months,No,"$501 - $1,000",25,25,Not Selected,Selected,Not Selected,Selected,Not Selected,Not Selected,Not Selected,Not Selected,Not Selected,Not Selected,Not Selected,45,82,0,0,0,Cluster 2
Manufacturing,2,100-999,Texas,West South Central,North America,1,1,1,0,0,1,1,1,0,0,3,1,3,Manufacturing,Manufacturing,Goods-Producing Industries,51 - 75%,1,Yes,Upskilling,500 - 999,1000 - 9999,Mandatory,1,200 - 499 hours,2 - 6 months,Yes,"$501 - $1,000",25,25,Selected,Selected,Not Selected,Selected,Not Selected,Not Selected,Not Selected,Not Selected,Not Selected,Not Selected,Not Selected,98,93,0,0,1,Cluster 2
Health Care and Social Assistance,10,>10k,New York,Middle Atlantic,North America,1,1,1,0,0,0,1,1,0,0,2,1,1,Health Care and Social Assistance,Education and Health Services,Service-Providing Industries,51 - 75%,0,No,Reskilling,10000 - 49999,100000 or more,Voluntary,1,100 - 199 hours,2 - 6 months,Yes,< $500,0,100,Not Selected,Not Selected,Not Selected,Selected,Not Selected,Not Selected,Not Selected,Not Selected,Not Selected,Not Selected,Not Selected,50,50,0,1,1,Cluster 2
Health Care and Social Assistance,3,100-999,Missouri,West North Central,North America,1,0,0,0,0,0,0,0,0,0,0,0,3,Health Care and Social Assistance,Education and Health Services,Service-Providing Industries,26 - 50%,0,No,Reskilling,100 - 499,100 - 499,Mandatory,1,50 - 99 hours,2 - 6 months,Yes,"$501 - $1,000",0,100,Not Selected,Not Selected,Not Selected,Selected,Selected,Not Selected,Not Selected,Selected,Not Selected,Selected,Not Selected,29,69,0,0,0,Cluster 2
Construction,6,2500>9999,New York,Middle Atlantic,North America,1,1,1,0,0,1,0,0,1,0,2,1,5,Construction,Construction,Goods-Producing Industries,76 - 100%,1,No,Upskilling,50 - 99,100 - 499,Voluntary,0,200 - 499 hours,7 - 12 months,Yes,< $500,0,5,Selected,Selected,Not Selected,Selected,Selected,Selected,Selected,Not Selected,Not Selected,Selected,Not Selected,58,66,0,1,1,Cluster 2
Educational Services,3,100-999,Oregon,Pacific,North America,1,1,1,0,0,0,1,0,0,0,1,0,4,Educational Services,Education and Health Services,Service-Providing Industries,26 - 50%,0,Yes,Upskilling,500 - 999,500 - 999,Mandatory,0,50 - 99 hours,2 - 6 months,Yes,"$501 - $1,000",0,25,Not Selected,Selected,Not Selected,Selected,Not Selected,Not Selected,Selected,Not Selected,Not Selected,Not Selected,Not Selected,77,78,0,0,0,Cluster 1
Construction,3,100-999,Florida,South Atlantic,North America,1,1,1,0,0,0,0,0,1,0,1,1,1,Construction,Construction,Goods-Producing Industries,26 - 50%,0,No,Upskilling,100 - 499,500 - 999,Voluntary,1,100 - 199 hours,< 1 month,Yes,"$501 - $1,000",0,100,Not Selected,Selected,Not Selected,Not Selected,Selected,Not Selected,Selected,Not Selected,Not Selected,Not Selected,Selected,52,59,0,0,0,Cluster 1
Transportation and Warehousing,5,2500>9999,Texas,West South Central,North America,1,1,1,0,0,0,1,1,0,0,2,1,3,Transportation and Warehousing,"Trade, Transportation, and Utilities",Service-Providing Industries,51 - 75%,1,Yes,Reskilling,10000 - 49999,1000 - 9999,Mandatory,0,> 500 hours,7 - 12 months,Yes,"$5,001 - $10,000",20,20,Selected,Selected,Selected,Selected,Selected,Selected,Not Selected,Not Selected,Selected,Selected,Not Selected,26,45,0,1,1,Cluster 2
Manufacturing,5,2500>9999,Illinois,East North Central,North America,1,1,1,0,0,0,0,1,0,0,1,1,3,Manufacturing,Manufacturing,Goods-Producing Industries,26 - 50%,0,Yes,Reskilling,100 - 499,500 - 999,Mandatory,1,50 - 99 hours,2 - 6 months,Yes,"$1,001 - $5,000",20,20,Selected,Selected,Not Selected,Selected,Not Selected,Selected,Selected,Not Selected,Not Selected,Not Selected,Not Selected,60,62,0,1,0,Cluster 2
Finance and Insurance,3,100-999,Virginia,South Atlantic,North America,1,0,0,0,0,0,0,0,0,0,0,1,4,Finance and Insurance,Financial Activities,Service-Providing Industries,26 - 50%,1,Yes,Upskilling,100 - 499,500 - 999,Mandatory,1,50 - 99 hours,2 - 6 months,Yes,"$1,001 - $5,000",20,15,Not Selected,Not Selected,Not Selected,Selected,Not Selected,Selected,Not Selected,Not Selected,Not Selected,Selected,Not Selected,39,58,0,0,0,Cluster 2
Finance and Insurance,8,>10k,Tennessee,East South Central,North America,1,0,0,0,0,0,0,0,0,0,0,0,1,Finance and Insurance,Financial Activities,Service-Providing Industries,0%,1,No,Upskilling,500 - 999,1000 - 9999,Voluntary,1,50 - 99 hours,7 - 12 months,Yes,"$1,001 - $5,000",0,100,Not Selected,Selected,Not Selected,Not Selected,Not Selected,Selected,Not Selected,Not Selected,Not Selected,Selected,Not Selected,40,14,0,1,0,Cluster 1
Manufacturing,4,1000-2499,New York,Middle Atlantic,North America,1,0,0,0,0,0,0,0,0,0,0,0,3,Manufacturing,Manufacturing,Goods-Producing Industries,26 - 50%,1,No,Reskilling,100 - 499,50 - 99,Voluntary,0,50 - 99 hours,2 - 6 months,Yes,"$1,001 - $5,000",5,35,Not Selected,Selected,Not Selected,Selected,Not Selected,Not Selected,Selected,Not Selected,Not Selected,Selected,Not Selected,69,81,1,0,0,Cluster 1
Other Services (except Public Administration),9,>10k,Florida,South Atlantic,North America,1,1,1,0,0,0,0,0,1,0,1,0,6,Other Services (except Public Administration),Public Administration and other Services,Service-Providing Industries,0%,0,No,Reskilling,Fewer than 50,50 - 99,Mandatory,0,10 - 49 hours,< 1 month,Yes,"$1,001 - $5,000",,,Not Selected,Selected,Not Selected,Not Selected,Selected,Selected,Not Selected,Not Selected,Not Selected,Not Selected,Not Selected,50,25,0,1,0,Cluster 1
Finance and Insurance,4,1000-2499,Texas,West South Central,North America,1,1,1,0,0,0,1,0,1,0,2,1,3,Finance and Insurance,Financial Activities,Service-Providing Industries,76 - 100%,1,Yes,Reskilling,100 - 499,1000 - 9999,Mandatory,1,100 - 199 hours,2 - 6 months,Yes,"$5,001 - $10,000",30,25,Not Selected,Selected,Selected,Not Selected,Selected,Selected,Selected,Selected,Selected,Selected,Selected,61,91,1,0,1,Cluster 2
Finance and Insurance,4,1000-2499,Wisconsin,East North Central,North America,1,1,1,0,0,0,1,0,1,0,2,1,3,Finance and Insurance,Financial Activities,Service-Providing Industries,76 - 100%,1,Yes,Reskilling,100 - 499,1000 - 9999,Mandatory,1,100 - 199 hours,2 - 6 months,Yes,"$5,001 - $10,000",30,25,Not Selected,Selected,Selected,Not Selected,Selected,Selected,Selected,Selected,Selected,Selected,Selected,60,90,1,0,1,Cluster 2
Health Care and Social Assistance,5,2500>9999,Florida,South Atlantic,North America,1,0,0,0,0,0,0,0,0,0,0,0,1,Health Care and Social Assistance,Education and Health Services,Service-Providing Industries,0%,1,Yes,Reskilling,Fewer than 50,Fewer than 50,Voluntary,1,100 - 199 hours,7 - 12 months,Yes,"$501 - $1,000",50,50,Not Selected,Selected,Not Selected,Not Selected,Selected,Selected,Selected,Not Selected,Not Selected,Not Selected,Selected,25,5,0,1,0,Cluster 1
Administrative and Support and Waste Management and Remediation Services,4,1000-2499,Florida,South Atlantic,North America,1,1,1,0,0,0,1,0,0,0,1,1,3,Administrative and Support and Waste Management and Remediation Services,Professional and Business Services,Service-Providing Industries,51 - 75%,0,Yes,Upskilling,1000 - 9999,500 - 999,Mandatory,0,100 - 199 hours,2 - 6 months,Yes,"$501 - $1,000",0,50,Not Selected,Not Selected,Not Selected,Not Selected,Selected,Selected,Not Selected,Not Selected,Not Selected,Not Selected,Not Selected,84,96,1,0,1,Cluster 2
Finance and Insurance,6,2500>9999,Arkansas,West South Central,North America,1,1,1,0,0,0,1,0,1,0,2,1,3,Finance and Insurance,Financial Activities,Service-Providing Industries,76 - 100%,1,Yes,Reskilling,100 - 499,100 - 499,Mandatory,1,100 - 199 hours,2 - 6 months,Yes,"$1,001 - $5,000",30,30,Selected,Selected,Not Selected,Selected,Not Selected,Selected,Not Selected,Selected,Not Selected,Not Selected,Selected,60,90,0,1,1,Cluster 2
Manufacturing,2,100-999,Georgia,South Atlantic,North America,1,0,0,0,0,0,0,0,0,0,0,1,5,Manufacturing,Manufacturing,Goods-Producing Industries,0%,1,Yes,Upskilling,Fewer than 50,100 - 499,Voluntary,1,50 - 99 hours,< 1 month,Yes,< $500,60,40,Not Selected,Selected,Not Selected,Not Selected,Not Selected,Not Selected,Selected,Not Selected,Not Selected,Not Selected,Selected,40,100,0,0,0,Cluster 1
Construction,3,100-999,New York,Middle Atlantic,North America,1,1,1,0,0,0,1,1,0,0,2,1,2,Construction,Construction,Goods-Producing Industries,51 - 75%,1,Yes,Reskilling,100 - 499,500 - 999,Mandatory,0,100 - 199 hours,2 - 6 months,Yes,"$1,001 - $5,000",20,20,Selected,Not Selected,Selected,Selected,Selected,Selected,Selected,Not Selected,Not Selected,Selected,Not Selected,83,83,0,0,1,Cluster 2
Construction,2,100-999,California,Pacific,North America,1,0,0,0,0,0,0,0,0,0,0,0,3,Construction,Construction,Goods-Producing Industries,51 - 75%,0,No,Upskilling,Fewer than 50,50 - 99,Mandatory,1,100 - 199 hours,2 - 6 months,Yes,"$501 - $1,000",20,20,Not Selected,Not Selected,Not Selected,Selected,Selected,Selected,Not Selected,Not Selected,Not Selected,Not Selected,Not Selected,30,40,0,0,1,Cluster 2
Information,3,100-999,California,Pacific,North America,1,1,1,0,0,0,1,1,0,0,2,0,5,Information,Information,Service-Providing Industries,26 - 50%,0,Yes,Reskilling,100 - 499,100 - 499,Mandatory,0,200 - 499 hours,< 1 month,Yes,"$1,001 - $5,000",10,35,Selected,Not Selected,Not Selected,Not Selected,Selected,Selected,Selected,Not Selected,Not Selected,Selected,Selected,48,84,0,0,0,Cluster 2
Transportation and Warehousing,3,100-999,California,Pacific,North America,1,1,1,0,1,0,0,0,0,0,1,1,5,Transportation and Warehousing,"Trade, Transportation, and Utilities",Service-Providing Industries,1 - 25%,0,No,Reskilling,50 - 99,100 - 499,Voluntary,1,200 - 499 hours,7 - 12 months,Yes,"$1,001 - $5,000",20,40,Selected,Selected,Selected,Selected,Selected,Selected,Selected,Selected,Selected,Selected,Selected,52,77,0,0,0,Cluster 1
Finance and Insurance,10,>10k,Texas,West South Central,North America,1,0,0,0,0,0,0,0,0,0,0,1,3,Finance and Insurance,Financial Activities,Service-Providing Industries,51 - 75%,1,No,Upskilling,500 - 999,1000 - 9999,Voluntary,1,10 - 49 hours,2 - 6 months,Yes,"$1,001 - $5,000",20,15,Not Selected,Not Selected,Selected,Not Selected,Not Selected,Selected,Not Selected,Selected,Not Selected,Not Selected,Not Selected,74,74,0,1,1,Cluster 2
Information,5,2500>9999,New York,Middle Atlantic,North America,1,1,1,0,0,0,1,0,1,0,2,1,3,Information,Information,Service-Providing Industries,1 - 25%,1,No,Upskilling,100 - 499,100 - 499,Voluntary,0,50 - 99 hours,2 - 6 months,Yes,"$1,001 - $5,000",10,50,Not Selected,Selected,Not Selected,Not Selected,Selected,Selected,Selected,Not Selected,Not Selected,Selected,Not Selected,61,90,0,1,0,Cluster 2
"Professional, Scientific, and Technical Services",3,100-999,Texas,West South Central,North America,1,0,0,0,0,0,0,0,0,0,0,0,3,"Professional, Scientific, and Technical Services",Professional and Business Services,Service-Providing Industries,0%,0,Yes,Upskilling,100 - 499,500 - 999,Mandatory,1,200 - 499 hours,7 - 12 months,Yes,"$1,001 - $5,000",0,50,Selected,Not Selected,Not Selected,Selected,Not Selected,Selected,Not Selected,Not Selected,Selected,Not Selected,Selected,91,85,0,0,0,Cluster 2
Construction,2,100-999,New York,Middle Atlantic,North America,1,0,0,0,0,0,0,0,0,0,0,0,5,Construction,Construction,Goods-Producing Industries,0%,0,No,Upskilling,Fewer than 50,50 - 99,Voluntary,1,100 - 199 hours,2 - 6 months,No,"$501 - $1,000",0,90,Not Selected,Selected,Not Selected,Not Selected,Selected,Not Selected,Selected,Not Selected,Not Selected,Not Selected,Selected,70,100,0,0,0,Cluster 1
Finance and Insurance,6,2500>9999,Illinois,East North Central,North America,1,1,1,0,0,0,1,0,1,0,2,1,3,Finance and Insurance,Financial Activities,Service-Providing Industries,0%,1,Yes,Reskilling,1000 - 9999,500 - 999,Mandatory,1,10 - 49 hours,2 - 6 months,Yes,< $500,30,70,Not Selected,Selected,Selected,Selected,Selected,Selected,Not Selected,Not Selected,Not Selected,Not Selected,Selected,99,99,0,1,0,Cluster 2
"Professional, Scientific, and Technical Services",2,100-999,New York,Middle Atlantic,North America,1,0,0,0,0,0,0,0,0,0,0,0,5,"Professional, Scientific, and Technical Services",Professional and Business Services,Service-Providing Industries,26 - 50%,0,No,Upskilling,Fewer than 50,50 - 99,Voluntary,1,10 - 49 hours,2 - 6 months,Yes,"$501 - $1,000",75,25,Not Selected,Selected,Not Selected,Selected,Selected,Selected,Not Selected,Not Selected,Not Selected,Selected,Not Selected,82,55,0,0,0,Cluster 1
Manufacturing,4,1000-2499,Florida,South Atlantic,North America,1,0,0,0,0,0,0,0,0,0,0,0,1,Manufacturing,Manufacturing,Goods-Producing Industries,0%,1,Yes,Upskilling,500 - 999,1000 - 9999,Voluntary,1,10 - 49 hours,7 - 12 months,Yes,"$1,001 - $5,000",0,70,Not Selected,Selected,Not Selected,Not Selected,Not Selected,Not Selected,Selected,Not Selected,Not Selected,Not Selected,Not Selected,25,18,1,0,0,Cluster 1
Management of Companies and Enterprises,2,100-999,Washington,Pacific,North America,1,0,0,0,0,0,0,0,0,0,0,0,4,Management of Companies and Enterprises,Professional and Business Services,Service-Providing Industries,0%,1,No,Reskilling,100 - 499,Fewer than 50,Voluntary,1,50 - 99 hours,7 - 12 months,Yes,"$501 - $1,000",0,100,Not Selected,Selected,Not Selected,Not Selected,Selected,Not Selected,Selected,Not Selected,Not Selected,Selected,Selected,72,61,0,0,0,Cluster 1
Information,2,100-999,Virginia,South Atlantic,North America,1,0,0,0,0,0,0,0,0,0,0,0,2,Information,Information,Service-Providing Industries,0%,0,No,Upskilling,Fewer than 50,Fewer than 50,Voluntary,1,< 10 hours,2 - 6 months,Yes,< $500,0,100,Not Selected,Selected,Not Selected,Not Selected,Not Selected,Selected,Not Selected,Not Selected,Not Selected,Not Selected,Not Selected,66,38,0,0,0,Cluster 1
Other Services (except Public Administration),3,100-999,Utah,Mountain,North America,1,0,0,0,0,0,0,0,0,0,0,1,2,Other Services (except Public Administration),Public Administration and other Services,Service-Providing Industries,0%,0,No,Upskilling,100 - 499,100 - 499,Mandatory,1,50 - 99 hours,2 - 6 months,Yes,< $500,0,100,Not Selected,Selected,Not Selected,Not Selected,Not Selected,Not Selected,Not Selected,Selected,Not Selected,Not Selected,Selected,70,100,0,0,0,Cluster 1
"Professional, Scientific, and Technical Services",5,2500>9999,Illinois,East North Central,North America,1,1,1,0,0,0,1,0,0,0,1,1,1,"Professional, Scientific, and Technical Services",Professional and Business Services,Service-Providing Industries,51 - 75%,1,No,Upskilling,500 - 999,1000 - 9999,Voluntary,1,50 - 99 hours,2 - 6 months,Yes,"$1,001 - $5,000",35,25,Selected,Not Selected,Not Selected,Selected,Not Selected,Not Selected,Selected,Not Selected,Not Selected,Not Selected,Not Selected,52,32,0,1,1,Cluster 1
Utilities,3,100-999,Texas,West South Central,Europe,0,1,0,1,0,0,1,0,1,0,2,0,6,Utilities,"Trade, Transportation, and Utilities",Goods-Producing Industries,0%,0,No,Upskilling,Fewer than 50,50 - 99,Voluntary,1,10 - 49 hours,2 - 6 months,No,< $500,0,100,Not Selected,Selected,Not Selected,Not Selected,Selected,Not Selected,Selected,Selected,Not Selected,Selected,Not Selected,32,78,0,0,0,Cluster 1
Retail Trade,9,>10k,Michigan,East North Central,North America,1,0,0,0,0,0,0,0,0,0,0,0,2,Retail Trade,"Trade, Transportation, and Utilities",Service-Providing Industries,26 - 50%,0,Yes,Reskilling,1000 - 9999,100 - 499,Voluntary,1,100 - 199 hours,7 - 12 months,Yes,"$1,001 - $5,000",0,20,Not Selected,Not Selected,Not Selected,Not Selected,Selected,Selected,Not Selected,Selected,Not Selected,Selected,Not Selected,31,22,0,1,0,Cluster 1
Finance and Insurance,3,100-999,California,Pacific,North America,1,0,0,0,0,0,0,0,0,0,0,1,5,Finance and Insurance,Financial Activities,Service-Providing Industries,26 - 50%,0,No,Upskilling,100 - 499,100 - 499,Voluntary,1,10 - 49 hours,2 - 6 months,Yes,< $500,0,80,Selected,Selected,Not Selected,Not Selected,Not Selected,Selected,Selected,Not Selected,Not Selected,Selected,Selected,90,90,0,0,0,Cluster 2
"Arts, Entertainment, and Recreation",3,100-999,North Carolina,South Atlantic,North America,1,0,0,0,0,0,0,0,0,0,0,1,2,"Arts, Entertainment, and Recreation",Leisure and Hospitality,Service-Providing Industries,51 - 75%,0,Yes,Upskilling,100 - 499,100 - 499,Voluntary,1,10 - 49 hours,2 - 6 months,Yes,"$501 - $1,000",20,40,Not Selected,Selected,Selected,Not Selected,Not Selected,Not Selected,Selected,Selected,Not Selected,Selected,Selected,59,48,0,0,1,Cluster 1
Health Care and Social Assistance,2,100-999,Virginia,South Atlantic,North America,1,0,0,0,0,0,0,0,0,0,0,0,3,Health Care and Social Assistance,Education and Health Services,Service-Providing Industries,0%,1,Yes,Upskilling,50 - 99,100 - 499,Mandatory,0,50 - 99 hours,2 - 6 months,Yes,< $500,10,70,Not Selected,Not Selected,Not Selected,Selected,Not Selected,Selected,Selected,Not Selected,Not Selected,Not Selected,Not Selected,72,72,0,0,0,Cluster 2
"Professional, Scientific, and Technical Services",2,100-999,New York,Middle Atlantic,North America,1,1,1,0,0,0,1,1,0,0,2,1,3,"Professional, Scientific, and Technical Services",Professional and Business Services,Service-Providing Industries,1 - 25%,1,Yes,Upskilling,Fewer than 50,50 - 99,Voluntary,0,100 - 199 hours,2 - 6 months,Yes,"$501 - $1,000",30,60,Not Selected,Selected,Not Selected,Not Selected,Not Selected,Selected,Not Selected,Selected,Not Selected,Selected,Not Selected,60,70,0,0,0,Cluster 1
Finance and Insurance,8,>10k,New York,Middle Atlantic,North America,1,1,1,0,0,0,0,1,0,0,1,1,1,Finance and Insurance,Financial Activities,Service-Providing Industries,76 - 100%,1,Yes,Reskilling,1000 - 9999,1000 - 9999,Mandatory,0,100 - 199 hours,2 - 6 months,Yes,"$1,001 - $5,000",20,25,Selected,Not Selected,Not Selected,Selected,Not Selected,Selected,Not Selected,Not Selected,Not Selected,Selected,Not Selected,89,100,0,1,1,Cluster 2
"Professional, Scientific, and Technical Services",3,100-999,California,Pacific,North America,1,0,0,0,0,0,0,0,0,0,0,0,6,"Professional, Scientific, and Technical Services",Professional and Business Services,Service-Providing Industries,1 - 25%,0,No,Upskilling,50 - 99,100 - 499,Voluntary,1,50 - 99 hours,2 - 6 months,Yes,"$501 - $1,000",0,100,Not Selected,Selected,Not Selected,Selected,Selected,Selected,Not Selected,Not Selected,Not Selected,Not Selected,Not Selected,77,63,0,0,0,Cluster 2
Other Services (except Public Administration),2,100-999,New York,Middle Atlantic,North America,1,0,0,0,0,0,0,0,0,0,0,0,3,Other Services (except Public Administration),Public Administration and other Services,Service-Providing Industries,26 - 50%,0,No,Upskilling,Fewer than 50,50 - 99,Voluntary,1,100 - 199 hours,2 - 6 months,Yes,"$5,001 - $10,000",0,100,Not Selected,Selected,Not Selected,Not Selected,Not Selected,Selected,Not Selected,Selected,Not Selected,Selected,Selected,70,40,0,0,0,Cluster 1
"Professional, Scientific, and Technical Services",6,2500>9999,Florida,South Atlantic,North America,1,0,0,0,0,0,0,0,0,0,0,0,5,"Professional, Scientific, and Technical Services",Professional and Business Services,Service-Providing Industries,0%,0,No,Reskilling,500 - 999,1000 - 9999,Mandatory,1,> 500 hours,7 - 12 months,No,"$501 - $1,000",0,100,Not Selected,Selected,Not Selected,Not Selected,Not Selected,Not Selected,Selected,Selected,Selected,Not Selected,Selected,51,55,0,1,0,Cluster 1
Wholesale Trade,4,1000-2499,Tennessee,East South Central,North America,1,0,0,0,0,0,0,0,0,0,0,1,3,Wholesale Trade,"Trade, Transportation, and Utilities",Service-Providing Industries,51 - 75%,0,Yes,Reskilling,500 - 999,100 - 499,Mandatory,1,10 - 49 hours,2 - 6 months,Yes,< $500,0,20,Selected,Selected,Not Selected,Not Selected,Not Selected,Not Selected,Not Selected,Not Selected,Not Selected,Selected,Selected,30,61,1,0,1,Cluster 2
Retail Trade,5,2500>9999,New Jersey,Middle Atlantic,North America,1,0,0,0,0,0,0,0,0,0,0,0,3,Retail Trade,"Trade, Transportation, and Utilities",Service-Providing Industries,26 - 50%,0,No,Reskilling,100 - 499,100 - 499,Mandatory,1,100 - 199 hours,2 - 6 months,Yes,"$501 - $1,000",0,100,Not Selected,Not Selected,Not Selected,Selected,Selected,Not Selected,Selected,Selected,Not Selected,Not Selected,Not Selected,64,33,0,1,0,Cluster 1
Other Services (except Public Administration),6,2500>9999,Kentucky,East South Central,North America,1,0,0,0,0,0,0,0,0,0,0,0,3,Other Services (except Public Administration),Public Administration and other Services,Service-Providing Industries,0%,0,Yes,Upskilling,50 - 99,100 - 499,Mandatory,0,50 - 99 hours,2 - 6 months,Yes,< $500,0,100,Not Selected,Selected,Not Selected,Selected,Not Selected,Not Selected,Selected,Not Selected,Not Selected,Not Selected,Not Selected,58,47,0,1,0,Cluster 1
Manufacturing,3,100-999,Indiana,East North Central,North America,1,0,0,0,0,0,0,0,0,0,0,0,3,Manufacturing,Manufacturing,Goods-Producing Industries,51 - 75%,0,No,Upskilling,50 - 99,100 - 499,Voluntary,1,100 - 199 hours,2 - 6 months,Yes,"$501 - $1,000",0,100,Not Selected,Selected,Not Selected,Selected,Not Selected,Selected,Selected,Not Selected,Not Selected,Not Selected,Not Selected,50,35,0,0,1,Cluster 1
Manufacturing,2,100-999,Kentucky,East South Central,North America,1,0,0,0,0,0,0,0,0,0,0,0,1,Manufacturing,Manufacturing,Goods-Producing Industries,0%,0,No,Upskilling,Fewer than 50,Fewer than 50,Voluntary,1,50 - 99 hours,2 - 6 months,Yes,"$501 - $1,000",0,100,Not Selected,Selected,Not Selected,Not Selected,Not Selected,Not Selected,Selected,Not Selected,Not Selected,Not Selected,Selected,63,25,0,0,0,Cluster 1
Construction,2,100-999,West Virginia,South Atlantic,North America,1,1,1,0,0,0,1,0,1,0,2,0,1,Construction,Construction,Goods-Producing Industries,1 - 25%,1,No,Upskilling,50 - 99,100 - 499,Voluntary,1,10 - 49 hours,< 1 month,Yes,< $500,0,100,Not Selected,Selected,Not Selected,Not Selected,Not Selected,Selected,Selected,Not Selected,Not Selected,Not Selected,Not Selected,65,62,0,0,0,Cluster 1
Administrative and Support and Waste Management and Remediation Services,5,2500>9999,Arkansas,West South Central,North America,1,0,0,0,0,0,0,0,0,0,0,0,3,Administrative and Support and Waste Management and Remediation Services,Professional and Business Services,Service-Providing Industries,26 - 50%,0,I don't know,Reskilling,1000 - 9999,10000 - 49999,Mandatory,1,50 - 99 hours,2 - 6 months,No,"$1,001 - $5,000",12,18,Not Selected,Not Selected,Not Selected,Not Selected,Not Selected,Not Selected,Not Selected,Selected,Not Selected,Not Selected,Not Selected,50,70,0,1,0,Cluster 1
Health Care and Social Assistance,5,2500>9999,Connecticut,New England,North America,1,0,0,0,0,0,0,0,0,0,0,1,3,Health Care and Social Assistance,Education and Health Services,Service-Providing Industries,1 - 25%,0,Yes,Upskilling,50 - 99,100 - 499,Voluntary,1,10 - 49 hours,2 - 6 months,Yes,"$501 - $1,000",50,50,Not Selected,Selected,Not Selected,Not Selected,Not Selected,Not Selected,Not Selected,Not Selected,Not Selected,Not Selected,Selected,70,70,0,1,0,Cluster 1
Utilities,5,2500>9999,Oregon,Pacific,North America,1,0,0,0,0,0,0,0,0,0,0,0,3,Utilities,"Trade, Transportation, and Utilities",Goods-Producing Industries,26 - 50%,1,Yes,Reskilling,1000 - 9999,1000 - 9999,Voluntary,0,100 - 199 hours,2 - 6 months,No,"$5,001 - $10,000",20,20,Selected,Not Selected,Not Selected,Selected,Not Selected,Selected,Not Selected,Selected,Not Selected,Not Selected,Not Selected,71,80,0,1,0,Cluster 2
Manufacturing,3,100-999,Ohio,East North Central,North America,1,1,1,0,1,0,0,0,1,0,2,1,3,Manufacturing,Manufacturing,Goods-Producing Industries,1 - 25%,0,No,Upskilling,Fewer than 50,Fewer than 50,Voluntary,1,50 - 99 hours,2 - 6 months,Yes,"$501 - $1,000",0,100,Not Selected,Selected,Not Selected,Not Selected,Not Selected,Not Selected,Selected,Selected,Not Selected,Not Selected,Selected,31,35,0,0,0,Cluster 1
Accommodation and Food Services,10,>10k,District of Columbia,South Atlantic,North America,1,1,1,0,0,0,1,1,1,0,3,0,6,Accommodation and Food Services,Leisure and Hospitality,Service-Providing Industries,1 - 25%,0,I don't know,Upskilling,500 - 999,1000 - 9999,Mandatory,1,< 10 hours,7 - 12 months,No,< $500,0,100,Not Selected,Selected,Not Selected,Not Selected,Not Selected,Not Selected,Selected,Not Selected,Not Selected,Not Selected,Not Selected,19,21,0,1,0,Cluster 1
Finance and Insurance,3,100-999,Colorado,Mountain,North America,1,1,1,0,0,0,0,1,1,0,2,1,3,Finance and Insurance,Financial Activities,Service-Providing Industries,26 - 50%,0,No,Upskilling,50 - 99,100 - 499,Voluntary,0,10 - 49 hours,2 - 6 months,Yes,< $500,0,40,Not Selected,Selected,Not Selected,Not Selected,Not Selected,Not Selected,Selected,Selected,Not Selected,Not Selected,Not Selected,60,24,0,0,0,Cluster 1
Retail Trade,3,100-999,Indiana,East North Central,North America,1,0,0,0,0,0,0,0,0,0,0,1,6,Retail Trade,"Trade, Transportation, and Utilities",Service-Providing Industries,51 - 75%,0,Yes,Reskilling,100 - 499,100 - 499,Mandatory,0,50 - 99 hours,2 - 6 months,Yes,< $500,25,25,Selected,Selected,Not Selected,Selected,Selected,Not Selected,Not Selected,Not Selected,Not Selected,Not Selected,Not Selected,99,92,0,0,1,Cluster 2
Retail Trade,3,100-999,Tennessee,East South Central,North America,1,1,1,0,1,1,1,0,0,0,3,1,3,Retail Trade,"Trade, Transportation, and Utilities",Service-Providing Industries,26 - 50%,1,Yes,Reskilling,50 - 99,100 - 499,Mandatory,0,10 - 49 hours,7 - 12 months,No,"$501 - $1,000",,,Selected,Not Selected,Selected,Selected,Selected,Selected,Not Selected,Not Selected,Not Selected,Not Selected,Not Selected,78,65,0,0,0,Cluster 2
Manufacturing,6,2500>9999,California,Pacific,Europe,0,1,0,1,0,0,0,1,0,0,1,1,4,Manufacturing,Manufacturing,Goods-Producing Industries,51 - 75%,1,No,Upskilling,500 - 999,50 - 99,Mandatory,0,50 - 99 hours,2 - 6 months,Yes,"$1,001 - $5,000",100,0,Not Selected,Not Selected,Not Selected,Not Selected,Not Selected,Not Selected,Not Selected,Selected,Not Selected,Not Selected,Not Selected,20,19,0,1,1,Cluster 2
Manufacturing,7,>10k,New Jersey,Middle Atlantic,North America,1,0,0,0,0,0,0,0,0,0,0,0,1,Manufacturing,Manufacturing,Goods-Producing Industries,26 - 50%,1,No,Reskilling,100 - 499,100 - 499,Voluntary,1,100 - 199 hours,2 - 6 months,Yes,"$1,001 - $5,000",0,100,Not Selected,Selected,Not Selected,Not Selected,Not Selected,Selected,Not Selected,Not Selected,Not Selected,Selected,Not Selected,80,70,0,1,0,Cluster 2
Manufacturing,4,1000-2499,Illinois,East North Central,North America,1,0,0,0,0,0,0,0,0,0,0,1,5,Manufacturing,Manufacturing,Goods-Producing Industries,51 - 75%,0,Yes,Reskilling,50 - 99,100 - 499,Voluntary,1,50 - 99 hours,2 - 6 months,Yes,"$501 - $1,000",20,40,Selected,Selected,Not Selected,Selected,Selected,Selected,Selected,Selected,Selected,Selected,Selected,60,61,1,0,1,Cluster 1
Retail Trade,4,1000-2499,California,Pacific,North America,1,0,0,0,0,0,0,0,0,0,0,1,5,Retail Trade,"Trade, Transportation, and Utilities",Service-Providing Industries,26 - 50%,0,Yes,Reskilling,50 - 99,50 - 99,Voluntary,1,50 - 99 hours,2 - 6 months,Yes,"$501 - $1,000",15,20,Not Selected,Selected,Not Selected,Selected,Selected,Selected,Selected,Selected,Not Selected,Not Selected,Selected,52,76,1,0,0,Cluster 2
Transportation and Warehousing,4,1000-2499,Illinois,East North Central,North America,1,1,1,0,0,0,1,0,0,0,1,1,2,Transportation and Warehousing,"Trade, Transportation, and Utilities",Service-Providing Industries,26 - 50%,1,Yes,Upskilling,1000 - 9999,10000 - 49999,Mandatory,1,100 - 199 hours,< 1 month,Yes,"$1,001 - $5,000",30,20,Not Selected,Not Selected,Not Selected,Not Selected,Selected,Selected,Not Selected,Selected,Not Selected,Not Selected,Not Selected,65,87,1,0,0,Cluster 2
"Professional, Scientific, and Technical Services",5,2500>9999,Illinois,East North Central,North America,1,1,1,0,1,0,1,1,1,1,5,1,3,"Professional, Scientific, and Technical Services",Professional and Business Services,Service-Providing Industries,0%,0,No,Upskilling,1000 - 9999,1000 - 9999,Voluntary,1,100 - 199 hours,2 - 6 months,Yes,"$1,001 - $5,000",0,100,Selected,Not Selected,Selected,Not Selected,Not Selected,Not Selected,Selected,Not Selected,Not Selected,Selected,Not Selected,59,50,0,1,0,Cluster 2
Finance and Insurance,9,>10k,Minnesota,West North Central,North America,1,1,1,0,0,0,1,1,1,0,3,1,6,Finance and Insurance,Financial Activities,Service-Providing Industries,0%,1,I don't know,Upskilling,10000 - 49999,50000 - 99999,Mandatory,1,10 - 49 hours,7 - 12 months,Yes,"$1,001 - $5,000",20,80,Not Selected,Selected,Not Selected,Selected,Selected,Selected,Not Selected,Selected,Selected,Selected,Selected,31,52,0,1,0,Cluster 2
Health Care and Social Assistance,6,2500>9999,New York,Middle Atlantic,North America,1,0,0,0,0,0,0,0,0,0,0,0,4,Health Care and Social Assistance,Education and Health Services,Service-Providing Industries,51 - 75%,1,Yes,Reskilling,1000 - 9999,1000 - 9999,Voluntary,0,> 500 hours,7 - 12 months,Yes,"$1,001 - $5,000",25,25,Selected,Not Selected,Not Selected,Selected,Not Selected,Selected,Not Selected,Not Selected,Selected,Selected,Not Selected,80,95,0,1,1,Cluster 2
Retail Trade,7,>10k,Florida,South Atlantic,North America,1,0,0,0,0,0,0,0,0,0,0,0,3,Retail Trade,"Trade, Transportation, and Utilities",Service-Providing Industries,51 - 75%,0,Yes,Upskilling,500 - 999,500 - 999,Voluntary,1,50 - 99 hours,2 - 6 months,Yes,< $500,10,50,Not Selected,Selected,Selected,Selected,Not Selected,Not Selected,Not Selected,Selected,Not Selected,Not Selected,Selected,77,90,0,1,1,Cluster 2
Construction,3,100-999,Pennsylvania,Middle Atlantic,North America,1,1,1,0,0,1,0,0,1,0,2,1,5,Construction,Construction,Goods-Producing Industries,26 - 50%,1,Yes,Reskilling,500 - 999,500 - 999,Mandatory,0,> 500 hours,7 - 12 months,Yes,"$1,001 - $5,000",25,25,Selected,Not Selected,Not Selected,Selected,Selected,Selected,Selected,Not Selected,Not Selected,Not Selected,Not Selected,76,77,0,0,0,Cluster 2
Information,3,100-999,Kentucky,East South Central,North America,1,0,0,0,0,0,0,0,0,0,0,1,3,Information,Information,Service-Providing Industries,26 - 50%,0,Yes,Reskilling,500 - 999,500 - 999,Mandatory,1,50 - 99 hours,< 1 month,Yes,"$1,001 - $5,000",20,50,Selected,Selected,Not Selected,Selected,Not Selected,Selected,Not Selected,Selected,Not Selected,Not Selected,Not Selected,44,77,0,0,0,Cluster 2
Manufacturing,2,100-999,Connecticut,New England,Africa,0,0,0,0,0,0,0,0,0,0,0,1,3,Manufacturing,Manufacturing,Goods-Producing Industries,51 - 75%,1,Yes,Reskilling,50 - 99,50 - 99,Voluntary,1,10 - 49 hours,7 - 12 months,Yes,"$501 - $1,000",45,25,Not Selected,Selected,Not Selected,Not Selected,Not Selected,Not Selected,Not Selected,Not Selected,Not Selected,Selected,Not Selected,39,71,0,0,1,Cluster 1
Retail Trade,4,1000-2499,New Mexico,Mountain,North America,1,0,0,0,0,0,0,0,0,0,0,0,3,Retail Trade,"Trade, Transportation, and Utilities",Service-Providing Industries,26 - 50%,0,Yes,Upskilling,100 - 499,100 - 499,Voluntary,1,100 - 199 hours,2 - 6 months,Yes,< $500,20,80,Not Selected,Selected,Not Selected,Not Selected,Not Selected,Not Selected,Selected,Selected,Selected,Selected,Selected,47,64,1,0,0,Cluster 1
Transportation and Warehousing,2,100-999,New Jersey,Middle Atlantic,North America,1,0,0,0,0,0,0,0,0,0,0,1,1,Transportation and Warehousing,"Trade, Transportation, and Utilities",Service-Providing Industries,26 - 50%,1,Yes,Reskilling,50 - 99,100 - 499,Mandatory,0,10 - 49 hours,2 - 6 months,Yes,"$1,001 - $5,000",50,20,Not Selected,Selected,Not Selected,Not Selected,Selected,Selected,Selected,Not Selected,Not Selected,Selected,Not Selected,40,85,0,0,0,Cluster 2
Health Care and Social Assistance,4,1000-2499,Virginia,South Atlantic,North America,1,0,0,0,0,0,0,0,0,0,0,0,1,Health Care and Social Assistance,Education and Health Services,Service-Providing Industries,26 - 50%,0,No,Upskilling,50 - 99,50 - 99,Voluntary,0,< 10 hours,< 1 month,No,"$1,001 - $5,000",25,15,Not Selected,Selected,Not Selected,Selected,Not Selected,Not Selected,Not Selected,Not Selected,Not Selected,Not Selected,Not Selected,60,49,1,0,0,Cluster 1
Finance and Insurance,4,1000-2499,Florida,South Atlantic,North America,1,0,0,0,0,0,0,0,0,0,0,1,3,Finance and Insurance,Financial Activities,Service-Providing Industries,1 - 25%,0,Yes,Reskilling,500 - 999,1000 - 9999,Voluntary,0,100 - 199 hours,2 - 6 months,Yes,"$501 - $1,000",15,40,Not Selected,Selected,Not Selected,Selected,Selected,Selected,Selected,Selected,Not Selected,Selected,Selected,56,94,1,0,0,Cluster 2
Manufacturing,4,1000-2499,Virginia,South Atlantic,North America,1,0,0,0,0,0,0,0,0,0,0,0,3,Manufacturing,Manufacturing,Goods-Producing Industries,26 - 50%,1,No,Upskilling,500 - 999,500 - 999,Voluntary,1,50 - 99 hours,2 - 6 months,Yes,"$501 - $1,000",19,57,Not Selected,Selected,Selected,Selected,Not Selected,Not Selected,Not Selected,Selected,Not Selected,Not Selected,Selected,72,88,1,0,0,Cluster 2
Manufacturing,2,100-999,Michigan,East North Central,North America,1,0,0,0,0,0,0,0,0,0,0,1,5,Manufacturing,Manufacturing,Goods-Producing Industries,0%,0,I don't know,Upskilling,Fewer than 50,50 - 99,Voluntary,0,50 - 99 hours,2 - 6 months,Yes,"$501 - $1,000",0,100,Not Selected,Selected,Not Selected,Not Selected,Not Selected,Selected,Selected,Selected,Not Selected,Selected,Not Selected,58,29,0,0,0,Cluster 1
"Mining, Quarrying, and Oil and Gas Extraction",5,2500>9999,California,Pacific,North America,1,1,1,0,1,1,0,0,0,0,2,1,5,"Mining, Quarrying, and Oil and Gas Extraction",Natural Resources and Mining,Goods-Producing Industries,26 - 50%,0,No,Upskilling,500 - 999,1000 - 9999,Mandatory,1,100 - 199 hours,2 - 6 months,Yes,"$5,001 - $10,000",0,80,Selected,Selected,Not Selected,Selected,Selected,Not Selected,Selected,Not Selected,Not Selected,Selected,Selected,89,97,0,1,0,Cluster 2
"Professional, Scientific, and Technical Services",3,100-999,Tennessee,East South Central,North America,1,0,0,0,0,0,0,0,0,0,0,0,5,"Professional, Scientific, and Technical Services",Professional and Business Services,Service-Providing Industries,0%,0,No,Upskilling,Fewer than 50,50 - 99,Voluntary,1,100 - 199 hours,2 - 6 months,Yes,"$501 - $1,000",,,Not Selected,Selected,Not Selected,Not Selected,Not Selected,Not Selected,Selected,Not Selected,Not Selected,Not Selected,Not Selected,31,35,0,0,0,Cluster 1
Manufacturing,7,>10k,California,Pacific,North America,1,0,0,0,0,0,0,0,0,0,0,0,3,Manufacturing,Manufacturing,Goods-Producing Industries,51 - 75%,0,Yes,Upskilling,500 - 999,1000 - 9999,Voluntary,0,200 - 499 hours,7 - 12 months,Yes,"$1,001 - $5,000",20,40,Not Selected,Selected,Not Selected,Selected,Selected,Not Selected,Selected,Selected,Selected,Selected,Selected,68,93,0,1,1,Cluster 2
Manufacturing,6,2500>9999,California,Pacific,North America,1,1,1,0,1,0,0,0,1,0,2,1,5,Manufacturing,Manufacturing,Goods-Producing Industries,26 - 50%,1,Yes,Reskilling,1000 - 9999,1000 - 9999,Mandatory,1,200 - 499 hours,2 - 6 months,Yes,"$1,001 - $5,000",20,30,Not Selected,Not Selected,Not Selected,Selected,Not Selected,Selected,Not Selected,Selected,Not Selected,Not Selected,Not Selected,59,76,0,1,0,Cluster 2
Retail Trade,7,>10k,Illinois,East North Central,North America,1,1,1,0,0,0,1,0,1,0,2,1,1,Retail Trade,"Trade, Transportation, and Utilities",Service-Providing Industries,26 - 50%,1,Yes,Upskilling,100 - 499,500 - 999,Voluntary,1,50 - 99 hours,2 - 6 months,Yes,"$501 - $1,000",15,24,Selected,Selected,Selected,Not Selected,Selected,Selected,Not Selected,Selected,Not Selected,Not Selected,Not Selected,93,82,0,1,0,Cluster 2
Manufacturing,4,1000-2499,Massachusetts,New England,North America,1,0,0,0,0,0,0,0,0,0,0,1,3,Manufacturing,Manufacturing,Goods-Producing Industries,1 - 25%,0,Yes,Reskilling,50 - 99,100 - 499,Voluntary,1,100 - 199 hours,7 - 12 months,Yes,"$1,001 - $5,000",20,40,Not Selected,Not Selected,Not Selected,Selected,Selected,Not Selected,Not Selected,Not Selected,Not Selected,Not Selected,Selected,70,46,1,0,0,Cluster 1
Health Care and Social Assistance,6,2500>9999,Texas,West South Central,North America,1,0,0,0,0,0,0,0,0,0,0,0,6,Health Care and Social Assistance,Education and Health Services,Service-Providing Industries,0%,0,Yes,Reskilling,Fewer than 50,50 - 99,Voluntary,1,10 - 49 hours,2 - 6 months,Yes,"$1,001 - $5,000",0,50,Not Selected,Not Selected,Not Selected,Selected,Not Selected,Not Selected,Selected,Not Selected,Not Selected,Not Selected,Selected,50,51,0,1,0,Cluster 1
Management of Companies and Enterprises,3,100-999,Illinois,East North Central,North America,1,0,0,0,0,0,0,0,0,0,0,0,2,Management of Companies and Enterprises,Professional and Business Services,Service-Providing Industries,1 - 25%,0,No,Upskilling,100 - 499,500 - 999,Voluntary,0,100 - 199 hours,7 - 12 months,Yes,< $500,0,100,Not Selected,Selected,Not Selected,Not Selected,Not Selected,Not Selected,Not Selected,Selected,Not Selected,Selected,Selected,76,71,0,0,0,Cluster 1
Retail Trade,4,1000-2499,Florida,South Atlantic,North America,1,0,0,0,0,0,0,0,0,0,0,1,1,Retail Trade,"Trade, Transportation, and Utilities",Service-Providing Industries,26 - 50%,0,Yes,Reskilling,500 - 999,1000 - 9999,Voluntary,1,100 - 199 hours,2 - 6 months,Yes,"$501 - $1,000",20,50,Not Selected,Selected,Not Selected,Selected,Selected,Selected,Not Selected,Not Selected,Not Selected,Not Selected,Not Selected,81,70,1,0,0,Cluster 2
Construction,4,1000-2499,Nebraska,West North Central,North America,1,0,0,0,0,0,0,0,0,0,0,0,3,Construction,Construction,Goods-Producing Industries,0%,0,No,Reskilling,50 - 99,100 - 499,Voluntary,0,200 - 499 hours, > 12 months,Yes,"$1,001 - $5,000",0,100,Not Selected,Selected,Not Selected,Not Selected,Not Selected,Not Selected,Selected,Not Selected,Not Selected,Not Selected,Selected,36,39,1,0,0,Cluster 1
Finance and Insurance,3,100-999,Ohio,East North Central,North America,1,0,0,0,0,0,0,0,0,0,0,0,1,Finance and Insurance,Financial Activities,Service-Providing Industries,51 - 75%,0,No,Upskilling,50 - 99,50 - 99,Voluntary,0,10 - 49 hours,< 1 month,No,"$1,001 - $5,000",35,25,Not Selected,Not Selected,Not Selected,Selected,Not Selected,Not Selected,Selected,Not Selected,Not Selected,Not Selected,Not Selected,50,80,0,0,1,Cluster 1
Other Services (except Public Administration),2,100-999,Ohio,East North Central,North America,1,0,0,0,0,0,0,0,0,0,0,0,3,Other Services (except Public Administration),Public Administration and other Services,Service-Providing Industries,26 - 50%,1,I don't know,Reskilling,100 - 499,500 - 999,Mandatory,1,100 - 199 hours,7 - 12 months,Yes,"$1,001 - $5,000",15,15,Selected,Selected,Not Selected,Selected,Selected,Not Selected,Selected,Selected,Not Selected,Selected,Not Selected,87,71,0,0,0,Cluster 2
Utilities,6,2500>9999,Arkansas,West South Central,North America,1,1,1,0,0,1,1,0,0,0,2,1,4,Utilities,"Trade, Transportation, and Utilities",Goods-Producing Industries,26 - 50%,1,Yes,Upskilling,500 - 999,500 - 999,Mandatory,1,10 - 49 hours,2 - 6 months,Yes,"$1,001 - $5,000",40,20,Not Selected,Not Selected,Not Selected,Not Selected,Selected,Not Selected,Not Selected,Not Selected,Not Selected,Not Selected,Not Selected,70,90,0,1,0,Cluster 2
Finance and Insurance,3,100-999,Missouri,West North Central,North America,1,1,1,0,0,1,1,1,0,0,3,1,3,Finance and Insurance,Financial Activities,Service-Providing Industries,1 - 25%,1,Yes,Reskilling,100 - 499,50 - 99,Mandatory,0,50 - 99 hours,7 - 12 months,Yes,"$5,001 - $10,000",15,25,Selected,Selected,Not Selected,Selected,Not Selected,Selected,Selected,Not Selected,Not Selected,Selected,Selected,74,78,0,0,0,Cluster 2
Utilities,6,2500>9999,Illinois,East North Central,North America,1,0,0,0,0,0,0,0,0,0,0,0,1,Utilities,"Trade, Transportation, and Utilities",Goods-Producing Industries,51 - 75%,0,Yes,Upskilling,1000 - 9999,1000 - 9999,Mandatory,1,10 - 49 hours,2 - 6 months,Yes,< $500,60,10,Not Selected,Selected,Selected,Selected,Selected,Selected,Selected,Selected,Not Selected,Not Selected,Not Selected,20,100,0,1,1,Cluster 2
Manufacturing,4,1000-2499,Delaware,South Atlantic,Europe,0,1,0,1,1,0,1,0,1,0,3,1,3,Manufacturing,Manufacturing,Goods-Producing Industries,1 - 25%,0,I don't know,Upskilling,Fewer than 50,Fewer than 50,Mandatory,0,10 - 49 hours,2 - 6 months,Yes,"> $10,000",0,100,Not Selected,Not Selected,Not Selected,Not Selected,Not Selected,Not Selected,Selected,Selected,Selected,Not Selected,Not Selected,29,30,1,0,0,Cluster 1
Health Care and Social Assistance,4,1000-2499,Florida,South Atlantic,North America,1,0,0,0,0,0,0,0,0,0,0,0,5,Health Care and Social Assistance,Education and Health Services,Service-Providing Industries,0%,0,No,Upskilling,50 - 99,100 - 499,Voluntary,1,10 - 49 hours,2 - 6 months,Yes,< $500,0,100,Not Selected,Selected,Not Selected,Not Selected,Selected,Not Selected,Selected,Not Selected,Not Selected,Selected,Selected,43,65,1,0,0,Cluster 1
Real Estate and Rental and Leasing,2,100-999,Ohio,East North Central,North America,1,0,0,0,0,0,0,0,0,0,0,1,5,Real Estate and Rental and Leasing,Financial Activities,Service-Providing Industries,1 - 25%,0,No,Reskilling,50 - 99,50 - 99,Voluntary,0,> 500 hours,7 - 12 months,Yes,"$1,001 - $5,000",30,20,Not Selected,Not Selected,Not Selected,Selected,Selected,Selected,Selected,Selected,Not Selected,Not Selected,Not Selected,43,53,0,0,0,Cluster 2
"Professional, Scientific, and Technical Services",5,2500>9999,Kentucky,East South Central,North America,1,1,1,0,1,0,0,1,1,0,3,1,5,"Professional, Scientific, and Technical Services",Professional and Business Services,Service-Providing Industries,51 - 75%,1,Yes,Reskilling,10000 - 49999,50000 - 99999,Mandatory,1,> 500 hours,7 - 12 months,Yes,< $500,20,40,Selected,Selected,Selected,Not Selected,Selected,Selected,Selected,Not Selected,Not Selected,Not Selected,Selected,84,95,0,1,1,Cluster 2
"Professional, Scientific, and Technical Services",4,1000-2499,New Mexico,Mountain,North America,1,1,1,0,1,0,0,0,0,0,1,1,3,"Professional, Scientific, and Technical Services",Professional and Business Services,Service-Providing Industries,0%,0,No,Reskilling,Fewer than 50,100 - 499,Voluntary,1,100 - 199 hours,< 1 month,Yes,"$501 - $1,000",0,100,Not Selected,Selected,Not Selected,Not Selected,Not Selected,Not Selected,Selected,Not Selected,Not Selected,Selected,Not Selected,50,43,1,0,0,Cluster 1
"Professional, Scientific, and Technical Services",4,1000-2499,Alabama,East South Central,North America,1,0,0,0,0,0,0,0,0,0,0,1,3,"Professional, Scientific, and Technical Services",Professional and Business Services,Service-Providing Industries,76 - 100%,0,Yes,Reskilling,500 - 999,500 - 999,Mandatory,0,50 - 99 hours,2 - 6 months,Yes,"$1,001 - $5,000",20,20,Selected,Selected,Not Selected,Selected,Not Selected,Selected,Not Selected,Not Selected,Not Selected,Not Selected,Not Selected,76,78,1,0,1,Cluster 2
Finance and Insurance,6,2500>9999,New York,Middle Atlantic,North America,1,1,1,0,0,0,1,0,0,0,1,1,2,Finance and Insurance,Financial Activities,Service-Providing Industries,51 - 75%,1,Yes,Upskilling,100 - 499,500 - 999,Mandatory,1,100 - 199 hours,7 - 12 months,Yes,"$1,001 - $5,000",10,10,Selected,Not Selected,Not Selected,Selected,Selected,Selected,Selected,Not Selected,Not Selected,Not Selected,Not Selected,89,81,0,1,1,Cluster 2
Educational Services,3,100-999,New York,Middle Atlantic,North America,1,0,0,0,0,0,0,0,0,0,0,0,4,Educational Services,Education and Health Services,Service-Providing Industries,26 - 50%,0,No,Reskilling,100 - 499,500 - 999,Mandatory,1,200 - 499 hours,2 - 6 months,Yes,< $500,30,50,Not Selected,Selected,Not Selected,Not Selected,Selected,Not Selected,Not Selected,Selected,Not Selected,Selected,Selected,80,100,0,0,0,Cluster 1
Management of Companies and Enterprises,4,1000-2499,New York,Middle Atlantic,North America,1,1,1,0,0,0,1,1,1,0,3,1,3,Management of Companies and Enterprises,Professional and Business Services,Service-Providing Industries,76 - 100%,1,Yes,Reskilling,1000 - 9999,500 - 999,Mandatory,0,100 - 199 hours,2 - 6 months,Yes,"$501 - $1,000",20,30,Selected,Not Selected,Not Selected,Selected,Not Selected,Selected,Selected,Not Selected,Not Selected,Selected,Not Selected,25,80,1,0,1,Cluster 2
"Arts, Entertainment, and Recreation",4,1000-2499,California,Pacific,North America,1,0,0,0,0,0,0,0,0,0,0,0,5,"Arts, Entertainment, and Recreation",Leisure and Hospitality,Service-Providing Industries,1 - 25%,0,Yes,Reskilling,Fewer than 50,Fewer than 50,Voluntary,0,50 - 99 hours,2 - 6 months,No,"$501 - $1,000",20,45,Selected,Not Selected,Not Selected,Selected,Not Selected,Selected,Not Selected,Not Selected,Not Selected,Not Selected,Not Selected,55,66,1,0,0,Cluster 2
Construction,2,100-999,North Carolina,South Atlantic,North America,1,0,0,0,0,0,0,0,0,0,0,0,2,Construction,Construction,Goods-Producing Industries,26 - 50%,1,Yes,Reskilling,50 - 99,Fewer than 50,Mandatory,0,10 - 49 hours,2 - 6 months,Yes,"$501 - $1,000",65,0,Selected,Not Selected,Not Selected,Not Selected,Selected,Selected,Not Selected,Not Selected,Not Selected,Not Selected,Not Selected,70,68,0,0,0,Cluster 2
Construction,3,100-999,Pennsylvania,Middle Atlantic,North America,1,1,1,0,0,1,0,0,1,0,2,1,5,Construction,Construction,Goods-Producing Industries,26 - 50%,1,Yes,Reskilling,500 - 999,500 - 999,Mandatory,0,100 - 199 hours,2 - 6 months,Yes,"$1,001 - $5,000",25,25,Selected,Not Selected,Not Selected,Selected,Selected,Selected,Selected,Not Selected,Not Selected,Not Selected,Not Selected,77,76,0,0,0,Cluster 2
Manufacturing,4,1000-2499,Georgia,South Atlantic,North America,1,0,0,0,0,0,0,0,0,0,0,1,1,Manufacturing,Manufacturing,Goods-Producing Industries,1 - 25%,0,Yes,Upskilling,500 - 999,1000 - 9999,Voluntary,0,100 - 199 hours,< 1 month,Yes,"$1,001 - $5,000",11,30,Not Selected,Not Selected,Not Selected,Selected,Not Selected,Not Selected,Selected,Not Selected,Not Selected,Not Selected,Not Selected,55,59,1,0,0,Cluster 2
Other Services (except Public Administration),4,1000-2499,Florida,South Atlantic,North America,1,0,0,0,0,0,0,0,0,0,0,0,5,Other Services (except Public Administration),Public Administration and other Services,Service-Providing Industries,26 - 50%,0,No,Upskilling,50 - 99,100 - 499,Voluntary,1,100 - 199 hours,2 - 6 months,Yes,"$1,001 - $5,000",0,90,Selected,Not Selected,Not Selected,Selected,Selected,Not Selected,Not Selected,Not Selected,Not Selected,Not Selected,Not Selected,20,16,1,0,0,Cluster 1
Manufacturing,3,100-999,Michigan,East North Central,North America,1,0,0,0,0,0,0,0,0,0,0,0,3,Manufacturing,Manufacturing,Goods-Producing Industries,51 - 75%,0,No,Upskilling,50 - 99,50 - 99,Mandatory,0,50 - 99 hours,2 - 6 months,Yes,"$501 - $1,000",0,100,Not Selected,Selected,Not Selected,Not Selected,Not Selected,Selected,Selected,Not Selected,Not Selected,Not Selected,Not Selected,62,37,0,0,1,Cluster 1
Other Services (except Public Administration),2,100-999,Texas,West South Central,North America,1,0,0,0,0,0,0,0,0,0,0,1,5,Other Services (except Public Administration),Public Administration and other Services,Service-Providing Industries,26 - 50%,1,Yes,Reskilling,Fewer than 50,Fewer than 50,Voluntary,1,10 - 49 hours,2 - 6 months,Yes,"$501 - $1,000",15,25,Not Selected,Not Selected,Not Selected,Not Selected,Not Selected,Not Selected,Selected,Selected,Not Selected,Selected,Selected,17,40,0,0,0,Cluster 1
Information,2,100-999,Florida,South Atlantic,North America,1,0,0,0,0,0,0,0,0,0,0,0,1,Information,Information,Service-Providing Industries,26 - 50%,0,Yes,Reskilling,50 - 99,100 - 499,Voluntary,1,50 - 99 hours,2 - 6 months,Yes,"$501 - $1,000",20,20,Selected,Not Selected,Not Selected,Not Selected,Not Selected,Selected,Not Selected,Not Selected,Not Selected,Not Selected,Selected,50,20,0,0,0,Cluster 1
Management of Companies and Enterprises,10,>10k,Colorado,Mountain,North America,1,1,1,0,1,0,1,1,0,0,3,1,4,Management of Companies and Enterprises,Professional and Business Services,Service-Providing Industries,26 - 50%,1,Yes,Reskilling,10000 - 49999,50000 - 99999,Mandatory,0,200 - 499 hours,7 - 12 months,Yes,"$5,001 - $10,000",20,20,Not Selected,Not Selected,Not Selected,Selected,Not Selected,Selected,Not Selected,Not Selected,Not Selected,Not Selected,Not Selected,49,23,0,1,0,Cluster 2
Information,5,2500>9999,Oklahoma,West South Central,North America,1,1,1,0,0,0,0,0,1,0,1,0,5,Information,Information,Service-Providing Industries,51 - 75%,1,Yes,Upskilling,1000 - 9999,1000 - 9999,Mandatory,0,> 500 hours,2 - 6 months,Yes,"$1,001 - $5,000",20,20,Not Selected,Not Selected,Not Selected,Not Selected,Not Selected,Selected,Selected,Not Selected,Not Selected,Not Selected,Not Selected,73,58,0,1,1,Cluster 2
"Arts, Entertainment, and Recreation",2,100-999,New Jersey,Middle Atlantic,North America,1,0,0,0,0,0,0,0,0,0,0,0,5,"Arts, Entertainment, and Recreation",Leisure and Hospitality,Service-Providing Industries,0%,0,No,Upskilling,Fewer than 50,Fewer than 50,Mandatory,1,10 - 49 hours,7 - 12 months,Yes,"$501 - $1,000",0,100,Not Selected,Not Selected,Not Selected,Not Selected,Not Selected,Not Selected,Selected,Not Selected,Not Selected,Not Selected,Not Selected,20,30,0,0,0,Cluster 1
Information,10,>10k,New Mexico,Mountain,Europe,0,1,0,1,0,0,1,0,0,0,1,1,2,Information,Information,Service-Providing Industries,76 - 100%,1,Yes,Upskilling,100000 or more,1000 - 9999,Mandatory,1,> 500 hours,7 - 12 months,Yes,"> $10,000",20,20,Selected,Not Selected,Not Selected,Not Selected,Selected,Not Selected,Not Selected,Selected,Not Selected,Not Selected,Not Selected,59,93,0,1,1,Cluster 2
Finance and Insurance,4,1000-2499,New York,Middle Atlantic,North America,1,0,0,0,0,0,0,0,0,0,0,1,3,Finance and Insurance,Financial Activities,Service-Providing Industries,1 - 25%,0,No,Upskilling,500 - 999,1000 - 9999,Voluntary,0,200 - 499 hours,7 - 12 months,Yes,"$1,001 - $5,000",0,100,Not Selected,Selected,Not Selected,Not Selected,Not Selected,Selected,Selected,Selected,Not Selected,Selected,Selected,70,80,1,0,0,Cluster 2
Retail Trade,8,>10k,Missouri,West North Central,North America,1,0,0,0,0,0,0,0,0,0,0,0,5,Retail Trade,"Trade, Transportation, and Utilities",Service-Providing Industries,51 - 75%,0,Yes,Upskilling,1000 - 9999,1000 - 9999,Mandatory,1,10 - 49 hours,2 - 6 months,Yes,"$1,001 - $5,000",0,50,Not Selected,Not Selected,Not Selected,Not Selected,Not Selected,Not Selected,Not Selected,Selected,Not Selected,Not Selected,Not Selected,54,69,0,1,1,Cluster 2
Health Care and Social Assistance,4,1000-2499,Pennsylvania,Middle Atlantic,North America,1,0,0,0,0,0,0,0,0,0,0,0,3,Health Care and Social Assistance,Education and Health Services,Service-Providing Industries,0%,0,Yes,Reskilling,100 - 499,500 - 999,Mandatory,1,50 - 99 hours,2 - 6 months,Yes,"$1,001 - $5,000",10,90,Not Selected,Selected,Not Selected,Selected,Selected,Selected,Not Selected,Selected,Not Selected,Not Selected,Not Selected,53,65,1,0,0,Cluster 2
Transportation and Warehousing,8,>10k,Illinois,East North Central,North America,1,0,0,0,0,0,0,0,0,0,0,0,6,Transportation and Warehousing,"Trade, Transportation, and Utilities",Service-Providing Industries,0%,1,No,Upskilling,1000 - 9999,10000 - 49999,Mandatory,1,10 - 49 hours,2 - 6 months,Yes,< $500,0,100,Not Selected,Selected,Not Selected,Not Selected,Not Selected,Selected,Not Selected,Not Selected,Not Selected,Not Selected,Selected,37,18,0,1,0,Cluster 1
Accommodation and Food Services,2,100-999,Michigan,East North Central,North America,1,0,0,0,0,0,0,0,0,0,0,0,3,Accommodation and Food Services,Leisure and Hospitality,Service-Providing Industries,51 - 75%,1,I don't know,Reskilling,50 - 99,50 - 99,Mandatory,1,100 - 199 hours,7 - 12 months,Yes,"$1,001 - $5,000",0,70,Not Selected,Selected,Not Selected,Not Selected,Selected,Not Selected,Not Selected,Selected,Not Selected,Not Selected,Selected,44,100,0,0,1,Cluster 1
Health Care and Social Assistance,2,100-999,Florida,South Atlantic,North America,1,0,0,0,0,0,0,0,0,0,0,0,1,Health Care and Social Assistance,Education and Health Services,Service-Providing Industries,0%,0,I don't know,Upskilling,50 - 99,100 - 499,Voluntary,1,50 - 99 hours,2 - 6 months,Yes,"$1,001 - $5,000",0,100,Not Selected,Selected,Not Selected,Not Selected,Not Selected,Selected,Selected,Selected,Not Selected,Selected,Selected,34,50,0,0,0,Cluster 1
Health Care and Social Assistance,4,1000-2499,New York,Middle Atlantic,North America,1,0,0,0,0,0,0,0,0,0,0,0,5,Health Care and Social Assistance,Education and Health Services,Service-Providing Industries,51 - 75%,1,Yes,Reskilling,500 - 999,1000 - 9999,Voluntary,1,200 - 499 hours,7 - 12 months,Yes,"$1,001 - $5,000",20,20,Selected,Not Selected,Not Selected,Selected,Not Selected,Selected,Not Selected,Not Selected,Selected,Selected,Not Selected,74,93,1,0,1,Cluster 2
Finance and Insurance,10,>10k,Texas,West South Central,North America,1,1,1,0,1,0,1,0,1,0,3,1,1,Finance and Insurance,Financial Activities,Service-Providing Industries,76 - 100%,1,No,Upskilling,100 - 499,1000 - 9999,Voluntary,0,> 500 hours,2 - 6 months,Yes,< $500,25,20,Not Selected,Selected,Not Selected,Selected,Not Selected,Not Selected,Not Selected,Not Selected,Not Selected,Selected,Selected,50,90,0,1,1,Cluster 2
Health Care and Social Assistance,4,1000-2499,New York,Middle Atlantic,North America,1,0,0,0,0,0,0,0,0,0,0,1,3,Health Care and Social Assistance,Education and Health Services,Service-Providing Industries,1 - 25%,0,No,Upskilling,100 - 499,500 - 999,Voluntary,0,200 - 499 hours,7 - 12 months,No,"$1,001 - $5,000",0,100,Not Selected,Selected,Not Selected,Selected,Not Selected,Not Selected,Selected,Selected,Not Selected,Not Selected,Not Selected,40,30,1,0,0,Cluster 2
"Agriculture, Forestry, Fishing and Hunting",4,1000-2499,Utah,Mountain,North America,1,0,0,0,0,0,0,0,0,0,0,1,2,"Agriculture, Forestry, Fishing and Hunting",Natural Resources and Mining,Goods-Producing Industries,0%,0,No,Upskilling,100 - 499,100 - 499,Voluntary,1,10 - 49 hours,2 - 6 months,Yes,"$501 - $1,000",0,100,Not Selected,Selected,Not Selected,Selected,Not Selected,Selected,Selected,Not Selected,Not Selected,Not Selected,Not Selected,45,27,1,0,0,Cluster 1
Construction,2,100-999,California,Pacific,North America,1,0,0,0,0,0,0,0,0,0,0,0,4,Construction,Construction,Goods-Producing Industries,26 - 50%,0,Yes,Upskilling,Fewer than 50,50 - 99,Mandatory,0,100 - 199 hours,7 - 12 months,Yes,"$501 - $1,000",0,70,Not Selected,Selected,Selected,Selected,Not Selected,Selected,Selected,Selected,Selected,Selected,Selected,70,20,0,0,0,Cluster 2
"Arts, Entertainment, and Recreation",2,100-999,Illinois,East North Central,North America,1,0,0,0,0,0,0,0,0,0,0,0,3,"Arts, Entertainment, and Recreation",Leisure and Hospitality,Service-Providing Industries,0%,0,No,Reskilling,Fewer than 50,50 - 99,Voluntary,1,10 - 49 hours,2 - 6 months,Yes,< $500,0,100,Not Selected,Selected,Not Selected,Not Selected,Not Selected,Not Selected,Selected,Selected,Not Selected,Not Selected,Selected,56,51,0,0,0,Cluster 1
Manufacturing,4,1000-2499,California,Pacific,Asia,0,1,0,1,0,1,0,1,0,1,3,0,6,Manufacturing,Manufacturing,Goods-Producing Industries,26 - 50%,0,Yes,Reskilling,500 - 999,50000 - 99999,Mandatory,1,10 - 49 hours,7 - 12 months,Yes,"$1,001 - $5,000",15,15,Not Selected,Not Selected,Not Selected,Not Selected,Selected,Not Selected,Not Selected,Not Selected,Not Selected,Not Selected,Not Selected,65,68,1,0,0,Cluster 1
Manufacturing,2,100-999,Kentucky,East South Central,North America,1,1,1,0,1,0,0,0,1,0,2,1,1,Manufacturing,Manufacturing,Goods-Producing Industries,0%,1,Yes,Upskilling,Fewer than 50,Fewer than 50,Voluntary,0,50 - 99 hours, > 12 months,Yes,"$1,001 - $5,000",0,100,Not Selected,Selected,Not Selected,Not Selected,Not Selected,Not Selected,Selected,Not Selected,Not Selected,Not Selected,Not Selected,50,40,0,0,0,Cluster 1
Manufacturing,6,2500>9999,Mississippi,East South Central,North America,1,0,0,0,0,0,0,0,0,0,0,0,3,Manufacturing,Manufacturing,Goods-Producing Industries,26 - 50%,0,Yes,Reskilling,100 - 499,100 - 499,Voluntary,0,50 - 99 hours,2 - 6 months,Yes,"$1,001 - $5,000",25,25,Not Selected,Selected,Not Selected,Selected,Not Selected,Selected,Not Selected,Not Selected,Not Selected,Not Selected,Not Selected,50,28,0,1,0,Cluster 2
Health Care and Social Assistance,3,100-999,California,Pacific,North America,1,0,0,0,0,0,0,0,0,0,0,1,5,Health Care and Social Assistance,Education and Health Services,Service-Providing Industries,26 - 50%,1,Yes,Upskilling,Fewer than 50,50 - 99,Voluntary,0,< 10 hours,2 - 6 months,Yes,< $500,35,65,Not Selected,Selected,Not Selected,Selected,Not Selected,Not Selected,Not Selected,Not Selected,Not Selected,Not Selected,Not Selected,90,93,0,0,0,Cluster 2
Manufacturing,2,100-999,Indiana,East North Central,North America,1,0,0,0,0,0,0,0,0,0,0,1,4,Manufacturing,Manufacturing,Goods-Producing Industries,26 - 50%,0,No,Upskilling,Fewer than 50,50 - 99,Voluntary,1,10 - 49 hours,2 - 6 months,Yes,< $500,0,100,Not Selected,Selected,Not Selected,Selected,Not Selected,Not Selected,Selected,Not Selected,Not Selected,Not Selected,Not Selected,67,99,0,0,0,Cluster 1
"Professional, Scientific, and Technical Services",3,100-999,Arizona,Mountain,North America,1,0,0,0,0,0,0,0,0,0,0,0,6,"Professional, Scientific, and Technical Services",Professional and Business Services,Service-Providing Industries,0%,0,No,Upskilling,50 - 99,100 - 499,Voluntary,0,50 - 99 hours,7 - 12 months,Yes,"$501 - $1,000",0,100,Not Selected,Selected,Not Selected,Not Selected,Selected,Not Selected,Not Selected,Not Selected,Not Selected,Not Selected,Selected,30,45,0,0,0,Cluster 1
Retail Trade,9,>10k,Washington,Pacific,North America,1,0,0,0,0,0,0,0,0,0,0,1,3,Retail Trade,"Trade, Transportation, and Utilities",Service-Providing Industries,26 - 50%,1,Yes,Reskilling,500 - 999,10000 - 49999,Mandatory,0,50 - 99 hours,7 - 12 months,No,"$5,001 - $10,000",20,25,Selected,Not Selected,Not Selected,Selected,Not Selected,Selected,Not Selected,Selected,Not Selected,Not Selected,Not Selected,81,86,0,1,0,Cluster 2
"Professional, Scientific, and Technical Services",3,100-999,Florida,South Atlantic,North America,1,0,0,0,0,0,0,0,0,0,0,0,5,"Professional, Scientific, and Technical Services",Professional and Business Services,Service-Providing Industries,76 - 100%,1,Yes,Upskilling,100 - 499,100 - 499,Mandatory,1,10 - 49 hours,2 - 6 months,Yes,"$5,001 - $10,000",0,100,Not Selected,Selected,Selected,Not Selected,Selected,Selected,Selected,Selected,Not Selected,Not Selected,Selected,40,60,0,0,1,Cluster 1
Health Care and Social Assistance,7,>10k,California,Pacific,North America,1,0,0,0,0,0,0,0,0,0,0,0,4,Health Care and Social Assistance,Education and Health Services,Service-Providing Industries,76 - 100%,0,Yes,Upskilling,500 - 999,1000 - 9999,Mandatory,0,10 - 49 hours,2 - 6 months,Yes,"$501 - $1,000",,,Not Selected,Not Selected,Selected,Not Selected,Not Selected,Not Selected,Selected,Not Selected,Not Selected,Not Selected,Not Selected,60,79,0,1,1,Cluster 1
"Professional, Scientific, and Technical Services",6,2500>9999,Missouri,West North Central,North America,1,0,0,0,0,0,0,0,0,0,0,0,5,"Professional, Scientific, and Technical Services",Professional and Business Services,Service-Providing Industries,0%,0,Yes,Reskilling,500 - 999,1000 - 9999,Voluntary,1,50 - 99 hours,2 - 6 months,Yes,< $500,10,30,Not Selected,Selected,Not Selected,Selected,Not Selected,Selected,Not Selected,Not Selected,Not Selected,Not Selected,Selected,50,80,0,1,0,Cluster 1
Manufacturing,9,>10k,Louisiana,West South Central,North America,1,0,0,0,0,0,0,0,0,0,0,0,3,Manufacturing,Manufacturing,Goods-Producing Industries,51 - 75%,1,No,Reskilling,10000 - 49999,50000 - 99999,Mandatory,1,200 - 499 hours,2 - 6 months,Yes,"$5,001 - $10,000",25,15,Selected,Selected,Not Selected,Selected,Not Selected,Selected,Selected,Selected,Selected,Selected,Not Selected,63,95,0,1,1,Cluster 2
Accommodation and Food Services,7,>10k,Texas,West South Central,North America,1,1,1,0,0,0,1,1,0,0,2,1,6,Accommodation and Food Services,Leisure and Hospitality,Service-Providing Industries,0%,0,No,Upskilling,Fewer than 50,500 - 999,Mandatory,1,10 - 49 hours,2 - 6 months,Yes,< $500,0,100,Not Selected,Selected,Not Selected,Not Selected,Not Selected,Not Selected,Selected,Selected,Not Selected,Not Selected,Selected,40,60,0,1,0,Cluster 1
Real Estate and Rental and Leasing,2,100-999,North Carolina,South Atlantic,North America,1,1,1,0,0,0,1,0,0,0,1,0,2,Real Estate and Rental and Leasing,Financial Activities,Service-Providing Industries,0%,0,Yes,Reskilling,50 - 99,100 - 499,Voluntary,1,50 - 99 hours, > 12 months,Yes,"$1,001 - $5,000",25,25,Not Selected,Not Selected,Not Selected,Not Selected,Not Selected,Not Selected,Not Selected,Selected,Not Selected,Selected,Selected,84,67,0,0,0,Cluster 1
Finance and Insurance,5,2500>9999,New Jersey,Middle Atlantic,North America,1,0,0,0,0,0,0,0,0,0,0,0,6,Finance and Insurance,Financial Activities,Service-Providing Industries,51 - 75%,0,No,Upskilling,500 - 999,1000 - 9999,Voluntary,1,100 - 199 hours,2 - 6 months,Yes,"$1,001 - $5,000",0,100,Not Selected,Not Selected,Not Selected,Selected,Not Selected,Not Selected,Selected,Not Selected,Not Selected,Not Selected,Not Selected,40,80,0,1,1,Cluster 1
"Professional, Scientific, and Technical Services",5,2500>9999,South Carolina,South Atlantic,North America,1,0,0,0,0,0,0,0,0,0,0,1,3,"Professional, Scientific, and Technical Services",Professional and Business Services,Service-Providing Industries,26 - 50%,0,No,Upskilling,100 - 499,500 - 999,Mandatory,1,100 - 199 hours,2 - 6 months,Yes,"$501 - $1,000",,,Not Selected,Selected,Not Selected,Not Selected,Selected,Selected,Not Selected,Not Selected,Not Selected,Not Selected,Not Selected,30,30,0,1,0,Cluster 1
Construction,3,100-999,California,Pacific,North America,1,0,0,0,0,0,0,0,0,0,0,0,5,Construction,Construction,Goods-Producing Industries,26 - 50%,0,No,Upskilling,100 - 499,100 - 499,Voluntary,1,50 - 99 hours,2 - 6 months,Yes,< $500,0,40,Not Selected,Selected,Not Selected,Not Selected,Not Selected,Selected,Not Selected,Not Selected,Not Selected,Selected,Selected,46,63,0,0,0,Cluster 1
"Professional, Scientific, and Technical Services",4,1000-2499,Texas,West South Central,North America,1,1,1,0,1,0,0,0,0,0,1,1,4,"Professional, Scientific, and Technical Services",Professional and Business Services,Service-Providing Industries,26 - 50%,1,Yes,Reskilling,100 - 499,1000 - 9999,Voluntary,0,100 - 199 hours,2 - 6 months,Yes,"$1,001 - $5,000",5,20,Not Selected,Not Selected,Not Selected,Not Selected,Not Selected,Selected,Not Selected,Not Selected,Not Selected,Not Selected,Not Selected,66,56,1,0,0,Cluster 2
Real Estate and Rental and Leasing,3,100-999,Hawaii,Pacific,North America,1,0,0,0,0,0,0,0,0,0,0,0,1,Real Estate and Rental and Leasing,Financial Activities,Service-Providing Industries,1 - 25%,0,Yes,Upskilling,50 - 99,100 - 499,Mandatory,1,50 - 99 hours,2 - 6 months,Yes,"$501 - $1,000",0,50,Not Selected,Not Selected,Not Selected,Selected,Selected,Not Selected,Not Selected,Selected,Not Selected,Selected,Selected,50,70,0,0,0,Cluster 1
Construction,6,2500>9999,New York,Middle Atlantic,North America,1,1,1,0,0,0,1,0,1,0,2,1,3,Construction,Construction,Goods-Producing Industries,51 - 75%,0,Yes,Upskilling,500 - 999,1000 - 9999,Mandatory,0,200 - 499 hours,2 - 6 months,Yes,"$1,001 - $5,000",20,25,Selected,Not Selected,Not Selected,Selected,Not Selected,Selected,Not Selected,Selected,Not Selected,Not Selected,Selected,79,57,0,1,1,Cluster 2
Health Care and Social Assistance,4,1000-2499,Kentucky,East South Central,North America,1,1,1,0,0,0,1,1,1,0,3,1,5,Health Care and Social Assistance,Education and Health Services,Service-Providing Industries,26 - 50%,0,No,Reskilling,Fewer than 50,500 - 999,Mandatory,1,100 - 199 hours,2 - 6 months,Yes,"$1,001 - $5,000",0,100,Selected,Selected,Not Selected,Selected,Not Selected,Selected,Not Selected,Selected,Not Selected,Not Selected,Not Selected,97,72,1,0,0,Cluster 2
Finance and Insurance,3,100-999,New Jersey,Middle Atlantic,North America,1,0,0,0,0,0,0,0,0,0,0,0,5,Finance and Insurance,Financial Activities,Service-Providing Industries,0%,0,No,Upskilling,100 - 499,500 - 999,Mandatory,1,200 - 499 hours, > 12 months,Yes,"> $10,000",0,100,Selected,Selected,Not Selected,Not Selected,Selected,Not Selected,Selected,Selected,Not Selected,Selected,Selected,80,95,0,0,0,Cluster 2
Construction,6,2500>9999,New York,Middle Atlantic,North America,1,1,1,0,0,1,0,1,1,0,3,1,3,Construction,Construction,Goods-Producing Industries,51 - 75%,1,Yes,Upskilling,50 - 99,100 - 499,Voluntary,0,200 - 499 hours,7 - 12 months,Yes,"$501 - $1,000",0,40,Selected,Not Selected,Selected,Selected,Selected,Selected,Selected,Not Selected,Not Selected,Selected,Not Selected,71,75,0,1,1,Cluster 2
Wholesale Trade,5,2500>9999,New York,Middle Atlantic,North America,1,0,0,0,0,0,0,0,0,0,0,0,3,Wholesale Trade,"Trade, Transportation, and Utilities",Service-Providing Industries,51 - 75%,1,Yes,Upskilling,1000 - 9999,1000 - 9999,Mandatory,0,> 500 hours, > 12 months,Yes,"$501 - $1,000",40,40,Not Selected,Selected,Not Selected,Selected,Not Selected,Not Selected,Selected,Selected,Not Selected,Not Selected,Selected,30,50,0,1,1,Cluster 2
Construction,4,1000-2499,New York,Middle Atlantic,North America,1,1,1,0,1,1,0,0,1,0,3,1,3,Construction,Construction,Goods-Producing Industries,51 - 75%,1,Yes,Reskilling,100 - 499,1000 - 9999,Mandatory,0,100 - 199 hours,7 - 12 months,Yes,"$5,001 - $10,000",25,15,Selected,Selected,Not Selected,Selected,Not Selected,Not Selected,Selected,Not Selected,Not Selected,Selected,Not Selected,81,73,1,0,1,Cluster 2
Construction,3,100-999,Pennsylvania,Middle Atlantic,North America,1,1,1,0,0,1,0,0,1,0,2,1,5,Construction,Construction,Goods-Producing Industries,26 - 50%,1,Yes,Reskilling,500 - 999,500 - 999,Mandatory,0,100 - 199 hours,2 - 6 months,Yes,"$1,001 - $5,000",25,25,Selected,Not Selected,Not Selected,Selected,Selected,Selected,Selected,Not Selected,Not Selected,Not Selected,Not Selected,78,79,0,0,0,Cluster 2
Construction,3,100-999,California,Pacific,North America,1,0,0,0,0,0,0,0,0,0,0,0,5,Construction,Construction,Goods-Producing Industries,51 - 75%,1,Yes,Upskilling,50 - 99,100 - 499,Voluntary,1,50 - 99 hours,7 - 12 months,Yes,"$501 - $1,000",20,30,Not Selected,Selected,Not Selected,Not Selected,Selected,Selected,Not Selected,Selected,Not Selected,Selected,Selected,30,55,0,0,1,Cluster 1
Construction,3,100-999,New York,Middle Atlantic,North America,1,1,1,0,0,0,1,0,0,0,1,1,3,Construction,Construction,Goods-Producing Industries,51 - 75%,1,Yes,Reskilling,100 - 499,1000 - 9999,Mandatory,0,50 - 99 hours,2 - 6 months,Yes,"$1,001 - $5,000",20,20,Not Selected,Not Selected,Not Selected,Not Selected,Not Selected,Selected,Not Selected,Not Selected,Not Selected,Not Selected,Not Selected,86,46,0,0,1,Cluster 2
Finance and Insurance,6,2500>9999,New York,Middle Atlantic,North America,1,1,1,0,0,0,0,0,1,0,1,1,2,Finance and Insurance,Financial Activities,Service-Providing Industries,26 - 50%,1,Yes,Reskilling,1000 - 9999,500 - 999,Mandatory,0,10 - 49 hours,2 - 6 months,Yes,"$1,001 - $5,000",20,20,Not Selected,Selected,Not Selected,Not Selected,Selected,Selected,Selected,Not Selected,Not Selected,Selected,Not Selected,53,86,0,1,0,Cluster 2
"Mining, Quarrying, and Oil and Gas Extraction",10,>10k,Colorado,Mountain,North America,1,1,1,0,0,0,1,1,0,0,2,1,1,"Mining, Quarrying, and Oil and Gas Extraction",Natural Resources and Mining,Goods-Producing Industries,76 - 100%,1,Yes,Reskilling,1000 - 9999,50000 - 99999,Mandatory,0,> 500 hours, > 12 months,Yes,"> $10,000",22,12,Not Selected,Not Selected,Not Selected,Not Selected,Selected,Not Selected,Not Selected,Not Selected,Selected,Not Selected,Not Selected,76,91,0,1,1,Cluster 2
Manufacturing,2,100-999,Florida,South Atlantic,North America,1,1,1,0,0,0,1,1,1,0,3,1,3,Manufacturing,Manufacturing,Goods-Producing Industries,0%,1,Yes,Reskilling,50 - 99,Fewer than 50,Mandatory,0,10 - 49 hours, > 12 months,Yes,< $500,0,100,Not Selected,Selected,Selected,Selected,Selected,Not Selected,Selected,Not Selected,Not Selected,Not Selected,Not Selected,52,77,0,0,0,Cluster 1
Information,9,>10k,New Jersey,Middle Atlantic,North America,1,1,1,0,0,0,0,0,1,0,1,1,6,Information,Information,Service-Providing Industries,0%,1,No,Upskilling,500 - 999,1000 - 9999,Voluntary,1,10 - 49 hours, > 12 months,Yes,< $500,0,100,Not Selected,Not Selected,Selected,Selected,Selected,Selected,Selected,Not Selected,Selected,Selected,Selected,10,10,0,1,0,Cluster 2
Accommodation and Food Services,9,>10k,California,Pacific,North America,1,1,1,0,1,0,1,1,1,0,4,0,3,Accommodation and Food Services,Leisure and Hospitality,Service-Providing Industries,0%,1,Yes,Upskilling,Fewer than 50,50 - 99,Voluntary,1,100 - 199 hours,2 - 6 months,Yes,"$5,001 - $10,000",25,75,Not Selected,Selected,Not Selected,Not Selected,Not Selected,Not Selected,Selected,Not Selected,Not Selected,Not Selected,Not Selected,33,31,0,1,0,Cluster 1
Administrative and Support and Waste Management and Remediation Services,5,2500>9999,Colorado,Mountain,North America,1,0,0,0,0,0,0,0,0,0,0,1,3,Administrative and Support and Waste Management and Remediation Services,Professional and Business Services,Service-Providing Industries,76 - 100%,1,Yes,Reskilling,10000 - 49999,1000 - 9999,Mandatory,0,100 - 199 hours,7 - 12 months,Yes,"$1,001 - $5,000",10,30,Not Selected,Selected,Not Selected,Selected,Selected,Not Selected,Not Selected,Not Selected,Not Selected,Not Selected,Not Selected,80,100,0,1,1,Cluster 2
Educational Services,2,100-999,Kentucky,East South Central,North America,1,0,0,0,0,0,0,0,0,0,0,0,2,Educational Services,Education and Health Services,Service-Providing Industries,51 - 75%,0,Yes,Reskilling,Fewer than 50,50 - 99,Voluntary,1,10 - 49 hours,2 - 6 months,Yes,"$501 - $1,000",20,40,Not Selected,Not Selected,Not Selected,Not Selected,Selected,Not Selected,Not Selected,Not Selected,Not Selected,Not Selected,Not Selected,41,39,0,0,1,Cluster 1
Construction,7,>10k,New York,Middle Atlantic,North America,1,0,0,0,0,0,0,0,0,0,0,1,1,Construction,Construction,Goods-Producing Industries,26 - 50%,1,Yes,Reskilling,10000 - 49999,1000 - 9999,Mandatory,1,100 - 199 hours, > 12 months,No,"$1,001 - $5,000",20,10,Not Selected,Selected,Not Selected,Selected,Selected,Not Selected,Selected,Not Selected,Selected,Not Selected,Not Selected,94,95,0,1,0,Cluster 2
Retail Trade,4,1000-2499,Illinois,East North Central,North America,1,1,1,0,0,0,1,0,0,0,1,1,4,Retail Trade,"Trade, Transportation, and Utilities",Service-Providing Industries,51 - 75%,0,Yes,Reskilling,1000 - 9999,10000 - 49999,Voluntary,0,10 - 49 hours,2 - 6 months,Yes,"$501 - $1,000",25,26,Selected,Not Selected,Not Selected,Selected,Not Selected,Selected,Not Selected,Not Selected,Not Selected,Not Selected,Not Selected,68,78,1,0,1,Cluster 2
"Professional, Scientific, and Technical Services",3,100-999,Pennsylvania,Middle Atlantic,North America,1,0,0,0,0,0,0,0,0,0,0,0,5,"Professional, Scientific, and Technical Services",Professional and Business Services,Service-Providing Industries,1 - 25%,0,Yes,Reskilling,100 - 499,100 - 499,Voluntary,1,100 - 199 hours,2 - 6 months,Yes,< $500,20,65,Selected,Not Selected,Not Selected,Selected,Not Selected,Selected,Not Selected,Not Selected,Not Selected,Selected,Not Selected,60,62,0,0,0,Cluster 1
"Mining, Quarrying, and Oil and Gas Extraction",2,100-999,Texas,West South Central,North America,1,0,0,0,0,0,0,0,0,0,0,0,3,"Mining, Quarrying, and Oil and Gas Extraction",Natural Resources and Mining,Goods-Producing Industries,0%,0,No,Upskilling,50 - 99,100 - 499,Voluntary,1,100 - 199 hours,2 - 6 months,Yes,< $500,0,95,Not Selected,Selected,Not Selected,Not Selected,Not Selected,Not Selected,Selected,Not Selected,Not Selected,Not Selected,Not Selected,41,48,0,0,0,Cluster 1
Information,2,100-999,Illinois,East North Central,North America,1,0,0,0,0,0,0,0,0,0,0,0,5,Information,Information,Service-Providing Industries,0%,0,Yes,Reskilling,100 - 499,100 - 499,Mandatory,0,200 - 499 hours,7 - 12 months,Yes,"$1,001 - $5,000",12,66,Not Selected,Selected,Not Selected,Not Selected,Not Selected,Selected,Selected,Selected,Not Selected,Not Selected,Not Selected,31,51,0,0,0,Cluster 2
"Professional, Scientific, and Technical Services",5,2500>9999,Florida,South Atlantic,North America,1,1,1,0,1,0,1,0,0,0,2,1,3,"Professional, Scientific, and Technical Services",Professional and Business Services,Service-Providing Industries,26 - 50%,1,Yes,Reskilling,500 - 999,1000 - 9999,Mandatory,0,100 - 199 hours,7 - 12 months,Yes,"$1,001 - $5,000",24,27,Selected,Selected,Selected,Selected,Selected,Selected,Not Selected,Not Selected,Not Selected,Not Selected,Not Selected,50,51,0,1,0,Cluster 2
Information,3,100-999,Alaska,Pacific,North America,1,1,1,0,0,0,1,1,0,0,2,1,2,Information,Information,Service-Providing Industries,51 - 75%,1,Yes,Reskilling,100 - 499,500 - 999,Mandatory,0,50 - 99 hours,2 - 6 months,Yes,"$5,001 - $10,000",20,20,Selected,Not Selected,Not Selected,Not Selected,Not Selected,Selected,Not Selected,Not Selected,Not Selected,Not Selected,Not Selected,79,86,0,0,1,Cluster 2
"Professional, Scientific, and Technical Services",4,1000-2499,California,Pacific,North America,1,0,0,0,0,0,0,0,0,0,0,0,3,"Professional, Scientific, and Technical Services",Professional and Business Services,Service-Providing Industries,26 - 50%,0,Yes,Upskilling,100 - 499,100 - 499,Voluntary,0,50 - 99 hours,2 - 6 months,Yes,"$1,001 - $5,000",,,Selected,Selected,Not Selected,Selected,Not Selected,Selected,Not Selected,Not Selected,Selected,Not Selected,Not Selected,57,61,1,0,0,Cluster 2
Construction,2,100-999,Missouri,West North Central,North America,1,0,0,0,0,0,0,0,0,0,0,0,1,Construction,Construction,Goods-Producing Industries,0%,0,Yes,Reskilling,Fewer than 50,100 - 499,Mandatory,1,50 - 99 hours,2 - 6 months,Yes,"$501 - $1,000",0,100,Not Selected,Not Selected,Not Selected,Selected,Not Selected,Not Selected,Selected,Not Selected,Not Selected,Selected,Not Selected,100,81,0,0,0,Cluster 1
"Professional, Scientific, and Technical Services",8,>10k,California,Pacific,North America,1,0,0,0,0,0,0,0,0,0,0,1,3,"Professional, Scientific, and Technical Services",Professional and Business Services,Service-Providing Industries,26 - 50%,1,No,Upskilling,1000 - 9999,10000 - 49999,Voluntary,1,100 - 199 hours,2 - 6 months,Yes,"$501 - $1,000",,,Not Selected,Selected,Not Selected,Not Selected,Selected,Not Selected,Selected,Selected,Not Selected,Selected,Not Selected,65,70,0,1,0,Cluster 1
Accommodation and Food Services,6,2500>9999,Virginia,South Atlantic,North America,1,0,0,0,0,0,0,0,0,0,0,0,3,Accommodation and Food Services,Leisure and Hospitality,Service-Providing Industries,0%,0,No,Upskilling,50 - 99,100 - 499,Voluntary,1,100 - 199 hours,2 - 6 months,Yes,"$1,001 - $5,000",0,100,Not Selected,Selected,Selected,Not Selected,Selected,Not Selected,Not Selected,Not Selected,Not Selected,Selected,Not Selected,23,18,0,1,0,Cluster 1
"Professional, Scientific, and Technical Services",3,100-999,Pennsylvania,Middle Atlantic,North America,1,1,1,0,0,0,0,1,0,0,1,0,2,"Professional, Scientific, and Technical Services",Professional and Business Services,Service-Providing Industries,0%,0,Yes,Reskilling,Fewer than 50,Fewer than 50,Voluntary,1,10 - 49 hours,2 - 6 months,Yes,"$1,001 - $5,000",0,75,Not Selected,Not Selected,Selected,Selected,Not Selected,Not Selected,Not Selected,Not Selected,Not Selected,Not Selected,Not Selected,95,60,0,0,0,Cluster 1
Information,3,100-999,North Carolina,South Atlantic,North America,1,0,0,0,0,0,0,0,0,0,0,1,1,Information,Information,Service-Providing Industries,26 - 50%,1,Yes,Reskilling,Fewer than 50,100 - 499,Voluntary,1,10 - 49 hours,2 - 6 months,Yes,"$5,001 - $10,000",0,100,Not Selected,Not Selected,Not Selected,Not Selected,Not Selected,Not Selected,Selected,Selected,Not Selected,Selected,Not Selected,51,73,0,0,0,Cluster 1
Educational Services,2,100-999,Texas,West South Central,North America,1,0,0,0,0,0,0,0,0,0,0,0,3,Educational Services,Education and Health Services,Service-Providing Industries,26 - 50%,0,No,Upskilling,50 - 99,100 - 499,Mandatory,1,10 - 49 hours,2 - 6 months,Yes,< $500,0,100,Not Selected,Selected,Not Selected,Selected,Not Selected,Selected,Not Selected,Not Selected,Not Selected,Not Selected,Selected,60,48,0,0,0,Cluster 1
Manufacturing,5,2500>9999,Illinois,East North Central,North America,1,1,1,0,1,0,1,0,0,0,2,1,3,Manufacturing,Manufacturing,Goods-Producing Industries,1 - 25%,1,Yes,Upskilling,100 - 499,100 - 499,Voluntary,1,10 - 49 hours,2 - 6 months,Yes,"$1,001 - $5,000",5,95,Not Selected,Selected,Not Selected,Selected,Not Selected,Not Selected,Selected,Selected,Not Selected,Selected,Selected,70,50,0,1,0,Cluster 1
"Professional, Scientific, and Technical Services",8,>10k,North Dakota,West North Central,North America,1,1,1,0,1,1,1,1,1,0,5,0,3,"Professional, Scientific, and Technical Services",Professional and Business Services,Service-Providing Industries,0%,1,Yes,Reskilling,Fewer than 50,100 - 499,Voluntary,1,50 - 99 hours,2 - 6 months,Yes,"$501 - $1,000",0,100,Not Selected,Not Selected,Not Selected,Selected,Not Selected,Selected,Not Selected,Not Selected,Not Selected,Not Selected,Not Selected,90,89,0,1,0,Cluster 2
Construction,3,100-999,Indiana,East North Central,North America,1,1,1,0,0,0,1,0,0,0,1,1,2,Construction,Construction,Goods-Producing Industries,0%,1,Yes,Reskilling,50 - 99,100 - 499,Mandatory,1,< 10 hours,2 - 6 months,Yes,"$1,001 - $5,000",20,20,Selected,Not Selected,Not Selected,Selected,Not Selected,Not Selected,Not Selected,Not Selected,Not Selected,Not Selected,Not Selected,78,82,0,0,0,Cluster 2
Manufacturing,3,100-999,Virginia,South Atlantic,North America,1,0,0,0,0,0,0,0,0,0,0,0,5,Manufacturing,Manufacturing,Goods-Producing Industries,0%,0,No,Reskilling,50 - 99,50 - 99,Voluntary,1,50 - 99 hours,2 - 6 months,Yes,< $500,0,85,Selected,Not Selected,Not Selected,Selected,Not Selected,Selected,Not Selected,Selected,Not Selected,Not Selected,Not Selected,74,56,0,0,0,Cluster 1
"Professional, Scientific, and Technical Services",2,100-999,Texas,West South Central,North America,1,0,0,0,0,0,0,0,0,0,0,0,4,"Professional, Scientific, and Technical Services",Professional and Business Services,Service-Providing Industries,0%,0,No,Reskilling,Fewer than 50,50 - 99,Voluntary,1,50 - 99 hours,2 - 6 months,Yes,< $500,0,90,Not Selected,Selected,Not Selected,Not Selected,Not Selected,Not Selected,Selected,Not Selected,Not Selected,Not Selected,Not Selected,4,27,0,0,0,Cluster 1
Retail Trade,3,100-999,Illinois,East North Central,North America,1,1,1,0,1,0,1,0,1,0,3,1,3,Retail Trade,"Trade, Transportation, and Utilities",Service-Providing Industries,26 - 50%,0,Yes,Reskilling,100 - 499,500 - 999,Mandatory,0,10 - 49 hours,7 - 12 months,Yes,"$5,001 - $10,000",25,25,Selected,Selected,Not Selected,Not Selected,Not Selected,Selected,Not Selected,Selected,Selected,Not Selected,Not Selected,72,76,0,0,0,Cluster 2
Educational Services,4,1000-2499,Illinois,East North Central,North America,1,1,1,0,1,0,0,0,1,0,2,0,1,Educational Services,Education and Health Services,Service-Providing Industries,26 - 50%,1,Yes,Reskilling,500 - 999,1000 - 9999,Mandatory,0,50 - 99 hours,2 - 6 months,Yes,"$1,001 - $5,000",20,20,Selected,Not Selected,Not Selected,Selected,Not Selected,Not Selected,Selected,Not Selected,Not Selected,Selected,Not Selected,62,66,1,0,0,Cluster 2
Retail Trade,8,>10k,Georgia,South Atlantic,North America,1,1,1,0,1,0,1,1,0,0,3,1,6,Retail Trade,"Trade, Transportation, and Utilities",Service-Providing Industries,0%,1,No,Upskilling,100 - 499,100 - 499,Voluntary,1,50 - 99 hours,2 - 6 months,Yes,"$1,001 - $5,000",0,100,Selected,Selected,Selected,Selected,Selected,Selected,Selected,Selected,Selected,Selected,Selected,72,40,0,1,0,Cluster 2
Wholesale Trade,4,1000-2499,California,Pacific,North America,1,0,0,0,0,0,0,0,0,0,0,0,3,Wholesale Trade,"Trade, Transportation, and Utilities",Service-Providing Industries,26 - 50%,0,Yes,Upskilling,100 - 499,100 - 499,Mandatory,0,50 - 99 hours,7 - 12 months,Yes,"$1,001 - $5,000",,,Not Selected,Not Selected,Not Selected,Selected,Not Selected,Not Selected,Not Selected,Not Selected,Not Selected,Selected,Not Selected,71,66,1,0,0,Cluster 2
Manufacturing,2,100-999,Louisiana,West South Central,North America,1,0,0,0,0,0,0,0,0,0,0,1,1,Manufacturing,Manufacturing,Goods-Producing Industries,1 - 25%,1,No,Upskilling,100 - 499,50 - 99,Voluntary,1,50 - 99 hours,2 - 6 months,Yes,"$501 - $1,000",5,75,Not Selected,Selected,Not Selected,Not Selected,Not Selected,Selected,Selected,Not Selected,Not Selected,Selected,Not Selected,30,70,0,0,0,Cluster 1
Construction,2,100-999,Texas,West South Central,North America,1,0,0,0,0,0,0,0,0,0,0,0,5,Construction,Construction,Goods-Producing Industries,0%,0,No,Upskilling,50 - 99,50 - 99,Voluntary,1,10 - 49 hours,2 - 6 months,Yes,"$1,001 - $5,000",0,100,Not Selected,Selected,Not Selected,Not Selected,Not Selected,Selected,Selected,Not Selected,Not Selected,Not Selected,Selected,29,50,0,0,0,Cluster 1
Health Care and Social Assistance,2,100-999,Ohio,East North Central,North America,1,0,0,0,0,0,0,0,0,0,0,0,3,Health Care and Social Assistance,Education and Health Services,Service-Providing Industries,0%,0,I don't know,Upskilling,50 - 99,100 - 499,Mandatory,1,10 - 49 hours, > 12 months,Yes,"$501 - $1,000",,,Not Selected,Selected,Not Selected,Selected,Selected,Not Selected,Selected,Not Selected,Not Selected,Selected,Not Selected,100,100,0,0,0,Cluster 1
Retail Trade,9,>10k,California,Pacific,North America,1,0,0,0,0,0,0,0,0,0,0,0,3,Retail Trade,"Trade, Transportation, and Utilities",Service-Providing Industries,0%,1,No,Upskilling,10000 - 49999,50000 - 99999,Mandatory,0,10 - 49 hours,2 - 6 months,Yes,< $500,0,100,Not Selected,Selected,Not Selected,Selected,Not Selected,Not Selected,Selected,Selected,Not Selected,Not Selected,Selected,61,75,0,1,0,Cluster 2
Wholesale Trade,2,100-999,Florida,South Atlantic,North America,1,0,0,0,0,0,0,0,0,0,0,0,5,Wholesale Trade,"Trade, Transportation, and Utilities",Service-Providing Industries,0%,0,No,Upskilling,100 - 499,100 - 499,Voluntary,1,50 - 99 hours,2 - 6 months,Yes,"$501 - $1,000",0,100,Not Selected,Selected,Not Selected,Not Selected,Not Selected,Selected,Selected,Selected,Not Selected,Not Selected,Not Selected,83,40,0,0,0,Cluster 1
Retail Trade,9,>10k,Illinois,East North Central,North America,1,0,0,0,0,0,0,0,0,0,0,1,4,Retail Trade,"Trade, Transportation, and Utilities",Service-Providing Industries,26 - 50%,1,Yes,Reskilling,1000 - 9999,10000 - 49999,Voluntary,1,200 - 499 hours,7 - 12 months,Yes,"$1,001 - $5,000",,,Not Selected,Selected,Not Selected,Not Selected,Not Selected,Selected,Selected,Not Selected,Not Selected,Selected,Not Selected,52,59,0,1,0,Cluster 2
Health Care and Social Assistance,5,2500>9999,Texas,West South Central,North America,1,0,0,0,0,0,0,0,0,0,0,0,1,Health Care and Social Assistance,Education and Health Services,Service-Providing Industries,51 - 75%,0,No,Upskilling,500 - 999,1000 - 9999,Voluntary,0,100 - 199 hours,7 - 12 months,Yes,"$1,001 - $5,000",0,100,Not Selected,Selected,Not Selected,Not Selected,Not Selected,Selected,Selected,Not Selected,Not Selected,Not Selected,Selected,60,50,0,1,1,Cluster 2
Health Care and Social Assistance,2,100-999,Ohio,East North Central,North America,1,0,0,0,0,0,0,0,0,0,0,1,3,Health Care and Social Assistance,Education and Health Services,Service-Providing Industries,0%,0,No,Upskilling,100 - 499,100 - 499,Voluntary,1,50 - 99 hours,2 - 6 months,Yes,< $500,35,65,Not Selected,Selected,Not Selected,Selected,Selected,Not Selected,Selected,Selected,Not Selected,Not Selected,Selected,60,75,0,0,0,Cluster 1
Information,2,100-999,Georgia,South Atlantic,North America,1,1,1,0,0,0,0,0,1,0,1,1,1,Information,Information,Service-Providing Industries,1 - 25%,1,No,Upskilling,50 - 99,100 - 499,Voluntary,1,200 - 499 hours, > 12 months,Yes,< $500,0,100,Not Selected,Selected,Not Selected,Not Selected,Not Selected,Not Selected,Selected,Not Selected,Selected,Not Selected,Selected,82,85,0,0,0,Cluster 2
Information,3,100-999,Texas,West South Central,North America,1,0,0,0,0,0,0,0,0,0,0,1,2,Information,Information,Service-Providing Industries,1 - 25%,1,No,Upskilling,100 - 499,100 - 499,Mandatory,0,< 10 hours,2 - 6 months,Yes,"$1,001 - $5,000",0,0,Not Selected,Selected,Not Selected,Selected,Not Selected,Selected,Selected,Not Selected,Not Selected,Not Selected,Not Selected,43,62,0,0,0,Cluster 1
Construction,5,2500>9999,Nevada,Mountain,North America,1,1,1,0,0,0,1,1,1,0,3,1,3,Construction,Construction,Goods-Producing Industries,51 - 75%,1,Yes,Reskilling,1000 - 9999,10000 - 49999,Mandatory,0,100 - 199 hours,2 - 6 months,Yes,"$1,001 - $5,000",30,20,Selected,Not Selected,Not Selected,Not Selected,Not Selected,Selected,Not Selected,Not Selected,Not Selected,Not Selected,Not Selected,69,87,0,1,1,Cluster 2
Health Care and Social Assistance,5,2500>9999,Idaho,Mountain,North America,1,0,0,0,0,0,0,0,0,0,0,0,3,Health Care and Social Assistance,Education and Health Services,Service-Providing Industries,0%,0,Yes,Reskilling,1000 - 9999,1000 - 9999,Mandatory,0,50 - 99 hours,2 - 6 months,Yes,"$1,001 - $5,000",20,80,Not Selected,Selected,Not Selected,Selected,Selected,Selected,Selected,Selected,Not Selected,Selected,Selected,31,12,0,1,0,Cluster 2
Manufacturing,6,2500>9999,California,Pacific,North America,1,0,0,0,0,0,0,0,0,0,0,0,2,Manufacturing,Manufacturing,Goods-Producing Industries,0%,0,No,Reskilling,Fewer than 50,Fewer than 50,Voluntary,1,10 - 49 hours,2 - 6 months,Yes,"$501 - $1,000",0,100,Not Selected,Selected,Not Selected,Not Selected,Not Selected,Not Selected,Selected,Selected,Not Selected,Not Selected,Not Selected,30,10,0,1,0,Cluster 1
Retail Trade,10,>10k,Florida,South Atlantic,North America,1,0,0,0,0,0,0,0,0,0,0,1,1,Retail Trade,"Trade, Transportation, and Utilities",Service-Providing Industries,0%,0,No,Reskilling,10000 - 49999,50000 - 99999,Voluntary,1,10 - 49 hours,< 1 month,Yes,"$1,001 - $5,000",0,75,Not Selected,Selected,Not Selected,Selected,Selected,Not Selected,Selected,Selected,Not Selected,Not Selected,Selected,50,50,0,1,0,Cluster 1
Retail Trade,4,1000-2499,Arkansas,West South Central,North America,1,0,0,0,0,0,0,0,0,0,0,0,3,Retail Trade,"Trade, Transportation, and Utilities",Service-Providing Industries,26 - 50%,1,Yes,Upskilling,100 - 499,100 - 499,Voluntary,1,100 - 199 hours, > 12 months,Yes,< $500,25,75,Not Selected,Selected,Not Selected,Selected,Not Selected,Selected,Not Selected,Selected,Not Selected,Not Selected,Selected,44,53,1,0,0,Cluster 2
Finance and Insurance,3,100-999,Massachusetts,New England,North America,1,1,1,0,0,0,0,0,1,0,1,1,3,Finance and Insurance,Financial Activities,Service-Providing Industries,76 - 100%,1,Yes,Reskilling,100 - 499,100 - 499,Voluntary,1,200 - 499 hours,2 - 6 months,Yes,< $500,50,15,Selected,Selected,Selected,Selected,Selected,Selected,Selected,Not Selected,Not Selected,Selected,Not Selected,90,100,0,0,1,Cluster 2
Finance and Insurance,6,2500>9999,New York,Middle Atlantic,North America,1,0,0,0,0,0,0,0,0,0,0,1,3,Finance and Insurance,Financial Activities,Service-Providing Industries,26 - 50%,1,Yes,Reskilling,1000 - 9999,1000 - 9999,Mandatory,1,10 - 49 hours,7 - 12 months,Yes,"$501 - $1,000",25,35,Not Selected,Selected,Not Selected,Selected,Not Selected,Selected,Not Selected,Selected,Selected,Selected,Selected,21,99,0,1,0,Cluster 2
Wholesale Trade,4,1000-2499,California,Pacific,Other,0,1,0,1,0,1,0,0,0,0,1,1,1,Wholesale Trade,"Trade, Transportation, and Utilities",Service-Providing Industries,26 - 50%,0,No,Reskilling,100 - 499,1000 - 9999,Mandatory,0,100 - 199 hours,7 - 12 months,Yes,"$1,001 - $5,000",25,25,Not Selected,Not Selected,Not Selected,Selected,Not Selected,Not Selected,Not Selected,Not Selected,Not Selected,Not Selected,Not Selected,60,33,1,0,0,Cluster 2
Construction,3,100-999,Georgia,South Atlantic,North America,1,0,0,0,0,0,0,0,0,0,0,0,2,Construction,Construction,Goods-Producing Industries,0%,1,Yes,Upskilling,100 - 499,500 - 999,Mandatory,1,50 - 99 hours,2 - 6 months,Yes,< $500,20,40,Not Selected,Selected,Not Selected,Not Selected,Selected,Not Selected,Not Selected,Selected,Not Selected,Selected,Not Selected,67,78,0,0,0,Cluster 1
Construction,2,100-999,California,Pacific,North America,1,0,0,0,0,0,0,0,0,0,0,0,5,Construction,Construction,Goods-Producing Industries,0%,0,No,Upskilling,100 - 499,100 - 499,Voluntary,1,10 - 49 hours,< 1 month,Yes,< $500,0,100,Not Selected,Selected,Not Selected,Not Selected,Not Selected,Not Selected,Not Selected,Not Selected,Not Selected,Not Selected,Selected,95,94,0,0,0,Cluster 1
Manufacturing,2,100-999,Texas,West South Central,North America,1,0,0,0,0,0,0,0,0,0,0,0,3,Manufacturing,Manufacturing,Goods-Producing Industries,1 - 25%,1,Yes,Upskilling,50 - 99,50 - 99,Voluntary,1,10 - 49 hours,7 - 12 months,Yes,< $500,25,25,Not Selected,Selected,Not Selected,Selected,Selected,Not Selected,Selected,Not Selected,Not Selected,Not Selected,Selected,54,63,0,0,0,Cluster 1
Transportation and Warehousing,7,>10k,Minnesota,West North Central,North America,1,1,1,0,1,0,1,1,1,1,5,1,1,Transportation and Warehousing,"Trade, Transportation, and Utilities",Service-Providing Industries,0%,1,No,Upskilling,100 - 499,1000 - 9999,Voluntary,0,50 - 99 hours,2 - 6 months,Yes,"$1,001 - $5,000",0,100,Not Selected,Selected,Not Selected,Not Selected,Not Selected,Selected,Not Selected,Not Selected,Not Selected,Not Selected,Not Selected,79,16,0,1,0,Cluster 1
Manufacturing,4,1000-2499,New York,Middle Atlantic,North America,1,1,1,0,0,0,1,0,0,0,1,1,2,Manufacturing,Manufacturing,Goods-Producing Industries,51 - 75%,0,No,Reskilling,500 - 999,1000 - 9999,Mandatory,0,50 - 99 hours,2 - 6 months,Yes,"$1,001 - $5,000",20,20,Not Selected,Selected,Selected,Not Selected,Not Selected,Selected,Not Selected,Not Selected,Not Selected,Not Selected,Not Selected,79,83,1,0,1,Cluster 2
Information,2,100-999,California,Pacific,North America,1,1,1,0,1,0,1,0,1,1,4,1,5,Information,Information,Service-Providing Industries,0%,1,Yes,Reskilling,50 - 99,Fewer than 50,Voluntary,1,50 - 99 hours, > 12 months,Yes,"$1,001 - $5,000",0,100,Not Selected,Selected,Not Selected,Not Selected,Selected,Not Selected,Not Selected,Selected,Selected,Not Selected,Selected,86,93,0,0,0,Cluster 1
Transportation and Warehousing,2,100-999,Arizona,Mountain,North America,1,0,0,0,0,0,0,0,0,0,0,0,3,Transportation and Warehousing,"Trade, Transportation, and Utilities",Service-Providing Industries,1 - 25%,1,No,Upskilling,50 - 99,100 - 499,Voluntary,1,10 - 49 hours,2 - 6 months,Yes,< $500,0,100,Not Selected,Selected,Not Selected,Not Selected,Selected,Not Selected,Selected,Not Selected,Not Selected,Selected,Selected,73,71,0,0,0,Cluster 1
Finance and Insurance,4,1000-2499,Wisconsin,East North Central,North America,1,1,1,0,0,0,1,0,1,0,2,1,4,Finance and Insurance,Financial Activities,Service-Providing Industries,76 - 100%,1,Yes,Reskilling,100 - 499,100 - 499,Mandatory,0,100 - 199 hours,2 - 6 months,Yes,"$1,001 - $5,000",30,20,Selected,Selected,Selected,Selected,Not Selected,Selected,Not Selected,Not Selected,Not Selected,Not Selected,Not Selected,90,95,1,0,1,Cluster 2
Accommodation and Food Services,10,>10k,Virginia,South Atlantic,North America,1,0,0,0,0,0,0,0,0,0,0,0,1,Accommodation and Food Services,Leisure and Hospitality,Service-Providing Industries,26 - 50%,1,Yes,Reskilling,50000 - 99999,50000 - 99999,Mandatory,1,> 500 hours,7 - 12 months,Yes,"> $10,000",25,25,Not Selected,Not Selected,Not Selected,Selected,Selected,Selected,Not Selected,Selected,Not Selected,Selected,Selected,76,91,0,1,0,Cluster 2
Finance and Insurance,3,100-999,Colorado,Mountain,North America,1,0,0,0,0,0,0,0,0,0,0,0,1,Finance and Insurance,Financial Activities,Service-Providing Industries,1 - 25%,0,No,Upskilling,100 - 499,100 - 499,Voluntary,1,50 - 99 hours,2 - 6 months,Yes,< $500,25,25,Not Selected,Selected,Not Selected,Not Selected,Selected,Not Selected,Not Selected,Not Selected,Not Selected,Selected,Not Selected,50,40,0,0,0,Cluster 1
Transportation and Warehousing,5,2500>9999,Nevada,Mountain,North America,1,0,0,0,0,0,0,0,0,0,0,1,3,Transportation and Warehousing,"Trade, Transportation, and Utilities",Service-Providing Industries,1 - 25%,0,Yes,Upskilling,500 - 999,1000 - 9999,Voluntary,1,100 - 199 hours,2 - 6 months,Yes,"$501 - $1,000",40,35,Selected,Selected,Not Selected,Selected,Not Selected,Selected,Selected,Selected,Selected,Not Selected,Not Selected,71,60,0,1,0,Cluster 2
Construction,5,2500>9999,Nevada,Mountain,North America,1,1,1,0,0,1,1,0,1,0,3,1,3,Construction,Construction,Goods-Producing Industries,51 - 75%,1,Yes,Reskilling,1000 - 9999,10000 - 49999,Mandatory,0,200 - 499 hours,2 - 6 months,Yes,"$5,001 - $10,000",5,40,Selected,Not Selected,Not Selected,Not Selected,Not Selected,Selected,Not Selected,Not Selected,Not Selected,Not Selected,Not Selected,50,85,0,1,1,Cluster 2
Manufacturing,5,2500>9999,Florida,South Atlantic,North America,1,0,0,0,0,0,0,0,0,0,0,0,3,Manufacturing,Manufacturing,Goods-Producing Industries,1 - 25%,0,Yes,Upskilling,1000 - 9999,1000 - 9999,Voluntary,1,10 - 49 hours,2 - 6 months,Yes,< $500,0,100,Not Selected,Selected,Not Selected,Not Selected,Not Selected,Not Selected,Selected,Selected,Selected,Not Selected,Not Selected,40,39,0,1,0,Cluster 1
Management of Companies and Enterprises,3,100-999,California,Pacific,North America,1,0,0,0,0,0,0,0,0,0,0,1,4,Management of Companies and Enterprises,Professional and Business Services,Service-Providing Industries,1 - 25%,0,No,Upskilling,100 - 499,500 - 999,Mandatory,1,50 - 99 hours,2 - 6 months,Yes,< $500,20,20,Not Selected,Not Selected,Not Selected,Selected,Selected,Selected,Not Selected,Not Selected,Not Selected,Not Selected,Not Selected,63,33,0,0,0,Cluster 2
Manufacturing,2,100-999,Texas,West South Central,North America,1,0,0,0,0,0,0,0,0,0,0,0,2,Manufacturing,Manufacturing,Goods-Producing Industries,0%,0,No,Upskilling,100 - 499,100 - 499,Voluntary,1,50 - 99 hours,2 - 6 months,No,< $500,0,100,Selected,Not Selected,Not Selected,Selected,Not Selected,Selected,Not Selected,Not Selected,Not Selected,Not Selected,Not Selected,87,35,0,0,0,Cluster 2
Retail Trade,5,2500>9999,Arkansas,West South Central,North America,1,0,0,0,0,0,0,0,0,0,0,1,3,Retail Trade,"Trade, Transportation, and Utilities",Service-Providing Industries,0%,0,No,Reskilling,1000 - 9999,1000 - 9999,Voluntary,1,10 - 49 hours,2 - 6 months,Yes,"$501 - $1,000",0,100,Not Selected,Selected,Selected,Not Selected,Selected,Not Selected,Selected,Not Selected,Not Selected,Not Selected,Not Selected,83,90,0,1,0,Cluster 2
"Professional, Scientific, and Technical Services",2,100-999,Florida,South Atlantic,North America,1,0,0,0,0,0,0,0,0,0,0,1,1,"Professional, Scientific, and Technical Services",Professional and Business Services,Service-Providing Industries,0%,1,Yes,Reskilling,50 - 99,Fewer than 50,Mandatory,1,< 10 hours,2 - 6 months,Yes,< $500,25,25,Not Selected,Selected,Not Selected,Not Selected,Not Selected,Not Selected,Selected,Not Selected,Not Selected,Selected,Not Selected,29,10,0,0,0,Cluster 1
"Professional, Scientific, and Technical Services",3,100-999,Minnesota,West North Central,North America,1,1,1,0,0,0,0,1,0,0,1,1,3,"Professional, Scientific, and Technical Services",Professional and Business Services,Service-Providing Industries,51 - 75%,0,No,Upskilling,500 - 999,500 - 999,Voluntary,0,50 - 99 hours,7 - 12 months,Yes,"$1,001 - $5,000",0,70,Not Selected,Not Selected,Not Selected,Selected,Not Selected,Not Selected,Selected,Not Selected,Not Selected,Not Selected,Not Selected,38,78,0,0,1,Cluster 1
Wholesale Trade,6,2500>9999,California,Pacific,North America,1,0,0,0,0,0,0,0,0,0,0,0,3,Wholesale Trade,"Trade, Transportation, and Utilities",Service-Providing Industries,26 - 50%,0,Yes,Reskilling,100 - 499,100 - 499,Mandatory,0,50 - 99 hours,7 - 12 months,Yes,"$1,001 - $5,000",,,Selected,Not Selected,Not Selected,Selected,Not Selected,Selected,Not Selected,Not Selected,Selected,Not Selected,Not Selected,61,83,0,1,0,Cluster 2
Construction,5,2500>9999,Florida,South Atlantic,North America,1,0,0,0,0,0,0,0,0,0,0,1,3,Construction,Construction,Goods-Producing Industries,0%,0,No,Reskilling,500 - 999,1000 - 9999,Voluntary,0,100 - 199 hours,2 - 6 months,Yes,"$501 - $1,000",0,100,Not Selected,Selected,Not Selected,Not Selected,Not Selected,Not Selected,Selected,Not Selected,Selected,Not Selected,Selected,80,99,0,1,0,Cluster 2
Retail Trade,5,2500>9999,New York,Middle Atlantic,North America,1,0,0,0,0,0,0,0,0,0,0,0,1,Retail Trade,"Trade, Transportation, and Utilities",Service-Providing Industries,0%,1,No,Upskilling,1000 - 9999,1000 - 9999,Mandatory,1,50 - 99 hours, > 12 months,Yes,"$501 - $1,000",,,Not Selected,Selected,Not Selected,Selected,Not Selected,Not Selected,Selected,Not Selected,Not Selected,Not Selected,Selected,52,49,0,1,0,Cluster 1
Manufacturing,5,2500>9999,Tennessee,East South Central,North America,1,0,0,0,0,0,0,0,0,0,0,0,5,Manufacturing,Manufacturing,Goods-Producing Industries,0%,1,Yes,Reskilling,100 - 499,500 - 999,Mandatory,1,10 - 49 hours,2 - 6 months,Yes,< $500,0,30,Not Selected,Not Selected,Not Selected,Selected,Not Selected,Not Selected,Not Selected,Not Selected,Not Selected,Not Selected,Not Selected,37,69,0,1,0,Cluster 2
"Professional, Scientific, and Technical Services",3,100-999,Alabama,East South Central,North America,1,1,1,0,0,0,1,0,0,0,1,1,3,"Professional, Scientific, and Technical Services",Professional and Business Services,Service-Providing Industries,26 - 50%,1,Yes,Reskilling,500 - 999,500 - 999,Voluntary,0,200 - 499 hours,2 - 6 months,Yes,"$501 - $1,000",24,14,Not Selected,Not Selected,Not Selected,Not Selected,Not Selected,Selected,Not Selected,Not Selected,Not Selected,Not Selected,Not Selected,40,42,0,0,0,Cluster 2
Health Care and Social Assistance,3,100-999,Tennessee,East South Central,North America,1,0,0,0,0,0,0,0,0,0,0,1,3,Health Care and Social Assistance,Education and Health Services,Service-Providing Industries,1 - 25%,0,No,Reskilling,500 - 999,100 - 499,Voluntary,0,10 - 49 hours,7 - 12 months,Yes,< $500,0,100,Not Selected,Selected,Not Selected,Selected,Selected,Not Selected,Not Selected,Not Selected,Not Selected,Not Selected,Not Selected,67,82,0,0,0,Cluster 2
Manufacturing,10,>10k,Ohio,East North Central,North America,1,1,1,0,1,1,1,1,1,1,6,1,1,Manufacturing,Manufacturing,Goods-Producing Industries,1 - 25%,1,I don't know,Upskilling,50000 - 99999,50000 - 99999,Mandatory,1,< 10 hours,< 1 month,Yes,< $500,0,100,Selected,Selected,Selected,Selected,Selected,Selected,Selected,Selected,Selected,Selected,Selected,100,51,0,1,0,Cluster 2
"Arts, Entertainment, and Recreation",2,100-999,Colorado,Mountain,Europe,0,1,0,1,0,0,0,0,1,0,1,1,4,"Arts, Entertainment, and Recreation",Leisure and Hospitality,Service-Providing Industries,1 - 25%,0,I don't know,Upskilling,50 - 99,100 - 499,Mandatory,0,100 - 199 hours,2 - 6 months,Yes,"$501 - $1,000",10,30,Not Selected,Not Selected,Not Selected,Not Selected,Not Selected,Not Selected,Selected,Not Selected,Not Selected,Not Selected,Not Selected,72,38,0,0,0,Cluster 1
Construction,2,100-999,South Carolina,South Atlantic,North America,1,0,0,0,0,0,0,0,0,0,0,0,5,Construction,Construction,Goods-Producing Industries,0%,0,No,Upskilling,Fewer than 50,Fewer than 50,Voluntary,1,100 - 199 hours,2 - 6 months,Yes,"$1,001 - $5,000",0,50,Not Selected,Selected,Not Selected,Not Selected,Selected,Not Selected,Selected,Selected,Not Selected,Not Selected,Selected,62,76,0,0,0,Cluster 1
Manufacturing,2,100-999,Oklahoma,West South Central,North America,1,0,0,0,0,0,0,0,0,0,0,1,2,Manufacturing,Manufacturing,Goods-Producing Industries,0%,0,No,Upskilling,Fewer than 50,50 - 99,Mandatory,0,10 - 49 hours,< 1 month,Yes,< $500,0,100,Not Selected,Selected,Not Selected,Not Selected,Not Selected,Not Selected,Not Selected,Selected,Not Selected,Not Selected,Not Selected,11,13,0,0,0,Cluster 1
Manufacturing,8,>10k,Colorado,Mountain,North America,1,1,1,0,1,0,1,1,0,0,3,1,2,Manufacturing,Manufacturing,Goods-Producing Industries,26 - 50%,1,Yes,Reskilling,10000 - 49999,100 - 499,Mandatory,0,50 - 99 hours,7 - 12 months,Yes,"$5,001 - $10,000",25,15,Not Selected,Selected,Selected,Selected,Not Selected,Selected,Not Selected,Not Selected,Not Selected,Not Selected,Not Selected,47,76,0,1,0,Cluster 2
Retail Trade,5,2500>9999,Arkansas,West South Central,North America,1,0,0,0,0,0,0,0,0,0,0,0,1,Retail Trade,"Trade, Transportation, and Utilities",Service-Providing Industries,0%,1,Yes,Reskilling,Fewer than 50,Fewer than 50,Mandatory,0,50 - 99 hours,2 - 6 months,Yes,"$501 - $1,000",10,90,Not Selected,Not Selected,Not Selected,Selected,Not Selected,Selected,Not Selected,Selected,Not Selected,Not Selected,Not Selected,77,100,0,1,0,Cluster 2
Construction,4,1000-2499,California,Pacific,North America,1,0,0,0,0,0,0,0,0,0,0,1,3,Construction,Construction,Goods-Producing Industries,51 - 75%,1,Yes,Reskilling,500 - 999,1000 - 9999,Mandatory,0,200 - 499 hours,7 - 12 months,Yes,"$1,001 - $5,000",15,15,Selected,Not Selected,Not Selected,Selected,Not Selected,Not Selected,Not Selected,Not Selected,Not Selected,Not Selected,Not Selected,84,88,1,0,1,Cluster 2
Construction,3,100-999,California,Pacific,North America,1,0,0,0,0,0,0,0,0,0,0,0,3,Construction,Construction,Goods-Producing Industries,26 - 50%,1,No,Reskilling,100 - 499,100 - 499,Mandatory,1,200 - 499 hours,2 - 6 months,No,"$501 - $1,000",0,25,Not Selected,Selected,Selected,Selected,Selected,Selected,Selected,Selected,Not Selected,Not Selected,Selected,49,55,0,0,0,Cluster 2
Construction,5,2500>9999,Florida,South Atlantic,North America,1,0,0,0,0,0,0,0,0,0,0,1,3,Construction,Construction,Goods-Producing Industries,51 - 75%,1,Yes,Reskilling,1000 - 9999,1000 - 9999,Mandatory,0,100 - 199 hours,2 - 6 months,Yes,"$1,001 - $5,000",30,30,Selected,Not Selected,Not Selected,Selected,Not Selected,Selected,Not Selected,Not Selected,Not Selected,Not Selected,Not Selected,60,52,0,1,1,Cluster 2
Manufacturing,4,1000-2499,North Carolina,South Atlantic,North America,1,1,1,0,0,1,1,1,1,0,4,1,3,Manufacturing,Manufacturing,Goods-Producing Industries,51 - 75%,0,Yes,Reskilling,1000 - 9999,1000 - 9999,Mandatory,1,100 - 199 hours,7 - 12 months,Yes,"$5,001 - $10,000",20,25,Selected,Selected,Not Selected,Selected,Not Selected,Selected,Selected,Not Selected,Not Selected,Selected,Not Selected,59,85,1,0,1,Cluster 2
Real Estate and Rental and Leasing,2,100-999,California,Pacific,North America,1,0,0,0,0,0,0,0,0,0,0,0,5,Real Estate and Rental and Leasing,Financial Activities,Service-Providing Industries,0%,0,No,Upskilling,Fewer than 50,Fewer than 50,Voluntary,0,< 10 hours,< 1 month,Yes,"$501 - $1,000",0,100,Not Selected,Selected,Not Selected,Not Selected,Not Selected,Not Selected,Selected,Not Selected,Not Selected,Not Selected,Not Selected,75,20,0,0,0,Cluster 1
Finance and Insurance,5,2500>9999,Florida,South Atlantic,Asia,0,1,0,1,0,0,0,1,0,0,1,1,4,Finance and Insurance,Financial Activities,Service-Providing Industries,51 - 75%,1,Yes,Upskilling,1000 - 9999,1000 - 9999,Mandatory,0,100 - 199 hours,2 - 6 months,Yes,"$1,001 - $5,000",10,50,Not Selected,Not Selected,Selected,Not Selected,Selected,Not Selected,Selected,Not Selected,Not Selected,Not Selected,Not Selected,86,98,0,1,1,Cluster 2
Finance and Insurance,5,2500>9999,Maryland,South Atlantic,North America,1,1,1,0,0,0,0,0,1,0,1,0,3,Finance and Insurance,Financial Activities,Service-Providing Industries,51 - 75%,1,No,Upskilling,500 - 999,1000 - 9999,Voluntary,1,200 - 499 hours,7 - 12 months,Yes,"$501 - $1,000",0,100,Not Selected,Selected,Not Selected,Not Selected,Not Selected,Selected,Selected,Selected,Not Selected,Not Selected,Selected,25,35,0,1,1,Cluster 1
"Professional, Scientific, and Technical Services",3,100-999,Alabama,East South Central,North America,1,0,0,0,0,0,0,0,0,0,0,0,5,"Professional, Scientific, and Technical Services",Professional and Business Services,Service-Providing Industries,0%,0,No,Reskilling,100 - 499,500 - 999,Mandatory,1,50 - 99 hours,2 - 6 months,Yes,"$501 - $1,000",0,100,Not Selected,Selected,Not Selected,Selected,Selected,Not Selected,Selected,Selected,Not Selected,Selected,Selected,80,100,0,0,0,Cluster 2
Construction,3,100-999,California,Pacific,North America,1,0,0,0,0,0,0,0,0,0,0,0,5,Construction,Construction,Goods-Producing Industries,26 - 50%,0,No,Reskilling,100 - 499,100 - 499,Mandatory,1,200 - 499 hours,2 - 6 months,No,"$501 - $1,000",0,25,Not Selected,Not Selected,Selected,Selected,Not Selected,Not Selected,Not Selected,Not Selected,Not Selected,Selected,Not Selected,64,58,0,0,0,Cluster 1
Information,4,1000-2499,Arizona,Mountain,North America,1,0,0,0,0,0,0,0,0,0,0,0,3,Information,Information,Service-Providing Industries,1 - 25%,0,Yes,Upskilling,100 - 499,1000 - 9999,Mandatory,1,10 - 49 hours,7 - 12 months,Yes,"$5,001 - $10,000",1,10,Not Selected,Selected,Selected,Selected,Not Selected,Not Selected,Not Selected,Not Selected,Not Selected,Not Selected,Not Selected,45,92,1,0,0,Cluster 2
Manufacturing,5,2500>9999,Ohio,East North Central,North America,1,0,0,0,0,0,0,0,0,0,0,0,5,Manufacturing,Manufacturing,Goods-Producing Industries,0%,0,Yes,Upskilling,1000 - 9999,1000 - 9999,Voluntary,1,200 - 499 hours, > 12 months,Yes,"$1,001 - $5,000",0,100,Not Selected,Selected,Not Selected,Not Selected,Not Selected,Selected,Not Selected,Selected,Not Selected,Not Selected,Not Selected,68,63,0,1,0,Cluster 2
"Professional, Scientific, and Technical Services",3,100-999,Maryland,South Atlantic,North America,1,1,1,0,1,0,0,0,0,0,1,1,2,"Professional, Scientific, and Technical Services",Professional and Business Services,Service-Providing Industries,0%,0,No,Upskilling,Fewer than 50,100 - 499,Voluntary,1,10 - 49 hours,2 - 6 months,Yes,"$501 - $1,000",0,100,Not Selected,Selected,Selected,Selected,Selected,Selected,Selected,Selected,Not Selected,Not Selected,Selected,20,51,0,0,0,Cluster 1
Utilities,2,100-999,New Jersey,Middle Atlantic,North America,1,0,0,0,0,0,0,0,0,0,0,0,3,Utilities,"Trade, Transportation, and Utilities",Goods-Producing Industries,0%,1,Yes,Upskilling,Fewer than 50,Fewer than 50,Mandatory,0,50 - 99 hours,2 - 6 months,Yes,< $500,,,Not Selected,Not Selected,Not Selected,Not Selected,Selected,Not Selected,Selected,Not Selected,Not Selected,Not Selected,Not Selected,33,44,0,0,0,Cluster 1
Manufacturing,7,>10k,Maryland,South Atlantic,North America,1,1,1,0,1,0,1,1,1,1,5,1,3,Manufacturing,Manufacturing,Goods-Producing Industries,51 - 75%,1,Yes,Reskilling,1000 - 9999,10000 - 49999,Mandatory,1,100 - 199 hours, > 12 months,Yes,"$501 - $1,000",35,30,Selected,Selected,Selected,Selected,Selected,Selected,Selected,Selected,Selected,Selected,Selected,95,100,0,1,1,Cluster 2
Educational Services,3,100-999,Oregon,Pacific,North America,1,1,1,0,0,0,1,0,0,0,1,0,1,Educational Services,Education and Health Services,Service-Providing Industries,26 - 50%,0,No,Reskilling,50 - 99,100 - 499,Mandatory,0,10 - 49 hours,2 - 6 months,Yes,"$501 - $1,000",10,90,Not Selected,Not Selected,Not Selected,Selected,Selected,Not Selected,Not Selected,Not Selected,Not Selected,Not Selected,Not Selected,74,63,0,0,0,Cluster 1
Wholesale Trade,2,100-999,New Jersey,Middle Atlantic,North America,1,0,0,0,0,0,0,0,0,0,0,1,3,Wholesale Trade,"Trade, Transportation, and Utilities",Service-Providing Industries,0%,0,I don't know,Upskilling,50 - 99,100 - 499,Mandatory,1,50 - 99 hours,2 - 6 months,Yes,"$1,001 - $5,000",0,100,Not Selected,Selected,Not Selected,Selected,Selected,Not Selected,Selected,Selected,Not Selected,Not Selected,Selected,49,44,0,0,0,Cluster 1
Health Care and Social Assistance,3,100-999,Pennsylvania,Middle Atlantic,North America,1,0,0,0,0,0,0,0,0,0,0,1,4,Health Care and Social Assistance,Education and Health Services,Service-Providing Industries,0%,0,Yes,Reskilling,100 - 499,1000 - 9999,Mandatory,1,100 - 199 hours,2 - 6 months,Yes,"$501 - $1,000",20,80,Selected,Selected,Not Selected,Not Selected,Not Selected,Selected,Selected,Selected,Not Selected,Not Selected,Not Selected,70,99,0,0,0,Cluster 2
"Professional, Scientific, and Technical Services",7,>10k,Kentucky,East South Central,North America,1,0,0,0,0,0,0,0,0,0,0,0,1,"Professional, Scientific, and Technical Services",Professional and Business Services,Service-Providing Industries,26 - 50%,0,Yes,Upskilling,1000 - 9999,500 - 999,Mandatory,0,50 - 99 hours,2 - 6 months,Yes,"$501 - $1,000",25,25,Not Selected,Not Selected,Not Selected,Selected,Not Selected,Not Selected,Not Selected,Not Selected,Not Selected,Not Selected,Not Selected,56,78,0,1,0,Cluster 2
"Professional, Scientific, and Technical Services",6,2500>9999,California,Pacific,North America,1,0,0,0,0,0,0,0,0,0,0,0,3,"Professional, Scientific, and Technical Services",Professional and Business Services,Service-Providing Industries,26 - 50%,0,Yes,Upskilling,100 - 499,100 - 499,Mandatory,0,50 - 99 hours,2 - 6 months,Yes,"$501 - $1,000",,,Not Selected,Selected,Not Selected,Selected,Not Selected,Selected,Not Selected,Not Selected,Selected,Not Selected,Not Selected,58,44,0,1,0,Cluster 1
Construction,5,2500>9999,Tennessee,East South Central,North America,1,0,0,0,0,0,0,0,0,0,0,1,5,Construction,Construction,Goods-Producing Industries,51 - 75%,0,Yes,Upskilling,500 - 999,1000 - 9999,Voluntary,0,200 - 499 hours,2 - 6 months,Yes,"$5,001 - $10,000",0,50,Not Selected,Selected,Not Selected,Not Selected,Not Selected,Selected,Selected,Selected,Not Selected,Selected,Not Selected,10,36,0,1,1,Cluster 2
Health Care and Social Assistance,5,2500>9999,Arkansas,West South Central,North America,1,0,0,0,0,0,0,0,0,0,0,0,5,Health Care and Social Assistance,Education and Health Services,Service-Providing Industries,51 - 75%,0,Yes,Upskilling,50 - 99,50 - 99,Voluntary,1,10 - 49 hours,2 - 6 months,Yes,< $500,0,100,Not Selected,Selected,Not Selected,Selected,Not Selected,Not Selected,Selected,Not Selected,Not Selected,Selected,Selected,30,8,0,1,1,Cluster 1
Information,4,1000-2499,California,Pacific,North America,1,1,1,0,0,0,1,0,1,0,2,1,1,Information,Information,Service-Providing Industries,51 - 75%,1,Yes,Reskilling,500 - 999,1000 - 9999,Mandatory,0,50 - 99 hours,2 - 6 months,Yes,"$1,001 - $5,000",20,25,Selected,Not Selected,Not Selected,Selected,Not Selected,Selected,Selected,Selected,Not Selected,Not Selected,Selected,69,65,1,0,1,Cluster 2
Retail Trade,6,2500>9999,Connecticut,New England,North America,1,0,0,0,0,0,0,0,0,0,0,0,3,Retail Trade,"Trade, Transportation, and Utilities",Service-Providing Industries,51 - 75%,1,No,Upskilling,1000 - 9999,1000 - 9999,Voluntary,1,10 - 49 hours,2 - 6 months,Yes,< $500,10,30,Not Selected,Selected,Not Selected,Not Selected,Not Selected,Not Selected,Not Selected,Selected,Not Selected,Not Selected,Selected,46,58,0,1,1,Cluster 1
Health Care and Social Assistance,4,1000-2499,Pennsylvania,Middle Atlantic,North America,1,0,0,0,0,0,0,0,0,0,0,0,5,Health Care and Social Assistance,Education and Health Services,Service-Providing Industries,0%,0,Yes,Upskilling,100 - 499,1000 - 9999,Mandatory,1,10 - 49 hours,2 - 6 months,Yes,< $500,0,100,Not Selected,Selected,Not Selected,Selected,Not Selected,Not Selected,Not Selected,Not Selected,Not Selected,Not Selected,Not Selected,79,100,1,0,0,Cluster 2
"Professional, Scientific, and Technical Services",2,100-999,New Hampshire,New England,North America,1,0,0,0,0,0,0,0,0,0,0,0,5,"Professional, Scientific, and Technical Services",Professional and Business Services,Service-Providing Industries,0%,0,No,Upskilling,Fewer than 50,Fewer than 50,Voluntary,1,< 10 hours,2 - 6 months,No,"$501 - $1,000",0,100,Not Selected,Selected,Selected,Not Selected,Not Selected,Not Selected,Not Selected,Not Selected,Not Selected,Selected,Not Selected,20,30,0,0,0,Cluster 1
Educational Services,5,2500>9999,New York,Middle Atlantic,North America,1,0,0,0,0,0,0,0,0,0,0,1,1,Educational Services,Education and Health Services,Service-Providing Industries,26 - 50%,1,No,Upskilling,1000 - 9999,10000 - 49999,Mandatory,1,100 - 199 hours,2 - 6 months,Yes,"$1,001 - $5,000",0,70,Not Selected,Selected,Not Selected,Selected,Not Selected,Selected,Not Selected,Not Selected,Selected,Not Selected,Not Selected,56,83,0,1,0,Cluster 2
"Professional, Scientific, and Technical Services",6,2500>9999,California,Pacific,North America,1,0,0,0,0,0,0,0,0,0,0,1,4,"Professional, Scientific, and Technical Services",Professional and Business Services,Service-Providing Industries,26 - 50%,0,Yes,Upskilling,100 - 499,100 - 499,Mandatory,0,100 - 199 hours,7 - 12 months,Yes,"$1,001 - $5,000",,,Not Selected,Selected,Not Selected,Not Selected,Not Selected,Selected,Selected,Not Selected,Not Selected,Not Selected,Selected,62,67,0,1,0,Cluster 2
Manufacturing,4,1000-2499,Indiana,East North Central,North America,1,1,1,0,0,0,1,1,0,0,2,1,2,Manufacturing,Manufacturing,Goods-Producing Industries,26 - 50%,0,Yes,Upskilling,50 - 99,500 - 999,Voluntary,0,10 - 49 hours,2 - 6 months,No,"$501 - $1,000",20,20,Not Selected,Not Selected,Not Selected,Not Selected,Not Selected,Not Selected,Selected,Selected,Not Selected,Not Selected,Not Selected,55,57,1,0,0,Cluster 1
Retail Trade,9,>10k,Washington,Pacific,North America,1,1,1,0,1,1,1,1,1,0,5,1,1,Retail Trade,"Trade, Transportation, and Utilities",Service-Providing Industries,1 - 25%,1,No,Upskilling,500 - 999,1000 - 9999,Voluntary,1,50 - 99 hours,7 - 12 months,Yes,< $500,0,100,Not Selected,Selected,Not Selected,Not Selected,Selected,Not Selected,Selected,Not Selected,Not Selected,Not Selected,Selected,40,66,0,1,0,Cluster 1
"Professional, Scientific, and Technical Services",6,2500>9999,California,Pacific,North America,1,0,0,0,0,0,0,0,0,0,0,0,4,"Professional, Scientific, and Technical Services",Professional and Business Services,Service-Providing Industries,51 - 75%,0,Yes,Upskilling,500 - 999,500 - 999,Mandatory,0,100 - 199 hours,7 - 12 months,Yes,"$501 - $1,000",,,Not Selected,Selected,Not Selected,Not Selected,Selected,Not Selected,Selected,Not Selected,Not Selected,Selected,Not Selected,57,65,0,1,1,Cluster 2
Manufacturing,4,1000-2499,New York,Middle Atlantic,North America,1,1,1,0,1,1,1,1,0,0,4,1,5,Manufacturing,Manufacturing,Goods-Producing Industries,76 - 100%,0,Yes,Reskilling,1000 - 9999,1000 - 9999,Mandatory,1,100 - 199 hours,2 - 6 months,Yes,"$5,001 - $10,000",20,30,Selected,Not Selected,Not Selected,Selected,Not Selected,Selected,Selected,Selected,Selected,Not Selected,Selected,42,76,1,0,1,Cluster 2
Transportation and Warehousing,6,2500>9999,Georgia,South Atlantic,North America,1,0,0,0,0,0,0,0,0,0,0,0,5,Transportation and Warehousing,"Trade, Transportation, and Utilities",Service-Providing Industries,0%,0,No,Upskilling,500 - 999,1000 - 9999,Mandatory,1,10 - 49 hours,2 - 6 months,Yes,"$501 - $1,000",0,100,Not Selected,Selected,Not Selected,Not Selected,Selected,Selected,Selected,Not Selected,Not Selected,Not Selected,Not Selected,45,60,0,1,0,Cluster 1
Manufacturing,4,1000-2499,New York,Middle Atlantic,North America,1,1,1,0,0,0,1,1,1,0,3,1,5,Manufacturing,Manufacturing,Goods-Producing Industries,51 - 75%,0,Yes,Reskilling,1000 - 9999,1000 - 9999,Mandatory,1,100 - 199 hours,2 - 6 months,Yes,"$5,001 - $10,000",20,15,Selected,Not Selected,Not Selected,Selected,Not Selected,Selected,Selected,Selected,Not Selected,Not Selected,Not Selected,52,77,1,0,1,Cluster 2
Construction,2,100-999,Florida,South Atlantic,North America,1,0,0,0,0,0,0,0,0,0,0,0,1,Construction,Construction,Goods-Producing Industries,26 - 50%,0,No,Reskilling,Fewer than 50,50 - 99,Voluntary,1,100 - 199 hours,2 - 6 months,Yes,"$501 - $1,000",0,100,Not Selected,Selected,Not Selected,Not Selected,Selected,Selected,Selected,Not Selected,Not Selected,Not Selected,Not Selected,21,15,0,0,0,Cluster 1
Accommodation and Food Services,2,100-999,Florida,South Atlantic,North America,1,0,0,0,0,0,0,0,0,0,0,0,3,Accommodation and Food Services,Leisure and Hospitality,Service-Providing Industries,0%,0,Yes,Upskilling,50 - 99,100 - 499,Mandatory,1,50 - 99 hours,2 - 6 months,No,< $500,0,100,Not Selected,Selected,Not Selected,Not Selected,Not Selected,Not Selected,Not Selected,Not Selected,Not Selected,Not Selected,Selected,40,50,0,0,0,Cluster 1
Retail Trade,6,2500>9999,California,Pacific,North America,1,1,1,0,1,0,1,1,1,0,4,1,1,Retail Trade,"Trade, Transportation, and Utilities",Service-Providing Industries,0%,1,No,Upskilling,500 - 999,1000 - 9999,Voluntary,1,100 - 199 hours, > 12 months,Yes,"$501 - $1,000",20,80,Not Selected,Selected,Not Selected,Selected,Not Selected,Not Selected,Selected,Selected,Not Selected,Not Selected,Selected,22,45,0,1,0,Cluster 1
"Arts, Entertainment, and Recreation",2,100-999,New York,Middle Atlantic,North America,1,0,0,0,0,0,0,0,0,0,0,0,3,"Arts, Entertainment, and Recreation",Leisure and Hospitality,Service-Providing Industries,0%,0,No,Upskilling,Fewer than 50,50 - 99,Voluntary,1,10 - 49 hours,< 1 month,Yes,< $500,0,100,Selected,Selected,Selected,Selected,Selected,Selected,Not Selected,Selected,Not Selected,Not Selected,Selected,72,68,0,0,0,Cluster 1
Retail Trade,3,100-999,California,Pacific,North America,1,1,1,0,0,0,0,1,0,0,1,1,1,Retail Trade,"Trade, Transportation, and Utilities",Service-Providing Industries,0%,0,No,Upskilling,50 - 99,100 - 499,Mandatory,1,< 10 hours,2 - 6 months,Yes,"$1,001 - $5,000",0,60,Not Selected,Selected,Not Selected,Not Selected,Not Selected,Selected,Selected,Selected,Not Selected,Not Selected,Not Selected,53,46,0,0,0,Cluster 2
Educational Services,3,100-999,Texas,West South Central,North America,1,0,0,0,0,0,0,0,0,0,0,0,1,Educational Services,Education and Health Services,Service-Providing Industries,0%,1,No,Upskilling,100 - 499,500 - 999,Voluntary,0,200 - 499 hours,7 - 12 months,No,"$501 - $1,000",0,80,Not Selected,Not Selected,Not Selected,Selected,Not Selected,Not Selected,Not Selected,Not Selected,Not Selected,Not Selected,Not Selected,47,65,0,0,0,Cluster 2
Health Care and Social Assistance,3,100-999,Florida,South Atlantic,North America,1,0,0,0,0,0,0,0,0,0,0,0,6,Health Care and Social Assistance,Education and Health Services,Service-Providing Industries,1 - 25%,0,No,Upskilling,100 - 499,500 - 999,Voluntary,1,10 - 49 hours,2 - 6 months,Yes,"$1,001 - $5,000",70,30,Selected,Selected,Not Selected,Selected,Not Selected,Selected,Not Selected,Not Selected,Not Selected,Not Selected,Not Selected,71,83,0,0,0,Cluster 2
Health Care and Social Assistance,3,100-999,North Carolina,South Atlantic,North America,1,0,0,0,0,0,0,0,0,0,0,0,5,Health Care and Social Assistance,Education and Health Services,Service-Providing Industries,0%,0,No,Upskilling,100 - 499,100 - 499,Mandatory,0,100 - 199 hours,2 - 6 months,No,< $500,0,100,Not Selected,Selected,Not Selected,Not Selected,Not Selected,Selected,Selected,Not Selected,Not Selected,Not Selected,Selected,30,50,0,0,0,Cluster 1
Management of Companies and Enterprises,2,100-999,Texas,West South Central,North America,1,0,0,0,0,0,0,0,0,0,0,0,3,Management of Companies and Enterprises,Professional and Business Services,Service-Providing Industries,1 - 25%,1,No,Reskilling,Fewer than 50,Fewer than 50,Mandatory,1,100 - 199 hours, > 12 months,Yes,"$1,001 - $5,000",0,50,Not Selected,Selected,Not Selected,Selected,Selected,Selected,Not Selected,Selected,Not Selected,Selected,Selected,12,49,0,0,0,Cluster 2
Construction,4,1000-2499,New York,Middle Atlantic,North America,1,0,0,0,0,0,0,0,0,0,0,0,1,Construction,Construction,Goods-Producing Industries,76 - 100%,1,Yes,Upskilling,500 - 999,500 - 999,Voluntary,1,50 - 99 hours,2 - 6 months,Yes,< $500,15,75,Not Selected,Selected,Not Selected,Not Selected,Selected,Not Selected,Selected,Selected,Not Selected,Not Selected,Selected,70,70,1,0,1,Cluster 1
"Agriculture, Forestry, Fishing and Hunting",3,100-999,California,Pacific,North America,1,0,0,0,0,0,0,0,0,0,0,1,1,"Agriculture, Forestry, Fishing and Hunting",Natural Resources and Mining,Goods-Producing Industries,1 - 25%,0,Yes,Upskilling,50 - 99,100 - 499,Voluntary,0,50 - 99 hours,7 - 12 months,Yes,"$1,001 - $5,000",20,40,Not Selected,Selected,Not Selected,Not Selected,Not Selected,Selected,Not Selected,Not Selected,Selected,Not Selected,Not Selected,46,48,0,0,0,Cluster 1
Information,4,1000-2499,New York,Middle Atlantic,North America,1,1,1,0,0,0,1,0,1,0,2,1,5,Information,Information,Service-Providing Industries,26 - 50%,1,No,Upskilling,500 - 999,1000 - 9999,Mandatory,0,50 - 99 hours,7 - 12 months,Yes,"$1,001 - $5,000",0,100,Not Selected,Selected,Not Selected,Not Selected,Not Selected,Selected,Selected,Selected,Not Selected,Not Selected,Selected,100,100,1,0,0,Cluster 2
Retail Trade,2,100-999,Pennsylvania,Middle Atlantic,North America,1,0,0,0,0,0,0,0,0,0,0,0,2,Retail Trade,"Trade, Transportation, and Utilities",Service-Providing Industries,1 - 25%,0,No,Upskilling,50 - 99,50 - 99,Voluntary,1,10 - 49 hours,7 - 12 months,Yes,"$1,001 - $5,000",0,100,Not Selected,Selected,Not Selected,Not Selected,Selected,Not Selected,Not Selected,Not Selected,Not Selected,Not Selected,Not Selected,50,49,0,0,0,Cluster 1
Finance and Insurance,3,100-999,New York,Middle Atlantic,North America,1,0,0,0,0,0,0,0,0,0,0,0,1,Finance and Insurance,Financial Activities,Service-Providing Industries,1 - 25%,0,Yes,Upskilling,100 - 499,Fewer than 50,Voluntary,0,100 - 199 hours,7 - 12 months,Yes,< $500,10,90,Not Selected,Not Selected,Not Selected,Selected,Not Selected,Selected,Not Selected,Selected,Not Selected,Not Selected,Not Selected,70,15,0,0,0,Cluster 2
Wholesale Trade,3,100-999,Pennsylvania,Middle Atlantic,North America,1,1,1,0,0,0,1,0,0,0,1,1,1,Wholesale Trade,"Trade, Transportation, and Utilities",Service-Providing Industries,26 - 50%,1,Yes,Upskilling,100 - 499,500 - 999,Mandatory,1,100 - 199 hours,2 - 6 months,Yes,< $500,25,25,Not Selected,Selected,Not Selected,Selected,Selected,Not Selected,Selected,Selected,Not Selected,Not Selected,Selected,50,75,0,0,0,Cluster 2
"Mining, Quarrying, and Oil and Gas Extraction",4,1000-2499,California,Pacific,North America,1,0,0,0,0,0,0,0,0,0,0,0,4,"Mining, Quarrying, and Oil and Gas Extraction",Natural Resources and Mining,Goods-Producing Industries,1 - 25%,0,No,Upskilling,50 - 99,100 - 499,Mandatory,1,10 - 49 hours,< 1 month,No,"$501 - $1,000",10,10,Not Selected,Not Selected,Selected,Not Selected,Selected,Not Selected,Not Selected,Selected,Not Selected,Not Selected,Not Selected,50,52,1,0,0,Cluster 1
"Professional, Scientific, and Technical Services",2,100-999,Tennessee,East South Central,North America,1,1,1,0,1,1,1,1,1,1,6,1,3,"Professional, Scientific, and Technical Services",Professional and Business Services,Service-Providing Industries,76 - 100%,0,Yes,Reskilling,500 - 999,100 - 499,Mandatory,1,10 - 49 hours,2 - 6 months,Yes,"$5,001 - $10,000",25,25,Not Selected,Not Selected,Not Selected,Not Selected,Not Selected,Not Selected,Selected,Selected,Selected,Not Selected,Not Selected,48,54,0,0,1,Cluster 1
Administrative and Support and Waste Management and Remediation Services,3,100-999,Virginia,South Atlantic,North America,1,0,0,0,0,0,0,0,0,0,0,0,5,Administrative and Support and Waste Management and Remediation Services,Professional and Business Services,Service-Providing Industries,0%,0,Yes,Upskilling,50 - 99,100 - 499,Voluntary,1,50 - 99 hours,2 - 6 months,Yes,"$501 - $1,000",40,60,Not Selected,Selected,Not Selected,Not Selected,Not Selected,Selected,Selected,Selected,Selected,Not Selected,Not Selected,30,25,0,0,0,Cluster 1
Manufacturing,2,100-999,Tennessee,East South Central,North America,1,0,0,0,0,0,0,0,0,0,0,0,1,Manufacturing,Manufacturing,Goods-Producing Industries,1 - 25%,0,No,Upskilling,50 - 99,100 - 499,Mandatory,0,10 - 49 hours,2 - 6 months,Yes,< $500,0,100,Not Selected,Selected,Not Selected,Not Selected,Not Selected,Not Selected,Not Selected,Selected,Not Selected,Not Selected,Selected,20,44,0,0,0,Cluster 1
Other Services (except Public Administration),10,>10k,District of Columbia,South Atlantic,North America,1,0,0,0,0,0,0,0,0,0,0,1,3,Other Services (except Public Administration),Public Administration and other Services,Service-Providing Industries,1 - 25%,0,I don't know,Upskilling,100000 or more,100000 or more,Mandatory,1,> 500 hours,2 - 6 months,Yes,"> $10,000",10,55,Not Selected,Selected,Not Selected,Not Selected,Not Selected,Selected,Selected,Not Selected,Not Selected,Selected,Not Selected,71,100,0,1,0,Cluster 2
Transportation and Warehousing,2,100-999,Pennsylvania,Middle Atlantic,North America,1,1,1,0,0,0,1,1,1,0,3,1,1,Transportation and Warehousing,"Trade, Transportation, and Utilities",Service-Providing Industries,51 - 75%,0,No,Reskilling,Fewer than 50,Fewer than 50,Mandatory,0,< 10 hours,< 1 month,Yes,"$1,001 - $5,000",10,40,Not Selected,Selected,Not Selected,Selected,Selected,Not Selected,Selected,Selected,Not Selected,Not Selected,Selected,79,65,0,0,1,Cluster 2
Retail Trade,10,>10k,Georgia,South Atlantic,North America,1,1,1,0,1,0,1,0,0,0,2,1,3,Retail Trade,"Trade, Transportation, and Utilities",Service-Providing Industries,26 - 50%,0,Yes,Upskilling,100 - 499,500 - 999,Voluntary,1,50 - 99 hours,2 - 6 months,Yes,"$5,001 - $10,000",30,50,Not Selected,Selected,Not Selected,Selected,Not Selected,Not Selected,Selected,Selected,Not Selected,Selected,Selected,53,61,0,1,0,Cluster 1
Information,5,2500>9999,Texas,West South Central,North America,1,0,0,0,0,0,0,0,0,0,0,0,1,Information,Information,Service-Providing Industries,0%,0,No,Upskilling,100 - 499,500 - 999,Mandatory,1,100 - 199 hours,2 - 6 months,Yes,"$501 - $1,000",0,75,Not Selected,Selected,Not Selected,Not Selected,Not Selected,Selected,Not Selected,Not Selected,Selected,Not Selected,Not Selected,37,37,0,1,0,Cluster 1
Construction,2,100-999,Nevada,Mountain,North America,1,0,0,0,0,0,0,0,0,0,0,0,3,Construction,Construction,Goods-Producing Industries,0%,0,No,Upskilling,100 - 499,100 - 499,Mandatory,0,100 - 199 hours,7 - 12 months,Yes,"$501 - $1,000",0,100,Not Selected,Selected,Not Selected,Not Selected,Selected,Selected,Selected,Not Selected,Not Selected,Not Selected,Selected,64,77,0,0,0,Cluster 2
Manufacturing,4,1000-2499,Texas,West South Central,North America,1,0,0,0,0,0,0,0,0,0,0,1,5,Manufacturing,Manufacturing,Goods-Producing Industries,1 - 25%,1,Yes,Upskilling,500 - 999,100 - 499,Mandatory,1,10 - 49 hours, > 12 months,Yes,"$1,001 - $5,000",0,100,Not Selected,Not Selected,Not Selected,Not Selected,Not Selected,Selected,Selected,Not Selected,Not Selected,Not Selected,Not Selected,71,35,1,0,0,Cluster 1
Retail Trade,4,1000-2499,Florida,South Atlantic,North America,1,0,0,0,0,0,0,0,0,0,0,0,2,Retail Trade,"Trade, Transportation, and Utilities",Service-Providing Industries,1 - 25%,0,Yes,Upskilling,100 - 499,100 - 499,Voluntary,1,10 - 49 hours,2 - 6 months,Yes,"$501 - $1,000",50,50,Not Selected,Selected,Not Selected,Not Selected,Not Selected,Selected,Not Selected,Not Selected,Not Selected,Not Selected,Selected,20,20,1,0,0,Cluster 1
Real Estate and Rental and Leasing,2,100-999,West Virginia,South Atlantic,North America,1,0,0,0,0,0,0,0,0,0,0,0,3,Real Estate and Rental and Leasing,Financial Activities,Service-Providing Industries,0%,0,Yes,Upskilling,50 - 99,100 - 499,Voluntary,1,100 - 199 hours,7 - 12 months,Yes,< $500,0,100,Not Selected,Selected,Not Selected,Not Selected,Not Selected,Selected,Selected,Not Selected,Not Selected,Not Selected,Selected,40,30,0,0,0,Cluster 1
Accommodation and Food Services,10,>10k,District of Columbia,South Atlantic,Europe,0,1,0,1,0,0,1,1,1,0,3,0,5,Accommodation and Food Services,Leisure and Hospitality,Service-Providing Industries,1 - 25%,0,No,Upskilling,500 - 999,1000 - 9999,Mandatory,1,< 10 hours,2 - 6 months,Yes,< $500,0,100,Not Selected,Selected,Not Selected,Not Selected,Selected,Not Selected,Selected,Not Selected,Not Selected,Not Selected,Selected,21,21,0,1,0,Cluster 1
Transportation and Warehousing,7,>10k,Pennsylvania,Middle Atlantic,North America,1,1,1,0,0,1,0,1,0,0,2,1,3,Transportation and Warehousing,"Trade, Transportation, and Utilities",Service-Providing Industries,26 - 50%,1,Yes,Reskilling,500 - 999,1000 - 9999,Voluntary,0,100 - 199 hours,< 1 month,No,"$5,001 - $10,000",20,15,Selected,Not Selected,Not Selected,Selected,Not Selected,Selected,Not Selected,Not Selected,Selected,Not Selected,Not Selected,64,62,0,1,0,Cluster 2
Retail Trade,6,2500>9999,Colorado,Mountain,North America,1,0,0,0,0,0,0,0,0,0,0,0,4,Retail Trade,"Trade, Transportation, and Utilities",Service-Providing Industries,51 - 75%,1,Yes,Reskilling,500 - 999,500 - 999,Mandatory,0,100 - 199 hours,2 - 6 months,No,"$5,001 - $10,000",25,15,Not Selected,Not Selected,Not Selected,Selected,Not Selected,Selected,Not Selected,Not Selected,Not Selected,Not Selected,Not Selected,47,58,0,1,1,Cluster 2
Transportation and Warehousing,9,>10k,Missouri,West North Central,North America,1,0,0,0,0,0,0,0,0,0,0,0,3,Transportation and Warehousing,"Trade, Transportation, and Utilities",Service-Providing Industries,51 - 75%,1,Yes,Reskilling,1000 - 9999,50000 - 99999,Mandatory,1,100 - 199 hours,2 - 6 months,Yes,"$5,001 - $10,000",35,15,Selected,Not Selected,Not Selected,Selected,Not Selected,Selected,Selected,Selected,Selected,Selected,Not Selected,55,90,0,1,1,Cluster 2
Transportation and Warehousing,6,2500>9999,Arizona,Mountain,North America,1,0,0,0,0,0,0,0,0,0,0,0,3,Transportation and Warehousing,"Trade, Transportation, and Utilities",Service-Providing Industries,51 - 75%,0,No,Upskilling,500 - 999,500 - 999,Mandatory,0,100 - 199 hours,7 - 12 months,No,"$5,001 - $10,000",50,50,Not Selected,Not Selected,Not Selected,Selected,Not Selected,Selected,Not Selected,Not Selected,Not Selected,Not Selected,Not Selected,63,80,0,1,1,Cluster 2
Real Estate and Rental and Leasing,5,2500>9999,North Carolina,South Atlantic,North America,1,0,0,0,0,0,0,0,0,0,0,0,3,Real Estate and Rental and Leasing,Financial Activities,Service-Providing Industries,0%,1,Yes,Upskilling,100 - 499,500 - 999,Mandatory,0,200 - 499 hours,7 - 12 months,Yes,"$1,001 - $5,000",75,25,Not Selected,Selected,Not Selected,Not Selected,Not Selected,Not Selected,Not Selected,Selected,Not Selected,Not Selected,Selected,46,53,0,1,0,Cluster 2
Construction,9,>10k,Tennessee,East South Central,North America,1,0,0,0,0,0,0,0,0,0,0,0,3,Construction,Construction,Goods-Producing Industries,51 - 75%,0,Yes,Reskilling,1000 - 9999,10000 - 49999,Mandatory,1,100 - 199 hours,2 - 6 months,No,"$1,001 - $5,000",45,15,Selected,Not Selected,Not Selected,Selected,Selected,Selected,Selected,Selected,Not Selected,Not Selected,Not Selected,57,93,0,1,1,Cluster 2
Accommodation and Food Services,5,2500>9999,Florida,South Atlantic,North America,1,0,0,0,0,0,0,0,0,0,0,0,6,Accommodation and Food Services,Leisure and Hospitality,Service-Providing Industries,26 - 50%,0,Yes,Reskilling,1000 - 9999,1000 - 9999,Voluntary,0,10 - 49 hours,2 - 6 months,Yes,"$1,001 - $5,000",,,Not Selected,Not Selected,Not Selected,Not Selected,Selected,Not Selected,Not Selected,Not Selected,Not Selected,Not Selected,Selected,85,100,0,1,0,Cluster 1
Finance and Insurance,2,100-999,Pennsylvania,Middle Atlantic,North America,1,0,0,0,0,0,0,0,0,0,0,1,1,Finance and Insurance,Financial Activities,Service-Providing Industries,1 - 25%,1,No,Upskilling,50 - 99,100 - 499,Voluntary,0,100 - 199 hours,2 - 6 months,No,"$1,001 - $5,000",0,35,Selected,Selected,Not Selected,Not Selected,Not Selected,Not Selected,Not Selected,Selected,Not Selected,Not Selected,Selected,69,63,0,0,0,Cluster 2
Information,5,2500>9999,New York,Middle Atlantic,North America,1,0,0,0,0,0,0,0,0,0,0,0,5,Information,Information,Service-Providing Industries,1 - 25%,1,Yes,Upskilling,500 - 999,500 - 999,Mandatory,0,100 - 199 hours,2 - 6 months,Yes,< $500,50,0,Not Selected,Selected,Not Selected,Not Selected,Not Selected,Not Selected,Selected,Selected,Not Selected,Not Selected,Not Selected,30,30,0,1,0,Cluster 2
Accommodation and Food Services,7,>10k,California,Pacific,North America,1,0,0,0,0,0,0,0,0,0,0,0,3,Accommodation and Food Services,Leisure and Hospitality,Service-Providing Industries,76 - 100%,0,No,Upskilling,1000 - 9999,1000 - 9999,Mandatory,0,100 - 199 hours,2 - 6 months,No,"$1,001 - $5,000",30,20,Not Selected,Selected,Not Selected,Selected,Not Selected,Selected,Not Selected,Not Selected,Not Selected,Not Selected,Not Selected,91,83,0,1,1,Cluster 2
Retail Trade,10,>10k,Pennsylvania,Middle Atlantic,North America,1,1,1,0,0,0,1,0,0,0,1,1,4,Retail Trade,"Trade, Transportation, and Utilities",Service-Providing Industries,26 - 50%,1,Yes,Upskilling,100000 or more,1000 - 9999,Mandatory,1,> 500 hours,2 - 6 months,Yes,"> $10,000",12,18,Not Selected,Not Selected,Not Selected,Selected,Selected,Not Selected,Not Selected,Not Selected,Not Selected,Not Selected,Not Selected,43,81,0,1,0,Cluster 2
Finance and Insurance,2,100-999,Missouri,West North Central,North America,1,1,1,0,0,0,0,1,0,0,1,1,3,Finance and Insurance,Financial Activities,Service-Providing Industries,26 - 50%,1,Yes,Upskilling,50 - 99,100 - 499,Mandatory,0,10 - 49 hours,2 - 6 months,Yes,"$501 - $1,000",30,25,Not Selected,Not Selected,Not Selected,Not Selected,Not Selected,Selected,Not Selected,Not Selected,Not Selected,Not Selected,Not Selected,76,82,0,0,0,Cluster 2
Other Services (except Public Administration),2,100-999,Texas,West South Central,North America,1,0,0,0,0,0,0,0,0,0,0,0,2,Other Services (except Public Administration),Public Administration and other Services,Service-Providing Industries,1 - 25%,0,No,Upskilling,Fewer than 50,Fewer than 50,Voluntary,0,100 - 199 hours,2 - 6 months,Yes,"$501 - $1,000",0,100,Not Selected,Not Selected,Not Selected,Not Selected,Selected,Not Selected,Selected,Not Selected,Not Selected,Selected,Not Selected,60,41,0,0,0,Cluster 1
Real Estate and Rental and Leasing,3,100-999,Tennessee,East South Central,North America,1,0,0,0,0,0,0,0,0,0,0,0,1,Real Estate and Rental and Leasing,Financial Activities,Service-Providing Industries,0%,1,No,Reskilling,Fewer than 50,50 - 99,Voluntary,1,100 - 199 hours,7 - 12 months,Yes,"$1,001 - $5,000",0,100,Not Selected,Not Selected,Not Selected,Not Selected,Not Selected,Not Selected,Not Selected,Not Selected,Not Selected,Selected,Not Selected,35,51,0,0,0,Cluster 1
Management of Companies and Enterprises,6,2500>9999,Illinois,East North Central,North America,1,0,0,0,0,0,0,0,0,0,0,1,3,Management of Companies and Enterprises,Professional and Business Services,Service-Providing Industries,26 - 50%,0,Yes,Upskilling,1000 - 9999,100 - 499,Voluntary,1,50 - 99 hours,2 - 6 months,Yes,"$501 - $1,000",20,40,Not Selected,Not Selected,Not Selected,Selected,Selected,Not Selected,Not Selected,Not Selected,Not Selected,Not Selected,Not Selected,38,42,0,1,0,Cluster 1
Utilities,6,2500>9999,New York,Middle Atlantic,North America,1,1,1,0,0,0,1,0,0,0,1,1,2,Utilities,"Trade, Transportation, and Utilities",Goods-Producing Industries,51 - 75%,0,No,Reskilling,10000 - 49999,1000 - 9999,Mandatory,0,200 - 499 hours,2 - 6 months,No,"$1,001 - $5,000",30,20,Not Selected,Not Selected,Not Selected,Selected,Not Selected,Selected,Not Selected,Not Selected,Not Selected,Not Selected,Not Selected,73,81,0,1,1,Cluster 2
Accommodation and Food Services,2,100-999,Georgia,South Atlantic,North America,1,0,0,0,0,0,0,0,0,0,0,0,3,Accommodation and Food Services,Leisure and Hospitality,Service-Providing Industries,0%,0,I don't know,Reskilling,50 - 99,100 - 499,Mandatory,0,10 - 49 hours,2 - 6 months,Yes,< $500,0,25,Not Selected,Selected,Not Selected,Not Selected,Not Selected,Not Selected,Selected,Not Selected,Not Selected,Not Selected,Selected,75,78,0,0,0,Cluster 1
Other Services (except Public Administration),3,100-999,Michigan,East North Central,North America,1,0,0,0,0,0,0,0,0,0,0,0,3,Other Services (except Public Administration),Public Administration and other Services,Service-Providing Industries,1 - 25%,0,No,Upskilling,100 - 499,50 - 99,Mandatory,1,50 - 99 hours,2 - 6 months,Yes,"$501 - $1,000",0,20,Not Selected,Selected,Not Selected,Not Selected,Selected,Not Selected,Not Selected,Not Selected,Not Selected,Not Selected,Selected,100,50,0,0,0,Cluster 1
Information,3,100-999,Massachusetts,New England,North America,1,0,0,0,0,0,0,0,0,0,0,0,3,Information,Information,Service-Providing Industries,0%,0,Yes,Reskilling,50 - 99,Fewer than 50,Voluntary,1,100 - 199 hours,7 - 12 months,No,"$501 - $1,000",10,50,Not Selected,Not Selected,Not Selected,Selected,Selected,Not Selected,Not Selected,Not Selected,Not Selected,Not Selected,Selected,45,54,0,0,0,Cluster 1
Finance and Insurance,6,2500>9999,Washington,Pacific,North America,1,1,1,0,1,1,1,0,0,0,3,1,3,Finance and Insurance,Financial Activities,Service-Providing Industries,51 - 75%,1,Yes,Reskilling,500 - 999,1000 - 9999,Mandatory,0,200 - 499 hours,2 - 6 months,Yes,"$1,001 - $5,000",15,25,Selected,Not Selected,Not Selected,Selected,Selected,Selected,Not Selected,Not Selected,Not Selected,Not Selected,Not Selected,73,93,0,1,1,Cluster 2
Information,6,2500>9999,Ohio,East North Central,North America,1,1,1,0,0,0,1,0,0,0,1,1,3,Information,Information,Service-Providing Industries,26 - 50%,0,No,Reskilling,10000 - 49999,1000 - 9999,Mandatory,0,200 - 499 hours,2 - 6 months,No,"$5,001 - $10,000",30,20,Not Selected,Not Selected,Selected,Selected,Not Selected,Selected,Not Selected,Not Selected,Not Selected,Not Selected,Not Selected,83,87,0,1,0,Cluster 2
Information,2,100-999,Colorado,Mountain,North America,1,1,1,0,0,0,0,0,1,0,1,1,4,Information,Information,Service-Providing Industries,0%,0,No,Upskilling,Fewer than 50,50 - 99,Voluntary,1,10 - 49 hours,2 - 6 months,Yes,"$501 - $1,000",0,100,Not Selected,Selected,Not Selected,Not Selected,Not Selected,Not Selected,Selected,Not Selected,Selected,Not Selected,Not Selected,30,40,0,0,0,Cluster 1
Finance and Insurance,5,2500>9999,Georgia,South Atlantic,North America,1,0,0,0,0,0,0,0,0,0,0,0,3,Finance and Insurance,Financial Activities,Service-Providing Industries,26 - 50%,0,No,Reskilling,500 - 999,500 - 999,Mandatory,0,100 - 199 hours,2 - 6 months,Yes,"$5,001 - $10,000",30,15,Not Selected,Not Selected,Not Selected,Selected,Selected,Not Selected,Not Selected,Selected,Selected,Not Selected,Not Selected,56,52,0,1,0,Cluster 2
Finance and Insurance,6,2500>9999,Georgia,South Atlantic,North America,1,1,1,0,0,0,1,0,0,0,1,1,3,Finance and Insurance,Financial Activities,Service-Providing Industries,26 - 50%,0,No,Upskilling,10000 - 49999,500 - 999,Voluntary,0,100 - 199 hours,2 - 6 months,No,"$1,001 - $5,000",30,20,Selected,Not Selected,Selected,Not Selected,Not Selected,Not Selected,Not Selected,Not Selected,Not Selected,Not Selected,Not Selected,84,81,0,1,0,Cluster 2
Construction,2,100-999,Tennessee,East South Central,North America,1,0,0,0,0,0,0,0,0,0,0,0,1,Construction,Construction,Goods-Producing Industries,0%,0,No,Reskilling,50 - 99,100 - 499,Mandatory,1,10 - 49 hours,2 - 6 months,Yes,< $500,20,30,Not Selected,Not Selected,Not Selected,Selected,Not Selected,Selected,Not Selected,Not Selected,Not Selected,Not Selected,Not Selected,62,65,0,0,0,Cluster 1
Real Estate and Rental and Leasing,6,2500>9999,California,Pacific,North America,1,0,0,0,0,0,0,0,0,0,0,0,4,Real Estate and Rental and Leasing,Financial Activities,Service-Providing Industries,51 - 75%,0,No,Upskilling,10000 - 49999,10000 - 49999,Mandatory,0,100 - 199 hours,2 - 6 months,No,"$1,001 - $5,000",20,20,Selected,Not Selected,Not Selected,Selected,Selected,Not Selected,Not Selected,Not Selected,Not Selected,Not Selected,Not Selected,83,79,0,1,1,Cluster 2
Manufacturing,2,100-999,Maryland,South Atlantic,North America,1,0,0,0,0,0,0,0,0,0,0,1,1,Manufacturing,Manufacturing,Goods-Producing Industries,26 - 50%,0,No,Upskilling,50 - 99,100 - 499,Voluntary,1,10 - 49 hours,2 - 6 months,Yes,"$1,001 - $5,000",,,Not Selected,Not Selected,Not Selected,Selected,Selected,Not Selected,Not Selected,Selected,Not Selected,Not Selected,Selected,76,89,0,0,0,Cluster 1
Transportation and Warehousing,3,100-999,Florida,South Atlantic,North America,1,0,0,0,0,0,0,0,0,0,0,1,3,Transportation and Warehousing,"Trade, Transportation, and Utilities",Service-Providing Industries,26 - 50%,0,No,Upskilling,100 - 499,100 - 499,Mandatory,0,50 - 99 hours,2 - 6 months,No,"$501 - $1,000",10,30,Not Selected,Not Selected,Not Selected,Not Selected,Not Selected,Not Selected,Selected,Not Selected,Not Selected,Not Selected,Not Selected,61,65,0,0,0,Cluster 1
Management of Companies and Enterprises,2,100-999,Washington,Pacific,North America,1,0,0,0,0,0,0,0,0,0,0,0,1,Management of Companies and Enterprises,Professional and Business Services,Service-Providing Industries,0%,1,No,Upskilling,100 - 499,100 - 499,Voluntary,1,100 - 199 hours,2 - 6 months,Yes,"$501 - $1,000",0,100,Not Selected,Selected,Not Selected,Not Selected,Selected,Selected,Selected,Selected,Selected,Selected,Not Selected,59,95,0,0,0,Cluster 2
Finance and Insurance,6,2500>9999,New York,Middle Atlantic,North America,1,0,0,0,0,0,0,0,0,0,0,0,1,Finance and Insurance,Financial Activities,Service-Providing Industries,1 - 25%,1,No,Upskilling,1000 - 9999,10000 - 49999,Mandatory,1,100 - 199 hours, > 12 months,Yes,"$501 - $1,000",0,100,Not Selected,Selected,Not Selected,Not Selected,Not Selected,Selected,Not Selected,Not Selected,Not Selected,Not Selected,Not Selected,60,50,0,1,0,Cluster 2
Administrative and Support and Waste Management and Remediation Services,4,1000-2499,California,Pacific,North America,1,1,1,0,0,0,1,0,0,0,1,1,3,Administrative and Support and Waste Management and Remediation Services,Professional and Business Services,Service-Providing Industries,26 - 50%,1,Yes,Upskilling,50 - 99,100 - 499,Voluntary,1,50 - 99 hours,2 - 6 months,Yes,"$1,001 - $5,000",0,50,Not Selected,Not Selected,Not Selected,Selected,Not Selected,Selected,Selected,Selected,Not Selected,Not Selected,Not Selected,60,59,1,0,0,Cluster 1
"Professional, Scientific, and Technical Services",3,100-999,Tennessee,East South Central,North America,1,0,0,0,0,0,0,0,0,0,0,1,6,"Professional, Scientific, and Technical Services",Professional and Business Services,Service-Providing Industries,0%,1,No,Upskilling,100 - 499,100 - 499,Voluntary,1,10 - 49 hours,2 - 6 months,Yes,< $500,0,50,Not Selected,Selected,Not Selected,Not Selected,Selected,Not Selected,Selected,Not Selected,Not Selected,Not Selected,Not Selected,67,70,0,0,0,Cluster 1
Manufacturing,3,100-999,Oklahoma,West South Central,North America,1,0,0,0,0,0,0,0,0,0,0,0,1,Manufacturing,Manufacturing,Goods-Producing Industries,51 - 75%,0,No,Upskilling,100 - 499,500 - 999,Mandatory,1,10 - 49 hours,2 - 6 months,Yes,< $500,0,100,Selected,Selected,Selected,Selected,Selected,Selected,Selected,Selected,Selected,Selected,Selected,34,15,0,0,1,Cluster 2
Construction,2,100-999,New York,Middle Atlantic,North America,1,0,0,0,0,0,0,0,0,0,0,0,5,Construction,Construction,Goods-Producing Industries,76 - 100%,0,No,Upskilling,Fewer than 50,50 - 99,Voluntary,1,10 - 49 hours,2 - 6 months,Yes,"$501 - $1,000",0,90,Not Selected,Selected,Not Selected,Not Selected,Not Selected,Selected,Selected,Not Selected,Not Selected,Not Selected,Selected,31,26,0,0,1,Cluster 1
"Professional, Scientific, and Technical Services",2,100-999,Utah,Mountain,North America,1,0,0,0,0,0,0,0,0,0,0,0,2,"Professional, Scientific, and Technical Services",Professional and Business Services,Service-Providing Industries,0%,0,No,Upskilling,50 - 99,50 - 99,Voluntary,1,10 - 49 hours,< 1 month,Yes,"$1,001 - $5,000",0,100,Not Selected,Selected,Selected,Not Selected,Selected,Selected,Not Selected,Not Selected,Not Selected,Not Selected,Selected,100,80,0,0,0,Cluster 1
Information,2,100-999,Florida,South Atlantic,North America,1,0,0,0,0,0,0,0,0,0,0,0,6,Information,Information,Service-Providing Industries,1 - 25%,0,No,Upskilling,Fewer than 50,100 - 499,Mandatory,1,100 - 199 hours,7 - 12 months,Yes,"$1,001 - $5,000",10,15,Not Selected,Selected,Not Selected,Not Selected,Selected,Selected,Not Selected,Selected,Not Selected,Not Selected,Not Selected,46,63,0,0,0,Cluster 1
Information,7,>10k,New York,Middle Atlantic,North America,1,0,0,0,0,0,0,0,0,0,0,0,3,Information,Information,Service-Providing Industries,51 - 75%,0,Yes,Upskilling,1000 - 9999,1000 - 9999,Mandatory,1,100 - 199 hours,7 - 12 months,Yes,"$1,001 - $5,000",25,40,Selected,Selected,Not Selected,Selected,Not Selected,Selected,Not Selected,Not Selected,Not Selected,Not Selected,Not Selected,77,82,0,1,1,Cluster 2
Construction,4,1000-2499,California,Pacific,North America,1,0,0,0,0,0,0,0,0,0,0,1,3,Construction,Construction,Goods-Producing Industries,26 - 50%,0,Yes,Upskilling,100 - 499,100 - 499,Mandatory,0,100 - 199 hours,7 - 12 months,Yes,"$1,001 - $5,000",60,10,Not Selected,Selected,Not Selected,Not Selected,Not Selected,Selected,Selected,Not Selected,Selected,Not Selected,Not Selected,38,58,1,0,0,Cluster 1
Manufacturing,3,100-999,New York,Middle Atlantic,North America,1,0,0,0,0,0,0,0,0,0,0,0,2,Manufacturing,Manufacturing,Goods-Producing Industries,0%,1,Yes,Upskilling,50 - 99,100 - 499,Voluntary,1,50 - 99 hours,2 - 6 months,Yes,"$501 - $1,000",0,100,Not Selected,Selected,Not Selected,Selected,Selected,Not Selected,Selected,Selected,Not Selected,Selected,Selected,34,75,0,0,0,Cluster 1
Manufacturing,6,2500>9999,South Dakota,West North Central,North America,1,1,1,0,0,0,1,0,1,0,2,1,3,Manufacturing,Manufacturing,Goods-Producing Industries,26 - 50%,1,Yes,Upskilling,1000 - 9999,1000 - 9999,Voluntary,0,50 - 99 hours,2 - 6 months,Yes,"$501 - $1,000",30,20,Not Selected,Selected,Not Selected,Selected,Not Selected,Selected,Selected,Not Selected,Not Selected,Not Selected,Not Selected,67,90,0,1,0,Cluster 2
Manufacturing,9,>10k,California,Pacific,North America,1,1,1,0,1,0,0,1,1,0,3,1,1,Manufacturing,Manufacturing,Goods-Producing Industries,26 - 50%,1,Yes,Upskilling,1000 - 9999,1000 - 9999,Voluntary,0,100 - 199 hours,2 - 6 months,Yes,"$1,001 - $5,000",20,20,Not Selected,Selected,Not Selected,Selected,Not Selected,Not Selected,Not Selected,Not Selected,Not Selected,Not Selected,Not Selected,80,87,0,1,0,Cluster 2
Manufacturing,6,2500>9999,New York,Middle Atlantic,North America,1,1,1,0,0,0,1,0,1,0,2,1,3,Manufacturing,Manufacturing,Goods-Producing Industries,26 - 50%,1,Yes,Upskilling,1000 - 9999,1000 - 9999,Voluntary,0,100 - 199 hours,2 - 6 months,Yes,"$1,001 - $5,000",20,20,Not Selected,Selected,Not Selected,Selected,Not Selected,Selected,Not Selected,Not Selected,Not Selected,Not Selected,Not Selected,78,84,0,1,0,Cluster 2
Health Care and Social Assistance,6,2500>9999,Virginia,South Atlantic,North America,1,1,1,0,0,0,1,0,0,0,1,1,1,Health Care and Social Assistance,Education and Health Services,Service-Providing Industries,1 - 25%,1,Yes,Upskilling,100 - 499,100 - 499,Voluntary,0,50 - 99 hours,2 - 6 months,Yes,"$1,001 - $5,000",20,15,Not Selected,Selected,Not Selected,Not Selected,Selected,Not Selected,Selected,Not Selected,Selected,Not Selected,Not Selected,45,50,0,1,0,Cluster 1
Information,6,2500>9999,California,Pacific,Europe,0,1,0,1,0,0,0,1,0,0,1,1,1,Information,Information,Service-Providing Industries,1 - 25%,1,Yes,Upskilling,100 - 499,100 - 499,Mandatory,0,50 - 99 hours,2 - 6 months,Yes,"$1,001 - $5,000",10,20,Selected,Not Selected,Not Selected,Selected,Not Selected,Not Selected,Not Selected,Not Selected,Not Selected,Not Selected,Not Selected,41,55,0,1,0,Cluster 2
Manufacturing,6,2500>9999,Texas,West South Central,North America,1,0,0,0,0,0,0,0,0,0,0,1,3,Manufacturing,Manufacturing,Goods-Producing Industries,1 - 25%,1,Yes,Upskilling,100 - 499,500 - 999,Voluntary,0,50 - 99 hours,2 - 6 months,Yes,"$1,001 - $5,000",20,10,Selected,Not Selected,Not Selected,Not Selected,Selected,Selected,Selected,Not Selected,Selected,Not Selected,Not Selected,71,76,0,1,0,Cluster 2
Manufacturing,6,2500>9999,California,Pacific,North America,1,1,1,0,0,0,1,0,0,0,1,1,3,Manufacturing,Manufacturing,Goods-Producing Industries,1 - 25%,1,Yes,Upskilling,100 - 499,500 - 999,Voluntary,0,50 - 99 hours,2 - 6 months,Yes,"$1,001 - $5,000",10,20,Selected,Not Selected,Not Selected,Not Selected,Selected,Selected,Not Selected,Not Selected,Selected,Not Selected,Not Selected,67,66,0,1,0,Cluster 2
Construction,6,2500>9999,Wyoming,Mountain,North America,1,1,1,0,0,0,1,0,0,0,1,1,3,Construction,Construction,Goods-Producing Industries,1 - 25%,1,Yes,Upskilling,100 - 499,500 - 999,Mandatory,0,50 - 99 hours,2 - 6 months,Yes,"$1,001 - $5,000",20,30,Selected,Not Selected,Not Selected,Selected,Not Selected,Not Selected,Selected,Not Selected,Selected,Not Selected,Not Selected,69,91,0,1,0,Cluster 2
Manufacturing,4,1000-2499,Florida,South Atlantic,North America,1,1,1,0,0,0,0,0,1,0,1,0,3,Manufacturing,Manufacturing,Goods-Producing Industries,1 - 25%,0,Yes,Upskilling,100 - 499,500 - 999,Mandatory,0,50 - 99 hours,2 - 6 months,Yes,"$501 - $1,000",20,40,Not Selected,Selected,Not Selected,Not Selected,Not Selected,Not Selected,Selected,Selected,Not Selected,Not Selected,Selected,70,70,1,0,0,Cluster 2
Manufacturing,6,2500>9999,Texas,West South Central,North America,1,1,1,0,0,0,1,0,0,0,1,1,3,Manufacturing,Manufacturing,Goods-Producing Industries,26 - 50%,1,Yes,Upskilling,1000 - 9999,1000 - 9999,Voluntary,0,100 - 199 hours,7 - 12 months,Yes,"$1,001 - $5,000",20,30,Not Selected,Selected,Not Selected,Selected,Not Selected,Selected,Not Selected,Selected,Not Selected,Not Selected,Not Selected,79,81,0,1,0,Cluster 2
Manufacturing,6,2500>9999,Texas,West South Central,North America,1,1,1,0,0,0,1,0,0,0,1,1,3,Manufacturing,Manufacturing,Goods-Producing Industries,26 - 50%,1,Yes,Upskilling,1000 - 9999,1000 - 9999,Voluntary,0,200 - 499 hours,7 - 12 months,Yes,"$1,001 - $5,000",20,20,Not Selected,Selected,Not Selected,Selected,Not Selected,Selected,Not Selected,Selected,Not Selected,Not Selected,Not Selected,79,90,0,1,0,Cluster 2
Wholesale Trade,6,2500>9999,Florida,South Atlantic,North America,1,1,1,0,1,0,0,0,0,0,1,1,1,Wholesale Trade,"Trade, Transportation, and Utilities",Service-Providing Industries,26 - 50%,0,Yes,Upskilling,1000 - 9999,1000 - 9999,Voluntary,1,100 - 199 hours,2 - 6 months,Yes,"$1,001 - $5,000",20,20,Not Selected,Selected,Not Selected,Selected,Not Selected,Not Selected,Not Selected,Not Selected,Not Selected,Not Selected,Not Selected,79,85,0,1,0,Cluster 2
Manufacturing,6,2500>9999,Florida,South Atlantic,North America,1,1,1,0,0,0,1,0,0,0,1,1,1,Manufacturing,Manufacturing,Goods-Producing Industries,1 - 25%,1,Yes,Upskilling,1000 - 9999,1000 - 9999,Voluntary,1,100 - 199 hours,2 - 6 months,Yes,"$1,001 - $5,000",20,20,Not Selected,Selected,Not Selected,Selected,Not Selected,Not Selected,Not Selected,Not Selected,Not Selected,Not Selected,Not Selected,79,87,0,1,0,Cluster 2
Manufacturing,4,1000-2499,Arkansas,West South Central,North America,1,0,0,0,0,0,0,0,0,0,0,1,3,Manufacturing,Manufacturing,Goods-Producing Industries,51 - 75%,0,Yes,Upskilling,100 - 499,100 - 499,Mandatory,0,50 - 99 hours,7 - 12 months,No,"$1,001 - $5,000",30,30,Not Selected,Not Selected,Not Selected,Selected,Not Selected,Not Selected,Not Selected,Not Selected,Not Selected,Not Selected,Not Selected,65,54,1,0,1,Cluster 2
Construction,4,1000-2499,Massachusetts,New England,North America,1,1,1,0,0,0,1,0,0,0,1,1,3,Construction,Construction,Goods-Producing Industries,26 - 50%,0,Yes,Upskilling,100 - 499,100 - 499,Mandatory,0,50 - 99 hours,2 - 6 months,No,"$1,001 - $5,000",30,30,Selected,Not Selected,Not Selected,Selected,Not Selected,Not Selected,Not Selected,Not Selected,Not Selected,Not Selected,Not Selected,54,57,1,0,0,Cluster 2
"Mining, Quarrying, and Oil and Gas Extraction",4,1000-2499,California,Pacific,North America,1,0,0,0,0,0,0,0,0,0,0,1,3,"Mining, Quarrying, and Oil and Gas Extraction",Natural Resources and Mining,Goods-Producing Industries,26 - 50%,0,Yes,Upskilling,100 - 499,100 - 499,Voluntary,0,50 - 99 hours,2 - 6 months,No,"$1,001 - $5,000",50,30,Not Selected,Not Selected,Not Selected,Selected,Not Selected,Not Selected,Not Selected,Not Selected,Not Selected,Not Selected,Not Selected,57,61,1,0,0,Cluster 2
"Mining, Quarrying, and Oil and Gas Extraction",4,1000-2499,Texas,West South Central,North America,1,0,0,0,0,0,0,0,0,0,0,1,3,"Mining, Quarrying, and Oil and Gas Extraction",Natural Resources and Mining,Goods-Producing Industries,51 - 75%,0,Yes,Upskilling,100 - 499,500 - 999,Mandatory,0,50 - 99 hours,7 - 12 months,No,"$1,001 - $5,000",30,30,Selected,Not Selected,Not Selected,Selected,Not Selected,Not Selected,Not Selected,Not Selected,Not Selected,Not Selected,Not Selected,56,69,1,0,1,Cluster 2
"Professional, Scientific, and Technical Services",5,2500>9999,Missouri,West North Central,North America,1,0,0,0,0,0,0,0,0,0,0,1,3,"Professional, Scientific, and Technical Services",Professional and Business Services,Service-Providing Industries,26 - 50%,0,Yes,Upskilling,100 - 499,100 - 499,Mandatory,0,10 - 49 hours,< 1 month,Yes,"$1,001 - $5,000",0,100,Not Selected,Selected,Not Selected,Selected,Not Selected,Not Selected,Not Selected,Not Selected,Not Selected,Not Selected,Not Selected,56,44,0,1,0,Cluster 2
Manufacturing,6,2500>9999,New Mexico,Mountain,North America,1,0,0,0,0,0,0,0,0,0,0,1,1,Manufacturing,Manufacturing,Goods-Producing Industries,1 - 25%,1,Yes,Upskilling,100 - 499,500 - 999,Voluntary,0,50 - 99 hours,2 - 6 months,Yes,"$1,001 - $5,000",20,30,Not Selected,Not Selected,Not Selected,Not Selected,Selected,Not Selected,Selected,Not Selected,Selected,Not Selected,Not Selected,87,74,0,1,0,Cluster 2
Transportation and Warehousing,3,100-999,Ohio,East North Central,North America,1,0,0,0,0,0,0,0,0,0,0,0,3,Transportation and Warehousing,"Trade, Transportation, and Utilities",Service-Providing Industries,0%,0,Yes,Upskilling,100 - 499,100 - 499,Voluntary,1,100 - 199 hours,< 1 month,Yes,"$501 - $1,000",5,95,Not Selected,Not Selected,Not Selected,Not Selected,Not Selected,Not Selected,Selected,Not Selected,Not Selected,Not Selected,Not Selected,73,48,0,0,0,Cluster 1
Wholesale Trade,6,2500>9999,Ohio,East North Central,North America,1,0,0,0,0,0,0,0,0,0,0,1,3,Wholesale Trade,"Trade, Transportation, and Utilities",Service-Providing Industries,1 - 25%,1,Yes,Upskilling,50 - 99,100 - 499,Voluntary,0,50 - 99 hours,2 - 6 months,Yes,"$1,001 - $5,000",20,10,Selected,Not Selected,Not Selected,Selected,Not Selected,Not Selected,Selected,Selected,Not Selected,Not Selected,Not Selected,74,83,0,1,0,Cluster 1
"Mining, Quarrying, and Oil and Gas Extraction",5,2500>9999,North Dakota,West North Central,North America,1,0,0,0,0,0,0,0,0,0,0,1,3,"Mining, Quarrying, and Oil and Gas Extraction",Natural Resources and Mining,Goods-Producing Industries,1 - 25%,0,Yes,Upskilling,100 - 499,100 - 499,Mandatory,0,10 - 49 hours,< 1 month,Yes,"$501 - $1,000",0,100,Not Selected,Selected,Not Selected,Selected,Not Selected,Not Selected,Not Selected,Not Selected,Not Selected,Not Selected,Not Selected,59,39,0,1,0,Cluster 2
Manufacturing,6,2500>9999,Arizona,Mountain,Europe,0,0,0,0,0,0,0,0,0,0,0,1,1,Manufacturing,Manufacturing,Goods-Producing Industries,1 - 25%,0,Yes,Upskilling,50 - 99,100 - 499,Voluntary,0,100 - 199 hours,2 - 6 months,Yes,"$1,001 - $5,000",30,20,Not Selected,Not Selected,Not Selected,Selected,Not Selected,Not Selected,Not Selected,Not Selected,Not Selected,Not Selected,Not Selected,74,76,0,1,0,Cluster 2
Manufacturing,6,2500>9999,California,Pacific,North America,1,1,1,0,0,0,1,0,0,0,1,1,3,Manufacturing,Manufacturing,Goods-Producing Industries,26 - 50%,1,Yes,Upskilling,1000 - 9999,1000 - 9999,Voluntary,0,100 - 199 hours,2 - 6 months,Yes,"$1,001 - $5,000",20,25,Not Selected,Selected,Not Selected,Selected,Not Selected,Selected,Not Selected,Selected,Not Selected,Not Selected,Not Selected,82,74,0,1,0,Cluster 2
Information,6,2500>9999,Connecticut,New England,North America,1,1,1,0,0,0,1,1,0,0,2,1,4,Information,Information,Service-Providing Industries,51 - 75%,1,Yes,Upskilling,500 - 999,1000 - 9999,Voluntary,1,10 - 49 hours,2 - 6 months,Yes,"$501 - $1,000",10,50,Not Selected,Selected,Not Selected,Not Selected,Not Selected,Selected,Not Selected,Selected,Not Selected,Not Selected,Selected,88,92,0,1,1,Cluster 1
Retail Trade,6,2500>9999,Florida,South Atlantic,North America,1,0,0,0,0,0,0,0,0,0,0,1,1,Retail Trade,"Trade, Transportation, and Utilities",Service-Providing Industries,26 - 50%,1,Yes,Upskilling,100 - 499,500 - 999,Voluntary,0,50 - 99 hours,2 - 6 months,Yes,"$5,001 - $10,000",0,100,Not Selected,Selected,Not Selected,Selected,Selected,Selected,Selected,Selected,Not Selected,Not Selected,Not Selected,55,73,0,1,0,Cluster 2
Construction,6,2500>9999,Mississippi,East South Central,North America,1,1,1,0,1,1,0,0,0,0,2,1,1,Construction,Construction,Goods-Producing Industries,26 - 50%,1,Yes,Upskilling,100 - 499,500 - 999,Mandatory,0,10 - 49 hours,7 - 12 months,Yes,"$5,001 - $10,000",0,100,Not Selected,Selected,Not Selected,Not Selected,Not Selected,Selected,Not Selected,Selected,Not Selected,Selected,Not Selected,66,67,0,1,0,Cluster 2
Retail Trade,6,2500>9999,Georgia,South Atlantic,North America,1,0,0,0,0,0,0,0,0,0,0,1,1,Retail Trade,"Trade, Transportation, and Utilities",Service-Providing Industries,51 - 75%,1,Yes,Upskilling,50 - 99,100 - 499,Voluntary,0,10 - 49 hours,7 - 12 months,Yes,"$5,001 - $10,000",0,100,Not Selected,Selected,Not Selected,Not Selected,Not Selected,Selected,Selected,Selected,Not Selected,Selected,Not Selected,72,59,0,1,1,Cluster 2
Transportation and Warehousing,6,2500>9999,Iowa,West North Central,North America,1,0,0,0,0,0,0,0,0,0,0,1,3,Transportation and Warehousing,"Trade, Transportation, and Utilities",Service-Providing Industries,26 - 50%,1,Yes,Upskilling,100 - 499,500 - 999,Mandatory,0,100 - 199 hours,2 - 6 months,Yes,"$1,001 - $5,000",20,30,Not Selected,Not Selected,Not Selected,Not Selected,Selected,Not Selected,Not Selected,Selected,Selected,Not Selected,Not Selected,76,85,0,1,0,Cluster 2
Manufacturing,6,2500>9999,Tennessee,East South Central,North America,1,1,1,0,0,0,0,1,0,0,1,1,1,Manufacturing,Manufacturing,Goods-Producing Industries,51 - 75%,1,Yes,Upskilling,1000 - 9999,1000 - 9999,Voluntary,1,100 - 199 hours,2 - 6 months,Yes,"$1,001 - $5,000",20,20,Not Selected,Selected,Not Selected,Selected,Not Selected,Not Selected,Not Selected,Not Selected,Not Selected,Not Selected,Not Selected,81,85,0,1,1,Cluster 2
Retail Trade,4,1000-2499,Colorado,Mountain,Europe,0,1,0,1,0,1,0,0,0,0,1,1,3,Retail Trade,"Trade, Transportation, and Utilities",Service-Providing Industries,26 - 50%,0,Yes,Upskilling,100 - 499,500 - 999,Mandatory,0,50 - 99 hours,2 - 6 months,Yes,"$1,001 - $5,000",20,20,Not Selected,Selected,Not Selected,Not Selected,Not Selected,Not Selected,Selected,Selected,Selected,Selected,Not Selected,34,57,1,0,0,Cluster 2
Manufacturing,6,2500>9999,California,Pacific,North America,1,1,1,0,0,0,1,0,0,0,1,1,3,Manufacturing,Manufacturing,Goods-Producing Industries,1 - 25%,1,Yes,Upskilling,500 - 999,1000 - 9999,Mandatory,1,100 - 199 hours,2 - 6 months,Yes,"$1,001 - $5,000",10,40,Selected,Not Selected,Not Selected,Selected,Not Selected,Selected,Not Selected,Selected,Not Selected,Selected,Not Selected,70,71,0,1,0,Cluster 2
"Professional, Scientific, and Technical Services",3,100-999,Alabama,East South Central,North America,1,0,0,0,0,0,0,0,0,0,0,0,3,"Professional, Scientific, and Technical Services",Professional and Business Services,Service-Providing Industries,76 - 100%,0,I don't know,Upskilling,50 - 99,100 - 499,Voluntary,0,50 - 99 hours,7 - 12 months,Yes,"$501 - $1,000",0,60,Not Selected,Selected,Not Selected,Not Selected,Not Selected,Not Selected,Selected,Selected,Not Selected,Not Selected,Selected,60,60,0,0,1,Cluster 1
Retail Trade,6,2500>9999,Texas,West South Central,North America,1,0,0,0,0,0,0,0,0,0,0,1,1,Retail Trade,"Trade, Transportation, and Utilities",Service-Providing Industries,1 - 25%,1,No,Upskilling,500 - 999,1000 - 9999,Voluntary,1,100 - 199 hours,7 - 12 months,Yes,"$1,001 - $5,000",0,60,Not Selected,Selected,Not Selected,Not Selected,Not Selected,Selected,Selected,Selected,Not Selected,Selected,Selected,69,79,0,1,0,Cluster 2
Manufacturing,6,2500>9999,North Carolina,South Atlantic,North America,1,0,0,0,0,0,0,0,0,0,0,1,1,Manufacturing,Manufacturing,Goods-Producing Industries,26 - 50%,1,Yes,Upskilling,1000 - 9999,1000 - 9999,Mandatory,1,100 - 199 hours,7 - 12 months,Yes,"$501 - $1,000",20,40,Not Selected,Selected,Not Selected,Not Selected,Not Selected,Selected,Not Selected,Selected,Not Selected,Selected,Selected,59,68,0,1,0,Cluster 2
Finance and Insurance,6,2500>9999,Georgia,South Atlantic,North America,1,0,0,0,0,0,0,0,0,0,0,0,1,Finance and Insurance,Financial Activities,Service-Providing Industries,1 - 25%,1,No,Upskilling,500 - 999,1000 - 9999,Voluntary,0,50 - 99 hours,7 - 12 months,Yes,"$501 - $1,000",30,10,Not Selected,Selected,Not Selected,Not Selected,Selected,Not Selected,Not Selected,Selected,Not Selected,Selected,Selected,62,71,0,1,0,Cluster 2
Manufacturing,5,2500>9999,Hawaii,Pacific,North America,1,0,0,0,0,0,0,0,0,0,0,0,3,Manufacturing,Manufacturing,Goods-Producing Industries,1 - 25%,0,Yes,Upskilling,100 - 499,500 - 999,Mandatory,0,50 - 99 hours,< 1 month,Yes,"$1,001 - $5,000",0,100,Not Selected,Selected,Not Selected,Selected,Not Selected,Not Selected,Not Selected,Not Selected,Not Selected,Not Selected,Not Selected,31,25,0,1,0,Cluster 2
Manufacturing,6,2500>9999,Texas,West South Central,North America,1,0,0,0,0,0,0,0,0,0,0,1,1,Manufacturing,Manufacturing,Goods-Producing Industries,1 - 25%,1,Yes,Upskilling,1000 - 9999,1000 - 9999,Mandatory,1,100 - 199 hours,7 - 12 months,Yes,"$1,001 - $5,000",30,40,Not Selected,Selected,Not Selected,Not Selected,Not Selected,Selected,Not Selected,Selected,Not Selected,Selected,Selected,59,79,0,1,0,Cluster 2
Manufacturing,6,2500>9999,Texas,West South Central,North America,1,0,0,0,0,0,0,0,0,0,0,0,1,Manufacturing,Manufacturing,Goods-Producing Industries,1 - 25%,0,Yes,Upskilling,100 - 499,500 - 999,Voluntary,0,50 - 99 hours,2 - 6 months,Yes,"$1,001 - $5,000",20,30,Selected,Not Selected,Not Selected,Selected,Not Selected,Not Selected,Not Selected,Not Selected,Not Selected,Not Selected,Not Selected,77,95,0,1,0,Cluster 2
Administrative and Support and Waste Management and Remediation Services,3,100-999,Ohio,East North Central,North America,1,1,1,0,0,0,0,0,1,0,1,1,3,Administrative and Support and Waste Management and Remediation Services,Professional and Business Services,Service-Providing Industries,26 - 50%,0,Yes,Upskilling,100 - 499,100 - 499,Voluntary,0,100 - 199 hours,7 - 12 months,Yes,"$5,001 - $10,000",20,30,Selected,Not Selected,Not Selected,Not Selected,Not Selected,Selected,Selected,Selected,Not Selected,Not Selected,Selected,77,83,0,0,0,Cluster 2
Retail Trade,2,100-999,New York,Middle Atlantic,North America,1,0,0,0,0,0,0,0,0,0,0,0,3,Retail Trade,"Trade, Transportation, and Utilities",Service-Providing Industries,51 - 75%,1,Yes,Upskilling,50 - 99,100 - 499,Voluntary,0,50 - 99 hours,2 - 6 months,Yes,< $500,30,20,Not Selected,Selected,Not Selected,Not Selected,Selected,Not Selected,Selected,Selected,Not Selected,Not Selected,Not Selected,34,39,0,0,1,Cluster 1
Wholesale Trade,2,100-999,California,Pacific,North America,1,0,0,0,0,0,0,0,0,0,0,0,1,Wholesale Trade,"Trade, Transportation, and Utilities",Service-Providing Industries,51 - 75%,1,No,Upskilling,50 - 99,100 - 499,Voluntary,0,50 - 99 hours,2 - 6 months,Yes,"$501 - $1,000",20,20,Not Selected,Selected,Not Selected,Selected,Not Selected,Selected,Selected,Not Selected,Not Selected,Not Selected,Not Selected,38,39,0,0,1,Cluster 1
Retail Trade,3,100-999,Ohio,East North Central,North America,1,0,0,0,0,0,0,0,0,0,0,0,1,Retail Trade,"Trade, Transportation, and Utilities",Service-Providing Industries,26 - 50%,0,Yes,Upskilling,100 - 499,1000 - 9999,Voluntary,0,100 - 199 hours,2 - 6 months,Yes,"$501 - $1,000",10,55,Not Selected,Selected,Not Selected,Selected,Selected,Not Selected,Selected,Selected,Not Selected,Selected,Selected,85,91,0,0,0,Cluster 2
Retail Trade,2,100-999,California,Pacific,North America,1,1,1,0,0,0,1,0,1,0,2,1,3,Retail Trade,"Trade, Transportation, and Utilities",Service-Providing Industries,26 - 50%,0,No,Upskilling,Fewer than 50,100 - 499,Voluntary,0,10 - 49 hours,2 - 6 months,Yes,"$501 - $1,000",20,10,Not Selected,Selected,Not Selected,Not Selected,Selected,Selected,Selected,Not Selected,Not Selected,Not Selected,Not Selected,58,59,0,0,0,Cluster 1
Finance and Insurance,4,1000-2499,Florida,South Atlantic,North America,1,0,0,0,0,0,0,0,0,0,0,1,1,Finance and Insurance,Financial Activities,Service-Providing Industries,0%,0,No,Upskilling,500 - 999,1000 - 9999,Voluntary,0,50 - 99 hours,2 - 6 months,Yes,"$501 - $1,000",0,60,Not Selected,Selected,Not Selected,Selected,Not Selected,Not Selected,Not Selected,Selected,Not Selected,Not Selected,Selected,65,76,1,0,0,Cluster 2
Manufacturing,6,2500>9999,Texas,West South Central,North America,1,1,1,0,1,0,0,0,0,0,1,1,1,Manufacturing,Manufacturing,Goods-Producing Industries,1 - 25%,0,Yes,Upskilling,50 - 99,100 - 499,Mandatory,0,50 - 99 hours,2 - 6 months,Yes,"$1,001 - $5,000",20,30,Not Selected,Not Selected,Not Selected,Selected,Not Selected,Not Selected,Not Selected,Not Selected,Not Selected,Not Selected,Not Selected,80,70,0,1,0,Cluster 2
Finance and Insurance,6,2500>9999,California,Pacific,North America,1,1,1,0,0,0,1,0,0,0,1,1,1,Finance and Insurance,Financial Activities,Service-Providing Industries,1 - 25%,1,Yes,Upskilling,500 - 999,1000 - 9999,Mandatory,0,200 - 499 hours,7 - 12 months,Yes,"$5,001 - $10,000",20,20,Selected,Not Selected,Not Selected,Not Selected,Selected,Not Selected,Selected,Not Selected,Not Selected,Not Selected,Not Selected,82,84,0,1,0,Cluster 2
Real Estate and Rental and Leasing,6,2500>9999,New York,Middle Atlantic,North America,1,1,1,0,0,0,0,1,0,0,1,1,1,Real Estate and Rental and Leasing,Financial Activities,Service-Providing Industries,1 - 25%,1,Yes,Upskilling,500 - 999,1000 - 9999,Mandatory,0,100 - 199 hours,7 - 12 months,Yes,"$5,001 - $10,000",20,30,Selected,Not Selected,Not Selected,Selected,Not Selected,Not Selected,Selected,Not Selected,Not Selected,Not Selected,Not Selected,78,84,0,1,0,Cluster 2
Management of Companies and Enterprises,6,2500>9999,Colorado,Mountain,North America,1,1,1,0,0,0,0,1,0,0,1,1,3,Management of Companies and Enterprises,Professional and Business Services,Service-Providing Industries,1 - 25%,1,Yes,Upskilling,500 - 999,1000 - 9999,Mandatory,0,100 - 199 hours,7 - 12 months,Yes,"$5,001 - $10,000",50,20,Selected,Not Selected,Not Selected,Selected,Not Selected,Not Selected,Selected,Not Selected,Selected,Not Selected,Not Selected,85,83,0,1,0,Cluster 2
Information,6,2500>9999,New Jersey,Middle Atlantic,North America,1,1,1,0,0,1,1,0,0,0,2,1,1,Information,Information,Service-Providing Industries,1 - 25%,1,No,Upskilling,100 - 499,100 - 499,Voluntary,0,100 - 199 hours,2 - 6 months,Yes,"$1,001 - $5,000",20,20,Selected,Not Selected,Not Selected,Selected,Not Selected,Not Selected,Selected,Not Selected,Not Selected,Not Selected,Not Selected,44,83,0,1,0,Cluster 2
"Mining, Quarrying, and Oil and Gas Extraction",6,2500>9999,Hawaii,Pacific,North America,1,1,1,0,0,0,1,1,0,0,2,1,3,"Mining, Quarrying, and Oil and Gas Extraction",Natural Resources and Mining,Goods-Producing Industries,51 - 75%,1,Yes,Upskilling,500 - 999,1000 - 9999,Voluntary,0,10 - 49 hours,< 1 month,Yes,"$501 - $1,000",20,40,Not Selected,Selected,Not Selected,Not Selected,Not Selected,Not Selected,Selected,Selected,Not Selected,Not Selected,Selected,83,90,0,1,1,Cluster 2
Finance and Insurance,6,2500>9999,California,Pacific,North America,1,1,1,0,0,0,0,1,0,0,1,0,3,Finance and Insurance,Financial Activities,Service-Providing Industries,1 - 25%,0,Yes,Upskilling,1000 - 9999,10000 - 49999,Mandatory,0,200 - 499 hours,7 - 12 months,Yes,"$5,001 - $10,000",20,30,Selected,Not Selected,Selected,Not Selected,Selected,Not Selected,Selected,Not Selected,Not Selected,Not Selected,Not Selected,83,87,0,1,0,Cluster 2
Retail Trade,6,2500>9999,California,Pacific,North America,1,1,1,0,0,0,1,0,0,0,1,1,4,Retail Trade,"Trade, Transportation, and Utilities",Service-Providing Industries,1 - 25%,1,Yes,Upskilling,500 - 999,1000 - 9999,Mandatory,1,100 - 199 hours,2 - 6 months,Yes,"$1,001 - $5,000",10,55,Not Selected,Selected,Not Selected,Not Selected,Not Selected,Selected,Selected,Selected,Not Selected,Selected,Not Selected,74,65,0,1,0,Cluster 2
Construction,6,2500>9999,Hawaii,Pacific,North America,1,1,1,0,0,0,0,1,0,0,1,1,1,Construction,Construction,Goods-Producing Industries,51 - 75%,1,Yes,Upskilling,1000 - 9999,1000 - 9999,Voluntary,1,100 - 199 hours,2 - 6 months,Yes,"$1,001 - $5,000",20,20,Not Selected,Selected,Not Selected,Selected,Not Selected,Not Selected,Not Selected,Not Selected,Not Selected,Not Selected,Not Selected,76,84,0,1,1,Cluster 2
Wholesale Trade,6,2500>9999,California,Pacific,North America,1,0,0,0,0,0,0,0,0,0,0,1,3,Wholesale Trade,"Trade, Transportation, and Utilities",Service-Providing Industries,26 - 50%,1,Yes,Upskilling,50 - 99,100 - 499,Voluntary,0,50 - 99 hours,2 - 6 months,Yes,"$1,001 - $5,000",20,30,Not Selected,Not Selected,Not Selected,Not Selected,Not Selected,Not Selected,Selected,Selected,Not Selected,Not Selected,Not Selected,85,95,0,1,0,Cluster 2
Manufacturing,4,1000-2499,Rhode Island,New England,North America,1,0,0,0,0,0,0,0,0,0,0,1,3,Manufacturing,Manufacturing,Goods-Producing Industries,26 - 50%,1,No,Upskilling,100 - 499,100 - 499,Mandatory,0,100 - 199 hours,2 - 6 months,No,"$5,001 - $10,000",40,30,Selected,Not Selected,Not Selected,Selected,Not Selected,Not Selected,Not Selected,Not Selected,Not Selected,Not Selected,Not Selected,77,83,1,0,0,Cluster 2
Construction,4,1000-2499,Florida,South Atlantic,North America,1,0,0,0,0,0,0,0,0,0,0,1,3,Construction,Construction,Goods-Producing Industries,26 - 50%,1,No,Upskilling,100 - 499,100 - 499,Mandatory,0,50 - 99 hours,7 - 12 months,No,"$1,001 - $5,000",20,20,Not Selected,Not Selected,Not Selected,Selected,Not Selected,Not Selected,Not Selected,Not Selected,Not Selected,Not Selected,Not Selected,94,87,1,0,0,Cluster 2
Retail Trade,6,2500>9999,Maryland,South Atlantic,North America,1,0,0,0,0,0,0,0,0,0,0,1,1,Retail Trade,"Trade, Transportation, and Utilities",Service-Providing Industries,1 - 25%,0,Yes,Upskilling,100 - 499,500 - 999,Voluntary,0,50 - 99 hours,2 - 6 months,Yes,"$501 - $1,000",40,20,Not Selected,Not Selected,Not Selected,Selected,Not Selected,Not Selected,Not Selected,Not Selected,Not Selected,Not Selected,Not Selected,88,98,0,1,0,Cluster 2
Manufacturing,4,1000-2499,California,Pacific,North America,1,0,0,0,0,0,0,0,0,0,0,1,3,Manufacturing,Manufacturing,Goods-Producing Industries,26 - 50%,1,No,Upskilling,100 - 499,100 - 499,Mandatory,0,50 - 99 hours,7 - 12 months,No,"$5,001 - $10,000",30,30,Selected,Not Selected,Not Selected,Selected,Not Selected,Not Selected,Not Selected,Not Selected,Not Selected,Not Selected,Not Selected,76,89,1,0,0,Cluster 2
Manufacturing,6,2500>9999,Texas,West South Central,North America,1,1,1,0,0,0,0,0,1,0,1,1,3,Manufacturing,Manufacturing,Goods-Producing Industries,26 - 50%,1,Yes,Upskilling,1000 - 9999,1000 - 9999,Voluntary,0,200 - 499 hours,7 - 12 months,Yes,"$1,001 - $5,000",40,20,Not Selected,Selected,Not Selected,Selected,Not Selected,Not Selected,Selected,Not Selected,Not Selected,Not Selected,Not Selected,79,73,0,1,0,Cluster 2
Manufacturing,6,2500>9999,Texas,West South Central,North America,1,1,1,0,0,0,1,0,0,0,1,1,3,Manufacturing,Manufacturing,Goods-Producing Industries,26 - 50%,1,Yes,Upskilling,1000 - 9999,1000 - 9999,Voluntary,0,100 - 199 hours,2 - 6 months,Yes,"$1,001 - $5,000",20,20,Not Selected,Selected,Not Selected,Selected,Not Selected,Selected,Not Selected,Selected,Not Selected,Not Selected,Not Selected,81,90,0,1,0,Cluster 2
Finance and Insurance,6,2500>9999,Florida,South Atlantic,North America,1,1,1,0,0,0,1,0,0,0,1,1,3,Finance and Insurance,Financial Activities,Service-Providing Industries,26 - 50%,1,Yes,Upskilling,100 - 499,500 - 999,Voluntary,0,50 - 99 hours,2 - 6 months,Yes,"$1,001 - $5,000",20,30,Not Selected,Not Selected,Not Selected,Not Selected,Selected,Not Selected,Selected,Selected,Not Selected,Not Selected,Not Selected,79,89,0,1,0,Cluster 2
Real Estate and Rental and Leasing,3,100-999,Georgia,South Atlantic,North America,1,1,1,0,1,0,0,0,1,0,2,0,1,Real Estate and Rental and Leasing,Financial Activities,Service-Providing Industries,26 - 50%,0,Yes,Upskilling,50 - 99,100 - 499,Voluntary,0,50 - 99 hours,2 - 6 months,Yes,"$1,001 - $5,000",20,30,Not Selected,Not Selected,Not Selected,Selected,Not Selected,Not Selected,Selected,Selected,Not Selected,Not Selected,Not Selected,94,84,0,0,0,Cluster 2
Real Estate and Rental and Leasing,7,>10k,Hawaii,Pacific,North America,1,0,0,0,0,0,0,0,0,0,0,1,3,Real Estate and Rental and Leasing,Financial Activities,Service-Providing Industries,1 - 25%,1,No,Upskilling,100 - 499,500 - 999,Mandatory,0,100 - 199 hours,< 1 month,Yes,"$1,001 - $5,000",10,90,Not Selected,Selected,Not Selected,Selected,Not Selected,Not Selected,Not Selected,Not Selected,Not Selected,Not Selected,Not Selected,52,59,0,1,0,Cluster 2
Manufacturing,6,2500>9999,Ohio,East North Central,North America,1,1,1,0,0,0,1,0,1,0,2,1,3,Manufacturing,Manufacturing,Goods-Producing Industries,26 - 50%,1,Yes,Upskilling,1000 - 9999,1000 - 9999,Voluntary,0,100 - 199 hours,7 - 12 months,Yes,"$501 - $1,000",20,80,Not Selected,Selected,Not Selected,Selected,Not Selected,Selected,Selected,Not Selected,Not Selected,Not Selected,Not Selected,67,80,0,1,0,Cluster 2
Health Care and Social Assistance,2,100-999,Virginia,South Atlantic,North America,1,0,0,0,0,0,0,0,0,0,0,0,6,Health Care and Social Assistance,Education and Health Services,Service-Providing Industries,0%,0,I don't know,Upskilling,Fewer than 50,Fewer than 50,Voluntary,1,10 - 49 hours,7 - 12 months,Yes,"$1,001 - $5,000",,,Not Selected,Selected,Not Selected,Selected,Selected,Not Selected,Selected,Not Selected,Not Selected,Not Selected,Not Selected,46,54,0,0,0,Cluster 1
Management of Companies and Enterprises,6,2500>9999,Texas,West South Central,North America,1,0,0,0,0,0,0,0,0,0,0,1,3,Management of Companies and Enterprises,Professional and Business Services,Service-Providing Industries,26 - 50%,1,Yes,Upskilling,50 - 99,100 - 499,Mandatory,0,50 - 99 hours,2 - 6 months,Yes,"$1,001 - $5,000",20,10,Selected,Not Selected,Not Selected,Selected,Not Selected,Selected,Not Selected,Not Selected,Selected,Not Selected,Not Selected,87,88,0,1,0,Cluster 2
Information,3,100-999,Delaware,South Atlantic,Europe,0,1,0,1,0,1,0,0,0,0,1,1,3,Information,Information,Service-Providing Industries,26 - 50%,0,Yes,Upskilling,100 - 499,100 - 499,Mandatory,0,100 - 199 hours,7 - 12 months,Yes,"$1,001 - $5,000",30,20,Selected,Selected,Not Selected,Not Selected,Selected,Not Selected,Not Selected,Not Selected,Not Selected,Not Selected,Not Selected,27,32,0,0,0,Cluster 2
Information,5,2500>9999,Colorado,Mountain,Africa,0,1,0,1,0,0,1,0,0,0,1,1,3,Information,Information,Service-Providing Industries,1 - 25%,0,No,Upskilling,100 - 499,500 - 999,Mandatory,0,100 - 199 hours,< 1 month,Yes,"$1,001 - $5,000",0,100,Not Selected,Selected,Not Selected,Selected,Not Selected,Not Selected,Not Selected,Not Selected,Not Selected,Not Selected,Not Selected,54,61,0,1,0,Cluster 2
Retail Trade,4,1000-2499,Connecticut,New England,Other,0,1,0,1,0,0,0,1,0,0,1,1,3,Retail Trade,"Trade, Transportation, and Utilities",Service-Providing Industries,26 - 50%,0,Yes,Upskilling,100 - 499,100 - 499,Mandatory,0,100 - 199 hours,2 - 6 months,Yes,"$1,001 - $5,000",40,20,Not Selected,Not Selected,Not Selected,Not Selected,Selected,Not Selected,Selected,Not Selected,Not Selected,Not Selected,Not Selected,58,43,1,0,0,Cluster 2
Retail Trade,6,2500>9999,Ohio,East North Central,North America,1,0,0,0,0,0,0,0,0,0,0,1,1,Retail Trade,"Trade, Transportation, and Utilities",Service-Providing Industries,1 - 25%,0,Yes,Upskilling,100 - 499,500 - 999,Voluntary,0,50 - 99 hours,2 - 6 months,Yes,"$1,001 - $5,000",10,20,Selected,Not Selected,Not Selected,Selected,Not Selected,Not Selected,Not Selected,Not Selected,Not Selected,Not Selected,Not Selected,60,84,0,1,0,Cluster 2
Manufacturing,6,2500>9999,District of Columbia,South Atlantic,North America,1,1,1,0,0,0,1,0,0,0,1,1,1,Manufacturing,Manufacturing,Goods-Producing Industries,51 - 75%,1,Yes,Upskilling,1000 - 9999,1000 - 9999,Voluntary,1,100 - 199 hours,2 - 6 months,Yes,"$1,001 - $5,000",20,20,Not Selected,Selected,Not Selected,Selected,Not Selected,Not Selected,Not Selected,Not Selected,Not Selected,Not Selected,Not Selected,80,88,0,1,1,Cluster 2
Manufacturing,6,2500>9999,Massachusetts,New England,North America,1,0,0,0,0,0,0,0,0,0,0,1,1,Manufacturing,Manufacturing,Goods-Producing Industries,26 - 50%,1,Yes,Upskilling,500 - 999,1000 - 9999,Voluntary,0,200 - 499 hours,7 - 12 months,Yes,"$1,001 - $5,000",40,20,Not Selected,Selected,Not Selected,Not Selected,Not Selected,Selected,Selected,Selected,Not Selected,Selected,Selected,51,70,0,1,0,Cluster 2
Manufacturing,6,2500>9999,Florida,South Atlantic,North America,1,0,0,0,0,0,0,0,0,0,0,1,1,Manufacturing,Manufacturing,Goods-Producing Industries,26 - 50%,1,Yes,Upskilling,1000 - 9999,1000 - 9999,Voluntary,0,200 - 499 hours,7 - 12 months,Yes,"$1,001 - $5,000",40,30,Not Selected,Selected,Not Selected,Not Selected,Not Selected,Selected,Selected,Selected,Not Selected,Selected,Selected,60,69,0,1,0,Cluster 2
Real Estate and Rental and Leasing,7,>10k,New Jersey,Middle Atlantic,North America,1,1,1,0,1,0,1,0,0,0,2,1,3,Real Estate and Rental and Leasing,Financial Activities,Service-Providing Industries,26 - 50%,1,Yes,Upskilling,100 - 499,50 - 99,Voluntary,1,10 - 49 hours,2 - 6 months,Yes,"$501 - $1,000",25,16,Not Selected,Selected,Not Selected,Selected,Selected,Selected,Not Selected,Not Selected,Not Selected,Not Selected,Not Selected,80,88,0,1,0,Cluster 2
Retail Trade,6,2500>9999,Georgia,South Atlantic,North America,1,1,1,0,0,0,1,0,0,0,1,1,3,Retail Trade,"Trade, Transportation, and Utilities",Service-Providing Industries,26 - 50%,1,Yes,Upskilling,100 - 499,500 - 999,Voluntary,0,10 - 49 hours,2 - 6 months,Yes,"$1,001 - $5,000",15,29,Not Selected,Not Selected,Not Selected,Selected,Not Selected,Not Selected,Selected,Not Selected,Not Selected,Not Selected,Not Selected,49,70,0,1,0,Cluster 2
Wholesale Trade,6,2500>9999,California,Pacific,North America,1,1,1,0,1,0,0,0,0,0,1,1,1,Wholesale Trade,"Trade, Transportation, and Utilities",Service-Providing Industries,76 - 100%,0,Yes,Upskilling,1000 - 9999,1000 - 9999,Voluntary,1,100 - 199 hours,2 - 6 months,Yes,"$1,001 - $5,000",20,20,Not Selected,Selected,Not Selected,Selected,Not Selected,Not Selected,Not Selected,Not Selected,Not Selected,Not Selected,Not Selected,78,82,0,1,1,Cluster 2
Information,5,2500>9999,New York,Middle Atlantic,North America,1,0,0,0,0,0,0,0,0,0,0,0,3,Information,Information,Service-Providing Industries,1 - 25%,0,No,Upskilling,50 - 99,100 - 499,Voluntary,0,50 - 99 hours,< 1 month,Yes,"$1,001 - $5,000",20,80,Not Selected,Selected,Not Selected,Selected,Not Selected,Not Selected,Not Selected,Not Selected,Not Selected,Not Selected,Not Selected,46,49,0,1,0,Cluster 1
Finance and Insurance,5,2500>9999,Maryland,South Atlantic,North America,1,0,0,0,0,0,0,0,0,0,0,0,3,Finance and Insurance,Financial Activities,Service-Providing Industries,1 - 25%,0,No,Upskilling,100 - 499,500 - 999,Voluntary,0,100 - 199 hours,< 1 month,Yes,"$1,001 - $5,000",20,80,Not Selected,Selected,Not Selected,Selected,Not Selected,Not Selected,Not Selected,Not Selected,Not Selected,Not Selected,Not Selected,51,64,0,1,0,Cluster 2
Retail Trade,6,2500>9999,Ohio,East North Central,North America,1,0,0,0,0,0,0,0,0,0,0,1,1,Retail Trade,"Trade, Transportation, and Utilities",Service-Providing Industries,1 - 25%,0,Yes,Upskilling,100 - 499,500 - 999,Voluntary,0,50 - 99 hours,2 - 6 months,Yes,"$1,001 - $5,000",20,30,Not Selected,Not Selected,Not Selected,Selected,Not Selected,Not Selected,Not Selected,Not Selected,Not Selected,Not Selected,Not Selected,60,85,0,1,0,Cluster 2
Wholesale Trade,6,2500>9999,Kansas,West North Central,North America,1,0,0,0,0,0,0,0,0,0,0,1,1,Wholesale Trade,"Trade, Transportation, and Utilities",Service-Providing Industries,76 - 100%,0,Yes,Upskilling,100 - 499,500 - 999,Voluntary,1,100 - 199 hours,2 - 6 months,Yes,"$501 - $1,000",10,80,Not Selected,Selected,Not Selected,Selected,Not Selected,Not Selected,Not Selected,Not Selected,Selected,Selected,Not Selected,92,94,0,1,1,Cluster 2
Retail Trade,6,2500>9999,New York,Middle Atlantic,North America,1,0,0,0,0,0,0,0,0,0,0,1,1,Retail Trade,"Trade, Transportation, and Utilities",Service-Providing Industries,1 - 25%,0,Yes,Upskilling,50 - 99,100 - 499,Voluntary,0,50 - 99 hours,2 - 6 months,Yes,"$1,001 - $5,000",20,30,Selected,Not Selected,Not Selected,Selected,Not Selected,Not Selected,Not Selected,Not Selected,Not Selected,Not Selected,Not Selected,56,84,0,1,0,Cluster 2
Retail Trade,6,2500>9999,California,Pacific,North America,1,0,0,0,0,0,0,0,0,0,0,1,3,Retail Trade,"Trade, Transportation, and Utilities",Service-Providing Industries,26 - 50%,0,Yes,Upskilling,100 - 499,500 - 999,Voluntary,1,10 - 49 hours, > 12 months,Yes,"$1,001 - $5,000",35,35,Not Selected,Selected,Not Selected,Selected,Not Selected,Selected,Selected,Selected,Not Selected,Not Selected,Selected,50,71,0,1,0,Cluster 1
Retail Trade,6,2500>9999,New York,Middle Atlantic,North America,1,1,1,0,0,0,1,0,0,0,1,1,1,Retail Trade,"Trade, Transportation, and Utilities",Service-Providing Industries,1 - 25%,1,No,Upskilling,100 - 499,100 - 499,Voluntary,0,50 - 99 hours,2 - 6 months,Yes,"$1,001 - $5,000",20,20,Selected,Not Selected,Not Selected,Selected,Selected,Not Selected,Not Selected,Not Selected,Not Selected,Not Selected,Not Selected,36,67,0,1,0,Cluster 2
Information,7,>10k,Mississippi,East South Central,North America,1,1,1,0,0,0,1,0,0,0,1,1,4,Information,Information,Service-Providing Industries,26 - 50%,1,Yes,Upskilling,500 - 999,1000 - 9999,Mandatory,1,100 - 199 hours,2 - 6 months,Yes,"$1,001 - $5,000",10,56,Selected,Selected,Selected,Selected,Selected,Selected,Selected,Selected,Not Selected,Selected,Not Selected,71,71,0,1,0,Cluster 2
Retail Trade,5,2500>9999,Pennsylvania,Middle Atlantic,North America,1,0,0,0,0,0,0,0,0,0,0,0,1,Retail Trade,"Trade, Transportation, and Utilities",Service-Providing Industries,26 - 50%,1,Yes,Upskilling,100 - 499,500 - 999,Voluntary,0,50 - 99 hours,2 - 6 months,Yes,"$5,001 - $10,000",0,100,Not Selected,Selected,Not Selected,Selected,Selected,Selected,Not Selected,Selected,Not Selected,Not Selected,Not Selected,49,46,0,1,0,Cluster 2
Wholesale Trade,6,2500>9999,Texas,West South Central,North America,1,0,0,0,0,0,0,0,0,0,0,0,1,Wholesale Trade,"Trade, Transportation, and Utilities",Service-Providing Industries,1 - 25%,0,Yes,Upskilling,100 - 499,500 - 999,Mandatory,0,100 - 199 hours,7 - 12 months,Yes,"$5,001 - $10,000",0,100,Not Selected,Selected,Not Selected,Selected,Not Selected,Selected,Selected,Selected,Not Selected,Not Selected,Not Selected,25,35,0,1,0,Cluster 2
Manufacturing,5,2500>9999,Mississippi,East South Central,North America,1,0,0,0,0,0,0,0,0,0,0,1,1,Manufacturing,Manufacturing,Goods-Producing Industries,26 - 50%,0,Yes,Upskilling,100 - 499,500 - 999,Voluntary,0,50 - 99 hours,2 - 6 months,Yes,"$5,001 - $10,000",0,100,Not Selected,Selected,Not Selected,Selected,Selected,Selected,Not Selected,Selected,Not Selected,Not Selected,Not Selected,22,33,0,1,0,Cluster 1
Manufacturing,4,1000-2499,New York,Middle Atlantic,North America,1,0,0,0,0,0,0,0,0,0,0,1,3,Manufacturing,Manufacturing,Goods-Producing Industries,26 - 50%,0,No,Upskilling,50 - 99,50 - 99,Mandatory,0,10 - 49 hours,7 - 12 months,Yes,"$1,001 - $5,000",30,30,Not Selected,Not Selected,Not Selected,Selected,Not Selected,Not Selected,Not Selected,Not Selected,Not Selected,Not Selected,Not Selected,69,83,1,0,0,Cluster 2
Manufacturing,4,1000-2499,South Carolina,South Atlantic,North America,1,0,0,0,0,0,0,0,0,0,0,1,3,Manufacturing,Manufacturing,Goods-Producing Industries,26 - 50%,0,No,Upskilling,100 - 499,100 - 499,Mandatory,0,10 - 49 hours,2 - 6 months,No,"$1,001 - $5,000",20,20,Not Selected,Not Selected,Not Selected,Selected,Not Selected,Not Selected,Not Selected,Not Selected,Not Selected,Not Selected,Not Selected,63,67,1,0,0,Cluster 2
Utilities,5,2500>9999,Michigan,East North Central,North America,1,1,1,0,1,1,1,0,0,0,3,1,1,Utilities,"Trade, Transportation, and Utilities",Goods-Producing Industries,26 - 50%,1,Yes,Upskilling,50 - 99,100 - 499,Voluntary,0,50 - 99 hours,2 - 6 months,Yes,"$5,001 - $10,000",0,100,Not Selected,Selected,Not Selected,Not Selected,Selected,Selected,Selected,Selected,Not Selected,Not Selected,Not Selected,17,28,0,1,0,Cluster 1
Manufacturing,4,1000-2499,California,Pacific,North America,1,0,0,0,0,0,0,0,0,0,0,1,3,Manufacturing,Manufacturing,Goods-Producing Industries,26 - 50%,1,No,Upskilling,50 - 99,50 - 99,Mandatory,0,50 - 99 hours,2 - 6 months,No,"$1,001 - $5,000",30,30,Not Selected,Not Selected,Not Selected,Selected,Not Selected,Not Selected,Not Selected,Not Selected,Not Selected,Not Selected,Not Selected,55,60,1,0,0,Cluster 1
Manufacturing,4,1000-2499,Massachusetts,New England,North America,1,0,0,0,0,0,0,0,0,0,0,0,3,Manufacturing,Manufacturing,Goods-Producing Industries,26 - 50%,0,No,Upskilling,100 - 499,50 - 99,Mandatory,0,50 - 99 hours,7 - 12 months,Yes,"$1,001 - $5,000",25,25,Selected,Not Selected,Not Selected,Selected,Not Selected,Not Selected,Not Selected,Not Selected,Not Selected,Not Selected,Not Selected,67,66,1,0,0,Cluster 2
Finance and Insurance,6,2500>9999,Connecticut,New England,North America,1,1,1,0,0,0,0,1,0,0,1,0,3,Finance and Insurance,Financial Activities,Service-Providing Industries,1 - 25%,0,Yes,Upskilling,1000 - 9999,1000 - 9999,Mandatory,0,200 - 499 hours, > 12 months,Yes,"$5,001 - $10,000",10,20,Not Selected,Not Selected,Not Selected,Selected,Not Selected,Not Selected,Selected,Not Selected,Selected,Not Selected,Not Selected,94,93,0,1,0,Cluster 2
Finance and Insurance,4,1000-2499,Maryland,South Atlantic,North America,1,1,1,0,0,0,0,1,1,0,2,0,3,Finance and Insurance,Financial Activities,Service-Providing Industries,51 - 75%,0,Yes,Upskilling,50 - 99,100 - 499,Mandatory,1,100 - 199 hours,7 - 12 months,Yes,"$501 - $1,000",0,100,Not Selected,Selected,Not Selected,Selected,Not Selected,Selected,Not Selected,Not Selected,Selected,Not Selected,Not Selected,68,75,1,0,1,Cluster 1
Finance and Insurance,6,2500>9999,California,Pacific,North America,1,1,1,0,0,0,1,0,0,0,1,0,3,Finance and Insurance,Financial Activities,Service-Providing Industries,1 - 25%,1,Yes,Upskilling,1000 - 9999,1000 - 9999,Mandatory,0,100 - 199 hours,7 - 12 months,Yes,"$5,001 - $10,000",20,30,Not Selected,Not Selected,Not Selected,Not Selected,Selected,Not Selected,Selected,Not Selected,Selected,Not Selected,Not Selected,87,93,0,1,0,Cluster 2
Finance and Insurance,6,2500>9999,Arkansas,West South Central,North America,1,1,1,0,0,0,1,0,0,0,1,1,3,Finance and Insurance,Financial Activities,Service-Providing Industries,1 - 25%,1,Yes,Upskilling,1000 - 9999,1000 - 9999,Mandatory,0,200 - 499 hours,7 - 12 months,Yes,"$5,001 - $10,000",20,40,Not Selected,Not Selected,Not Selected,Selected,Not Selected,Selected,Not Selected,Selected,Not Selected,Not Selected,Not Selected,89,89,0,1,0,Cluster 2
Educational Services,2,100-999,California,Pacific,North America,1,0,0,0,0,0,0,0,0,0,0,0,1,Educational Services,Education and Health Services,Service-Providing Industries,1 - 25%,0,Yes,Upskilling,50 - 99,100 - 499,Voluntary,1,100 - 199 hours,2 - 6 months,Yes,< $500,8,34,Not Selected,Not Selected,Not Selected,Not Selected,Not Selected,Not Selected,Selected,Not Selected,Not Selected,Selected,Not Selected,20,51,0,0,0,Cluster 1
Retail Trade,5,2500>9999,Illinois,East North Central,North America,1,1,1,0,0,0,1,1,0,0,2,1,1,Retail Trade,"Trade, Transportation, and Utilities",Service-Providing Industries,26 - 50%,1,Yes,Upskilling,500 - 999,1000 - 9999,Voluntary,0,10 - 49 hours,< 1 month,Yes,"$501 - $1,000",5,90,Not Selected,Selected,Not Selected,Not Selected,Not Selected,Not Selected,Selected,Selected,Not Selected,Not Selected,Selected,89,90,0,1,0,Cluster 2
Construction,6,2500>9999,Illinois,East North Central,North America,1,0,0,0,0,0,0,0,0,0,0,1,4,Construction,Construction,Goods-Producing Industries,26 - 50%,1,Yes,Upskilling,100 - 499,500 - 999,Voluntary,0,50 - 99 hours,2 - 6 months,Yes,"$1,001 - $5,000",20,30,Selected,Not Selected,Not Selected,Selected,Not Selected,Selected,Selected,Not Selected,Not Selected,Not Selected,Not Selected,85,70,0,1,0,Cluster 2
Information,7,>10k,Ohio,East North Central,North America,1,1,1,0,0,0,1,0,0,0,1,1,4,Information,Information,Service-Providing Industries,26 - 50%,1,Yes,Upskilling,500 - 999,1000 - 9999,Mandatory,1,100 - 199 hours,2 - 6 months,Yes,"$1,001 - $5,000",10,60,Selected,Selected,Selected,Selected,Selected,Selected,Selected,Selected,Not Selected,Not Selected,Not Selected,70,65,0,1,0,Cluster 2
Manufacturing,4,1000-2499,Illinois,East North Central,North America,1,0,0,0,0,0,0,0,0,0,0,0,3,Manufacturing,Manufacturing,Goods-Producing Industries,26 - 50%,1,No,Upskilling,50 - 99,50 - 99,Mandatory,0,50 - 99 hours,7 - 12 months,Yes,"$5,001 - $10,000",20,20,Not Selected,Not Selected,Not Selected,Selected,Not Selected,Not Selected,Not Selected,Not Selected,Not Selected,Not Selected,Not Selected,70,84,1,0,0,Cluster 1
Manufacturing,6,2500>9999,New Jersey,Middle Atlantic,North America,1,1,1,0,0,0,1,0,0,0,1,1,3,Manufacturing,Manufacturing,Goods-Producing Industries,26 - 50%,1,Yes,Upskilling,1000 - 9999,1000 - 9999,Voluntary,0,100 - 199 hours,2 - 6 months,Yes,"$1,001 - $5,000",40,30,Not Selected,Not Selected,Not Selected,Selected,Not Selected,Selected,Not Selected,Not Selected,Not Selected,Not Selected,Not Selected,80,74,0,1,0,Cluster 2
Transportation and Warehousing,6,2500>9999,Nebraska,West North Central,North America,1,1,1,0,0,0,0,1,0,0,1,0,3,Transportation and Warehousing,"Trade, Transportation, and Utilities",Service-Providing Industries,1 - 25%,1,Yes,Upskilling,1000 - 9999,10000 - 49999,Mandatory,0,100 - 199 hours,7 - 12 months,Yes,"$5,001 - $10,000",20,50,Not Selected,Not Selected,Not Selected,Selected,Not Selected,Selected,Not Selected,Selected,Not Selected,Not Selected,Not Selected,81,85,0,1,0,Cluster 2
Health Care and Social Assistance,5,2500>9999,South Carolina,South Atlantic,North America,1,1,1,0,0,0,1,1,0,0,2,1,1,Health Care and Social Assistance,Education and Health Services,Service-Providing Industries,1 - 25%,1,No,Upskilling,100 - 499,100 - 499,Voluntary,0,50 - 99 hours,2 - 6 months,Yes,"$1,001 - $5,000",10,30,Selected,Not Selected,Not Selected,Selected,Not Selected,Not Selected,Selected,Not Selected,Not Selected,Not Selected,Not Selected,48,70,0,1,0,Cluster 2
Retail Trade,6,2500>9999,Georgia,South Atlantic,North America,1,1,1,0,0,0,1,0,0,0,1,1,3,Retail Trade,"Trade, Transportation, and Utilities",Service-Providing Industries,26 - 50%,1,Yes,Upskilling,100 - 499,500 - 999,Voluntary,0,100 - 199 hours,2 - 6 months,Yes,"$1,001 - $5,000",20,45,Not Selected,Selected,Not Selected,Not Selected,Not Selected,Not Selected,Selected,Selected,Not Selected,Not Selected,Selected,73,81,0,1,0,Cluster 2
Retail Trade,6,2500>9999,Florida,South Atlantic,North America,1,0,0,0,0,0,0,0,0,0,0,1,3,Retail Trade,"Trade, Transportation, and Utilities",Service-Providing Industries,51 - 75%,0,Yes,Upskilling,100 - 499,500 - 999,Voluntary,0,100 - 199 hours,2 - 6 months,Yes,"$501 - $1,000",35,40,Selected,Selected,Not Selected,Not Selected,Not Selected,Not Selected,Selected,Not Selected,Not Selected,Not Selected,Selected,78,86,0,1,1,Cluster 2
Real Estate and Rental and Leasing,6,2500>9999,Washington,Pacific,North America,1,1,1,0,0,0,0,0,1,0,1,1,3,Real Estate and Rental and Leasing,Financial Activities,Service-Providing Industries,26 - 50%,1,Yes,Upskilling,100 - 499,500 - 999,Voluntary,0,100 - 199 hours,2 - 6 months,Yes,"$1,001 - $5,000",20,30,Selected,Not Selected,Not Selected,Selected,Selected,Not Selected,Not Selected,Selected,Not Selected,Not Selected,Not Selected,65,70,0,1,0,Cluster 2
Management of Companies and Enterprises,7,>10k,New Jersey,Middle Atlantic,North America,1,0,0,0,0,0,0,0,0,0,0,1,3,Management of Companies and Enterprises,Professional and Business Services,Service-Providing Industries,26 - 50%,1,Yes,Upskilling,100 - 499,500 - 999,Mandatory,0,50 - 99 hours,2 - 6 months,Yes,"$1,001 - $5,000",20,30,Selected,Not Selected,Not Selected,Selected,Not Selected,Selected,Not Selected,Selected,Not Selected,Not Selected,Not Selected,74,85,0,1,0,Cluster 2
Information,6,2500>9999,Massachusetts,New England,North America,1,1,1,0,0,0,1,0,0,0,1,1,1,Information,Information,Service-Providing Industries,1 - 25%,1,Yes,Upskilling,50 - 99,50 - 99,Voluntary,0,10 - 49 hours,2 - 6 months,Yes,"$1,001 - $5,000",20,20,Selected,Not Selected,Not Selected,Not Selected,Selected,Selected,Not Selected,Selected,Not Selected,Not Selected,Not Selected,41,72,0,1,0,Cluster 2
Finance and Insurance,4,1000-2499,New York,Middle Atlantic,North America,1,0,0,0,0,0,0,0,0,0,0,0,1,Finance and Insurance,Financial Activities,Service-Providing Industries,26 - 50%,1,Yes,Upskilling,500 - 999,1000 - 9999,Voluntary,0,10 - 49 hours,2 - 6 months,Yes,"$501 - $1,000",30,55,Not Selected,Not Selected,Selected,Selected,Not Selected,Selected,Selected,Selected,Selected,Not Selected,Selected,77,84,1,0,0,Cluster 2
Manufacturing,5,2500>9999,Mississippi,East South Central,North America,1,0,0,0,0,0,0,0,0,0,0,1,1,Manufacturing,Manufacturing,Goods-Producing Industries,26 - 50%,0,Yes,Upskilling,500 - 999,1000 - 9999,Voluntary,0,50 - 99 hours,2 - 6 months,Yes,"$1,001 - $5,000",15,15,Not Selected,Not Selected,Not Selected,Selected,Not Selected,Not Selected,Not Selected,Not Selected,Not Selected,Not Selected,Not Selected,67,89,0,1,0,Cluster 2
Manufacturing,5,2500>9999,Alaska,Pacific,North America,1,0,0,0,0,0,0,0,0,0,0,0,3,Manufacturing,Manufacturing,Goods-Producing Industries,1 - 25%,0,No,Upskilling,100 - 499,500 - 999,Voluntary,0,100 - 199 hours,< 1 month,No,"$501 - $1,000",0,100,Not Selected,Selected,Not Selected,Not Selected,Not Selected,Not Selected,Selected,Selected,Not Selected,Not Selected,Not Selected,33,48,0,1,0,Cluster 2
Manufacturing,6,2500>9999,New York,Middle Atlantic,North America,1,1,1,0,0,0,1,0,0,0,1,1,3,Manufacturing,Manufacturing,Goods-Producing Industries,26 - 50%,1,Yes,Upskilling,100 - 499,100 - 499,Mandatory,0,50 - 99 hours,2 - 6 months,Yes,"$1,001 - $5,000",5,95,Selected,Not Selected,Selected,Selected,Not Selected,Not Selected,Not Selected,Not Selected,Not Selected,Not Selected,Not Selected,48,66,0,1,0,Cluster 2
Construction,5,2500>9999,Missouri,West North Central,North America,1,1,1,0,1,0,1,1,0,0,3,1,3,Construction,Construction,Goods-Producing Industries,1 - 25%,1,Yes,Upskilling,500 - 999,1000 - 9999,Voluntary,0,100 - 199 hours,2 - 6 months,Yes,"$5,001 - $10,000",0,100,Not Selected,Selected,Not Selected,Selected,Not Selected,Selected,Not Selected,Selected,Not Selected,Not Selected,Not Selected,23,27,0,1,0,Cluster 2
Retail Trade,6,2500>9999,Massachusetts,New England,North America,1,0,0,0,0,0,0,0,0,0,0,1,1,Retail Trade,"Trade, Transportation, and Utilities",Service-Providing Industries,1 - 25%,0,Yes,Upskilling,100 - 499,500 - 999,Mandatory,0,50 - 99 hours,2 - 6 months,Yes,"$1,001 - $5,000",30,20,Selected,Not Selected,Not Selected,Selected,Not Selected,Not Selected,Not Selected,Not Selected,Not Selected,Not Selected,Not Selected,52,85,0,1,0,Cluster 2
Retail Trade,2,100-999,Georgia,South Atlantic,North America,1,1,1,0,0,0,1,0,0,0,1,1,1,Retail Trade,"Trade, Transportation, and Utilities",Service-Providing Industries,26 - 50%,0,Yes,Upskilling,50 - 99,50 - 99,Voluntary,1,200 - 499 hours,2 - 6 months,Yes,"$501 - $1,000",30,20,Not Selected,Not Selected,Not Selected,Selected,Not Selected,Not Selected,Not Selected,Not Selected,Not Selected,Not Selected,Not Selected,30,38,0,0,0,Cluster 1
Manufacturing,6,2500>9999,Texas,West South Central,North America,1,0,0,0,0,0,0,0,0,0,0,1,1,Manufacturing,Manufacturing,Goods-Producing Industries,1 - 25%,0,Yes,Upskilling,100 - 499,500 - 999,Voluntary,0,50 - 99 hours,2 - 6 months,Yes,"$1,001 - $5,000",40,20,Selected,Not Selected,Not Selected,Selected,Not Selected,Not Selected,Not Selected,Not Selected,Not Selected,Not Selected,Not Selected,55,94,0,1,0,Cluster 2
Health Care and Social Assistance,2,100-999,North Carolina,South Atlantic,North America,1,0,0,0,0,0,0,0,0,0,0,0,1,Health Care and Social Assistance,Education and Health Services,Service-Providing Industries,26 - 50%,0,No,Upskilling,100 - 499,500 - 999,Voluntary,1,100 - 199 hours,2 - 6 months,Yes,"$501 - $1,000",10,35,Not Selected,Not Selected,Not Selected,Selected,Not Selected,Not Selected,Not Selected,Not Selected,Not Selected,Not Selected,Not Selected,64,62,0,0,0,Cluster 2
Retail Trade,6,2500>9999,Kansas,West North Central,North America,1,1,1,0,1,0,0,0,0,0,1,1,1,Retail Trade,"Trade, Transportation, and Utilities",Service-Providing Industries,1 - 25%,0,Yes,Upskilling,100 - 499,500 - 999,Mandatory,0,50 - 99 hours,2 - 6 months,Yes,"$1,001 - $5,000",40,20,Selected,Not Selected,Not Selected,Selected,Not Selected,Not Selected,Not Selected,Not Selected,Not Selected,Not Selected,Not Selected,57,86,0,1,0,Cluster 2
Retail Trade,4,1000-2499,California,Pacific,North America,1,0,0,0,0,0,0,0,0,0,0,0,2,Retail Trade,"Trade, Transportation, and Utilities",Service-Providing Industries,76 - 100%,1,Yes,Upskilling,50 - 99,100 - 499,Voluntary,0,50 - 99 hours,2 - 6 months,Yes,"$501 - $1,000",10,60,Not Selected,Not Selected,Not Selected,Not Selected,Not Selected,Not Selected,Selected,Selected,Not Selected,Not Selected,Not Selected,78,84,1,0,1,Cluster 2
Manufacturing,4,1000-2499,Illinois,East North Central,North America,1,0,0,0,0,0,0,0,0,0,0,1,3,Manufacturing,Manufacturing,Goods-Producing Industries,26 - 50%,0,No,Upskilling,50 - 99,50 - 99,Mandatory,0,50 - 99 hours,2 - 6 months,Yes,"$1,001 - $5,000",30,30,Not Selected,Not Selected,Not Selected,Selected,Not Selected,Not Selected,Not Selected,Not Selected,Not Selected,Not Selected,Not Selected,72,54,1,0,0,Cluster 2
Manufacturing,4,1000-2499,Texas,West South Central,North America,1,0,0,0,0,0,0,0,0,0,0,1,3,Manufacturing,Manufacturing,Goods-Producing Industries,26 - 50%,0,No,Upskilling,50 - 99,50 - 99,Mandatory,0,50 - 99 hours,2 - 6 months,Yes,"$1,001 - $5,000",40,40,Not Selected,Not Selected,Not Selected,Selected,Not Selected,Not Selected,Not Selected,Not Selected,Not Selected,Not Selected,Not Selected,59,64,1,0,0,Cluster 2
Manufacturing,4,1000-2499,Tennessee,East South Central,North America,1,0,0,0,0,0,0,0,0,0,0,1,3,Manufacturing,Manufacturing,Goods-Producing Industries,26 - 50%,0,No,Upskilling,50 - 99,50 - 99,Mandatory,0,50 - 99 hours,2 - 6 months,Yes,"$1,001 - $5,000",30,30,Not Selected,Not Selected,Not Selected,Selected,Not Selected,Not Selected,Not Selected,Not Selected,Not Selected,Not Selected,Not Selected,58,67,1,0,0,Cluster 2
Manufacturing,4,1000-2499,Texas,West South Central,North America,1,0,0,0,0,0,0,0,0,0,0,1,3,Manufacturing,Manufacturing,Goods-Producing Industries,26 - 50%,0,No,Upskilling,50 - 99,50 - 99,Mandatory,0,50 - 99 hours,2 - 6 months,Yes,"$1,001 - $5,000",40,30,Not Selected,Not Selected,Not Selected,Selected,Not Selected,Not Selected,Not Selected,Not Selected,Not Selected,Not Selected,Not Selected,55,49,1,0,0,Cluster 2
Manufacturing,4,1000-2499,New York,Middle Atlantic,North America,1,0,0,0,0,0,0,0,0,0,0,1,3,Manufacturing,Manufacturing,Goods-Producing Industries,51 - 75%,0,No,Upskilling,50 - 99,50 - 99,Mandatory,0,50 - 99 hours,2 - 6 months,Yes,"$1,001 - $5,000",30,30,Not Selected,Not Selected,Not Selected,Selected,Not Selected,Not Selected,Not Selected,Not Selected,Not Selected,Not Selected,Not Selected,68,72,1,0,1,Cluster 2
Manufacturing,7,>10k,Florida,South Atlantic,North America,1,0,0,0,0,0,0,0,0,0,0,1,3,Manufacturing,Manufacturing,Goods-Producing Industries,26 - 50%,0,No,Upskilling,50 - 99,50 - 99,Mandatory,0,50 - 99 hours,2 - 6 months,Yes,"$1,001 - $5,000",30,30,Not Selected,Not Selected,Not Selected,Selected,Not Selected,Not Selected,Not Selected,Not Selected,Not Selected,Not Selected,Not Selected,75,71,0,1,0,Cluster 2
Information,6,2500>9999,California,Pacific,North America,1,1,1,0,0,0,0,1,0,0,1,1,3,Information,Information,Service-Providing Industries,1 - 25%,1,Yes,Upskilling,1000 - 9999,1000 - 9999,Mandatory,0,200 - 499 hours, > 12 months,Yes,"$5,001 - $10,000",20,20,Not Selected,Not Selected,Not Selected,Selected,Not Selected,Not Selected,Selected,Not Selected,Not Selected,Selected,Not Selected,82,86,0,1,0,Cluster 2
Health Care and Social Assistance,7,>10k,California,Pacific,North America,1,0,0,0,0,0,0,0,0,0,0,1,3,Health Care and Social Assistance,Education and Health Services,Service-Providing Industries,26 - 50%,1,Yes,Upskilling,100 - 499,500 - 999,Mandatory,0,50 - 99 hours,2 - 6 months,Yes,"$1,001 - $5,000",30,20,Not Selected,Not Selected,Not Selected,Selected,Not Selected,Not Selected,Selected,Selected,Not Selected,Not Selected,Not Selected,87,93,0,1,0,Cluster 2
Retail Trade,7,>10k,California,Pacific,North America,1,0,0,0,0,0,0,0,0,0,0,1,1,Retail Trade,"Trade, Transportation, and Utilities",Service-Providing Industries,1 - 25%,0,Yes,Upskilling,50 - 99,100 - 499,Voluntary,0,50 - 99 hours,2 - 6 months,Yes,"$1,001 - $5,000",40,20,Selected,Not Selected,Not Selected,Selected,Not Selected,Not Selected,Not Selected,Not Selected,Not Selected,Not Selected,Not Selected,59,88,0,1,0,Cluster 2
Finance and Insurance,6,2500>9999,North Carolina,South Atlantic,North America,1,1,1,0,0,0,0,1,0,0,1,1,3,Finance and Insurance,Financial Activities,Service-Providing Industries,1 - 25%,0,Yes,Upskilling,1000 - 9999,1000 - 9999,Mandatory,0,100 - 199 hours, > 12 months,Yes,"$5,001 - $10,000",20,20,Not Selected,Not Selected,Selected,Not Selected,Not Selected,Not Selected,Selected,Not Selected,Selected,Not Selected,Not Selected,90,96,0,1,0,Cluster 2
Manufacturing,6,2500>9999,Tennessee,East South Central,North America,1,1,1,0,0,0,1,0,0,0,1,1,3,Manufacturing,Manufacturing,Goods-Producing Industries,26 - 50%,1,Yes,Upskilling,1000 - 9999,1000 - 9999,Voluntary,0,100 - 199 hours,2 - 6 months,Yes,"$1,001 - $5,000",10,70,Not Selected,Not Selected,Not Selected,Selected,Not Selected,Selected,Not Selected,Not Selected,Not Selected,Not Selected,Not Selected,78,94,0,1,0,Cluster 2
Retail Trade,7,>10k,Florida,South Atlantic,North America,1,1,1,0,0,0,1,0,0,0,1,1,1,Retail Trade,"Trade, Transportation, and Utilities",Service-Providing Industries,1 - 25%,1,Yes,Upskilling,1000 - 9999,10000 - 49999,Voluntary,0,100 - 199 hours,7 - 12 months,Yes,"$1,001 - $5,000",0,100,Not Selected,Selected,Not Selected,Not Selected,Not Selected,Selected,Selected,Selected,Not Selected,Selected,Selected,39,60,0,1,0,Cluster 2
Real Estate and Rental and Leasing,6,2500>9999,Texas,West South Central,North America,1,1,1,0,0,0,0,1,0,0,1,1,3,Real Estate and Rental and Leasing,Financial Activities,Service-Providing Industries,1 - 25%,1,Yes,Upskilling,1000 - 9999,1000 - 9999,Mandatory,0,200 - 499 hours, > 12 months,Yes,"$5,001 - $10,000",40,10,Not Selected,Not Selected,Not Selected,Selected,Not Selected,Not Selected,Selected,Not Selected,Not Selected,Selected,Not Selected,91,88,0,1,0,Cluster 2
Retail Trade,7,>10k,Georgia,South Atlantic,North America,1,1,1,0,0,0,1,0,0,0,1,1,1,Retail Trade,"Trade, Transportation, and Utilities",Service-Providing Industries,1 - 25%,1,Yes,Upskilling,1000 - 9999,10000 - 49999,Voluntary,1,100 - 199 hours,7 - 12 months,Yes,"$1,001 - $5,000",0,100,Not Selected,Selected,Not Selected,Not Selected,Not Selected,Not Selected,Selected,Selected,Not Selected,Selected,Selected,49,70,0,1,0,Cluster 2
Manufacturing,7,>10k,Illinois,East North Central,North America,1,0,0,0,0,0,0,0,0,0,0,1,1,Manufacturing,Manufacturing,Goods-Producing Industries,1 - 25%,0,Yes,Upskilling,100 - 499,500 - 999,Mandatory,0,50 - 99 hours,2 - 6 months,Yes,"$1,001 - $5,000",40,30,Not Selected,Not Selected,Not Selected,Selected,Not Selected,Not Selected,Not Selected,Not Selected,Not Selected,Not Selected,Not Selected,61,84,0,1,0,Cluster 2
"Professional, Scientific, and Technical Services",4,1000-2499,Georgia,South Atlantic,North America,1,1,1,0,1,1,1,1,1,0,5,1,1,"Professional, Scientific, and Technical Services",Professional and Business Services,Service-Providing Industries,1 - 25%,1,No,Upskilling,500 - 999,1000 - 9999,Voluntary,0,200 - 499 hours, > 12 months,Yes,"$1,001 - $5,000",5,75,Selected,Not Selected,Not Selected,Selected,Selected,Not Selected,Selected,Selected,Not Selected,Not Selected,Not Selected,86,89,1,0,0,Cluster 2
Construction,5,2500>9999,Arkansas,West South Central,North America,1,1,1,0,0,0,1,0,0,0,1,1,4,Construction,Construction,Goods-Producing Industries,76 - 100%,1,Yes,Upskilling,1000 - 9999,1000 - 9999,Mandatory,0,100 - 199 hours,7 - 12 months,Yes,"$5,001 - $10,000",15,30,Selected,Selected,Selected,Selected,Not Selected,Selected,Not Selected,Not Selected,Not Selected,Not Selected,Selected,98,88,0,1,1,Cluster 2
Management of Companies and Enterprises,3,100-999,Georgia,South Atlantic,North America,1,1,1,0,0,0,1,0,1,0,2,1,4,Management of Companies and Enterprises,Professional and Business Services,Service-Providing Industries,26 - 50%,1,Yes,Upskilling,50 - 99,500 - 999,Mandatory,1,50 - 99 hours,2 - 6 months,Yes,"$501 - $1,000",15,67,Not Selected,Not Selected,Not Selected,Not Selected,Selected,Not Selected,Selected,Selected,Selected,Not Selected,Not Selected,65,84,0,0,0,Cluster 1
Finance and Insurance,6,2500>9999,Washington,Pacific,North America,1,0,0,0,0,0,0,0,0,0,0,0,1,Finance and Insurance,Financial Activities,Service-Providing Industries,0%,1,No,Upskilling,1000 - 9999,1000 - 9999,Voluntary,0,100 - 199 hours,7 - 12 months,Yes,< $500,0,60,Not Selected,Selected,Not Selected,Selected,Not Selected,Selected,Not Selected,Selected,Not Selected,Selected,Selected,80,85,0,1,0,Cluster 2
Manufacturing,2,100-999,Texas,West South Central,North America,1,0,0,0,0,0,0,0,0,0,0,0,3,Manufacturing,Manufacturing,Goods-Producing Industries,0%,0,No,Upskilling,50 - 99,50 - 99,Mandatory,1,50 - 99 hours,2 - 6 months,No,< $500,,,Not Selected,Selected,Not Selected,Not Selected,Not Selected,Not Selected,Selected,Not Selected,Not Selected,Not Selected,Not Selected,60,50,0,0,0,Cluster 1
Manufacturing,6,2500>9999,Alabama,East South Central,North America,1,0,0,0,0,0,0,0,0,0,0,1,5,Manufacturing,Manufacturing,Goods-Producing Industries,0%,1,No,Upskilling,1000 - 9999,10000 - 49999,Voluntary,1,100 - 199 hours,7 - 12 months,Yes,< $500,0,100,Selected,Selected,Not Selected,Not Selected,Not Selected,Selected,Selected,Selected,Not Selected,Selected,Selected,96,99,0,1,0,Cluster 2
Construction,6,2500>9999,Georgia,South Atlantic,North America,1,1,1,0,1,0,0,0,0,0,1,1,3,Construction,Construction,Goods-Producing Industries,1 - 25%,1,No,Upskilling,100 - 499,100 - 499,Voluntary,0,10 - 49 hours,2 - 6 months,No,"$1,001 - $5,000",0,100,Not Selected,Selected,Not Selected,Selected,Not Selected,Selected,Selected,Not Selected,Not Selected,Not Selected,Not Selected,18,30,0,1,0,Cluster 1
Construction,2,100-999,Georgia,South Atlantic,North America,1,1,1,0,0,0,1,0,1,0,2,1,5,Construction,Construction,Goods-Producing Industries,1 - 25%,0,Yes,Upskilling,50 - 99,100 - 499,Mandatory,1,50 - 99 hours,2 - 6 months,Yes,< $500,20,15,Selected,Selected,Not Selected,Not Selected,Selected,Selected,Not Selected,Not Selected,Not Selected,Not Selected,Selected,90,87,0,0,0,Cluster 1
"Mining, Quarrying, and Oil and Gas Extraction",3,100-999,Florida,South Atlantic,North America,1,0,0,0,0,0,0,0,0,0,0,1,4,"Mining, Quarrying, and Oil and Gas Extraction",Natural Resources and Mining,Goods-Producing Industries,1 - 25%,1,Yes,Upskilling,50 - 99,50 - 99,Voluntary,1,50 - 99 hours,2 - 6 months,Yes,"$1,001 - $5,000",40,30,Selected,Not Selected,Not Selected,Not Selected,Selected,Not Selected,Selected,Selected,Not Selected,Not Selected,Selected,73,88,0,0,0,Cluster 1
"Professional, Scientific, and Technical Services",4,1000-2499,Ohio,East North Central,North America,1,0,0,0,0,0,0,0,0,0,0,0,2,"Professional, Scientific, and Technical Services",Professional and Business Services,Service-Providing Industries,0%,0,Yes,Upskilling,100 - 499,100 - 499,Voluntary,1,50 - 99 hours,2 - 6 months,Yes,"$1,001 - $5,000",0,100,Not Selected,Selected,Not Selected,Not Selected,Not Selected,Selected,Selected,Selected,Not Selected,Selected,Not Selected,78,61,1,0,0,Cluster 1
Transportation and Warehousing,3,100-999,Texas,West South Central,North America,1,1,1,0,0,0,1,0,0,0,1,1,2,Transportation and Warehousing,"Trade, Transportation, and Utilities",Service-Providing Industries,0%,0,No,Upskilling,50 - 99,100 - 499,Mandatory,1,10 - 49 hours,2 - 6 months,Yes,"$501 - $1,000",0,100,Selected,Selected,Not Selected,Selected,Not Selected,Not Selected,Not Selected,Not Selected,Not Selected,Not Selected,Not Selected,33,40,0,0,0,Cluster 1
Manufacturing,8,>10k,Texas,West South Central,North America,1,1,1,0,0,0,0,0,1,0,1,1,3,Manufacturing,Manufacturing,Goods-Producing Industries,51 - 75%,1,Yes,Upskilling,500 - 999,1000 - 9999,Mandatory,0,50 - 99 hours,7 - 12 months,Yes,"$5,001 - $10,000",20,30,Not Selected,Not Selected,Not Selected,Selected,Selected,Not Selected,Selected,Not Selected,Not Selected,Not Selected,Not Selected,84,75,0,1,1,Cluster 2
Manufacturing,4,1000-2499,District of Columbia,South Atlantic,Other,0,0,0,0,0,0,0,0,0,0,0,0,1,Manufacturing,Manufacturing,Goods-Producing Industries,1 - 25%,0,Yes,Upskilling,100 - 499,100 - 499,Mandatory,0,50 - 99 hours,< 1 month,Yes,"$501 - $1,000",30,30,Selected,Not Selected,Not Selected,Selected,Not Selected,Not Selected,Not Selected,Selected,Not Selected,Not Selected,Not Selected,44,64,1,0,0,Cluster 2
Retail Trade,3,100-999,District of Columbia,South Atlantic,Other,0,1,0,1,0,0,1,0,0,0,1,1,1,Retail Trade,"Trade, Transportation, and Utilities",Service-Providing Industries,26 - 50%,1,Yes,Upskilling,50 - 99,50 - 99,Voluntary,0,50 - 99 hours,< 1 month,Yes,"$501 - $1,000",20,10,Not Selected,Not Selected,Not Selected,Not Selected,Not Selected,Not Selected,Selected,Not Selected,Not Selected,Not Selected,Not Selected,66,68,0,0,0,Cluster 1
Retail Trade,3,100-999,Connecticut,New England,Europe,0,1,0,1,0,0,0,1,0,0,1,1,2,Retail Trade,"Trade, Transportation, and Utilities",Service-Providing Industries,26 - 50%,1,Yes,Upskilling,100 - 499,100 - 499,Voluntary,0,100 - 199 hours,< 1 month,Yes,"$501 - $1,000",30,40,Not Selected,Not Selected,Not Selected,Not Selected,Selected,Not Selected,Not Selected,Not Selected,Not Selected,Not Selected,Not Selected,64,62,0,0,0,Cluster 2
Information,7,>10k,Delaware,South Atlantic,Other,0,1,0,1,0,0,0,1,1,0,2,1,3,Information,Information,Service-Providing Industries,26 - 50%,1,No,Upskilling,500 - 999,1000 - 9999,Mandatory,0,50 - 99 hours,2 - 6 months,Yes,"$5,001 - $10,000",20,20,Selected,Not Selected,Not Selected,Not Selected,Selected,Selected,Not Selected,Not Selected,Not Selected,Not Selected,Not Selected,79,84,0,1,0,Cluster 2
Wholesale Trade,3,100-999,North Carolina,South Atlantic,Africa,0,0,0,0,0,0,0,0,0,0,0,0,3,Wholesale Trade,"Trade, Transportation, and Utilities",Service-Providing Industries,51 - 75%,0,No,Upskilling,500 - 999,1000 - 9999,Mandatory,0,100 - 199 hours,7 - 12 months,Yes,"$1,001 - $5,000",20,10,Not Selected,Not Selected,Not Selected,Selected,Selected,Selected,Not Selected,Not Selected,Not Selected,Not Selected,Not Selected,55,61,0,0,1,Cluster 2
Utilities,7,>10k,Georgia,South Atlantic,North America,1,1,1,0,0,1,0,0,0,0,1,1,3,Utilities,"Trade, Transportation, and Utilities",Goods-Producing Industries,26 - 50%,1,Yes,Upskilling,500 - 999,10000 - 49999,Mandatory,0,100 - 199 hours,2 - 6 months,Yes,"$1,001 - $5,000",50,10,Not Selected,Not Selected,Not Selected,Selected,Not Selected,Not Selected,Not Selected,Not Selected,Not Selected,Not Selected,Not Selected,83,79,0,1,0,Cluster 2
Utilities,9,>10k,Alaska,Pacific,North America,1,1,1,0,0,1,1,0,0,0,2,1,3,Utilities,"Trade, Transportation, and Utilities",Goods-Producing Industries,26 - 50%,1,Yes,Upskilling,500 - 999,1000 - 9999,Mandatory,0,50 - 99 hours,2 - 6 months,Yes,"$1,001 - $5,000",50,10,Not Selected,Not Selected,Not Selected,Selected,Not Selected,Not Selected,Not Selected,Not Selected,Not Selected,Not Selected,Not Selected,77,90,0,1,0,Cluster 2
Educational Services,4,1000-2499,District of Columbia,South Atlantic,Asia,0,1,0,1,0,0,0,1,0,0,1,1,3,Educational Services,Education and Health Services,Service-Providing Industries,26 - 50%,0,Yes,Upskilling,100 - 499,100 - 499,Mandatory,0,50 - 99 hours,2 - 6 months,Yes,"$501 - $1,000",20,50,Not Selected,Not Selected,Not Selected,Not Selected,Not Selected,Not Selected,Selected,Not Selected,Not Selected,Not Selected,Not Selected,58,73,1,0,0,Cluster 2
Finance and Insurance,3,100-999,Florida,South Atlantic,North America,1,1,1,0,0,1,1,0,0,0,2,1,3,Finance and Insurance,Financial Activities,Service-Providing Industries,26 - 50%,0,Yes,Upskilling,50 - 99,100 - 499,Mandatory,0,50 - 99 hours,2 - 6 months,Yes,"$1,001 - $5,000",20,30,Not Selected,Selected,Not Selected,Selected,Not Selected,Not Selected,Selected,Selected,Not Selected,Not Selected,Selected,81,80,0,0,0,Cluster 1
"Professional, Scientific, and Technical Services",5,2500>9999,New York,Middle Atlantic,North America,1,1,1,0,0,0,1,0,1,0,2,1,5,"Professional, Scientific, and Technical Services",Professional and Business Services,Service-Providing Industries,1 - 25%,1,No,Upskilling,1000 - 9999,1000 - 9999,Mandatory,0,> 500 hours,7 - 12 months,Yes,"$501 - $1,000",0,100,Not Selected,Selected,Not Selected,Not Selected,Selected,Selected,Not Selected,Not Selected,Not Selected,Selected,Selected,50,55,0,1,0,Cluster 1
Administrative and Support and Waste Management and Remediation Services,6,2500>9999,Florida,South Atlantic,North America,1,1,1,0,1,0,0,0,0,0,1,1,2,Administrative and Support and Waste Management and Remediation Services,Professional and Business Services,Service-Providing Industries,1 - 25%,1,Yes,Upskilling,50 - 99,100 - 499,Voluntary,0,10 - 49 hours,< 1 month,Yes,"$1,001 - $5,000",20,20,Not Selected,Not Selected,Not Selected,Not Selected,Not Selected,Not Selected,Selected,Selected,Not Selected,Not Selected,Not Selected,74,57,0,1,0,Cluster 1
Educational Services,5,2500>9999,Nevada,Mountain,Asia,0,1,0,1,0,1,0,0,0,0,1,1,4,Educational Services,Education and Health Services,Service-Providing Industries,1 - 25%,0,Yes,Upskilling,50 - 99,100 - 499,Mandatory,0,10 - 49 hours,2 - 6 months,Yes,"$1,001 - $5,000",20,20,Not Selected,Not Selected,Not Selected,Not Selected,Not Selected,Not Selected,Selected,Not Selected,Not Selected,Not Selected,Not Selected,75,81,0,1,0,Cluster 1
Manufacturing,4,1000-2499,Georgia,South Atlantic,North America,1,1,1,0,0,0,1,0,0,0,1,0,5,Manufacturing,Manufacturing,Goods-Producing Industries,26 - 50%,0,No,Upskilling,100 - 499,100 - 499,Mandatory,0,100 - 199 hours,7 - 12 months,Yes,"$1,001 - $5,000",10,20,Selected,Not Selected,Not Selected,Selected,Not Selected,Not Selected,Selected,Selected,Not Selected,Not Selected,Not Selected,79,90,1,0,0,Cluster 2
Transportation and Warehousing,3,100-999,New York,Middle Atlantic,North America,1,0,0,0,0,0,0,0,0,0,0,1,3,Transportation and Warehousing,"Trade, Transportation, and Utilities",Service-Providing Industries,1 - 25%,0,Yes,Upskilling,50 - 99,50 - 99,Voluntary,0,100 - 199 hours,7 - 12 months,Yes,"$501 - $1,000",40,30,Not Selected,Not Selected,Not Selected,Selected,Not Selected,Selected,Selected,Not Selected,Not Selected,Not Selected,Not Selected,72,92,0,0,0,Cluster 2
Finance and Insurance,4,1000-2499,Texas,West South Central,North America,1,0,0,0,0,0,0,0,0,0,0,0,5,Finance and Insurance,Financial Activities,Service-Providing Industries,0%,0,No,Upskilling,500 - 999,1000 - 9999,Mandatory,0,100 - 199 hours, > 12 months,Yes,"$1,001 - $5,000",20,70,Selected,Not Selected,Selected,Selected,Not Selected,Not Selected,Selected,Not Selected,Not Selected,Not Selected,Not Selected,78,88,1,0,0,Cluster 2
Administrative and Support and Waste Management and Remediation Services,4,1000-2499,Nebraska,West North Central,North America,1,0,0,0,0,0,0,0,0,0,0,0,4,Administrative and Support and Waste Management and Remediation Services,Professional and Business Services,Service-Providing Industries,1 - 25%,1,Yes,Upskilling,100 - 499,500 - 999,Voluntary,0,50 - 99 hours,2 - 6 months,Yes,< $500,0,75,Selected,Selected,Not Selected,Selected,Selected,Not Selected,Selected,Not Selected,Not Selected,Not Selected,Selected,67,85,1,0,0,Cluster 2
Health Care and Social Assistance,3,100-999,Michigan,East North Central,North America,1,0,0,0,0,0,0,0,0,0,0,0,2,Health Care and Social Assistance,Education and Health Services,Service-Providing Industries,0%,0,Yes,Upskilling,50 - 99,100 - 499,Mandatory,1,50 - 99 hours,2 - 6 months,Yes,"$1,001 - $5,000",10,80,Not Selected,Not Selected,Selected,Selected,Not Selected,Not Selected,Selected,Not Selected,Not Selected,Not Selected,Not Selected,83,91,0,0,0,Cluster 1
Transportation and Warehousing,4,1000-2499,Florida,South Atlantic,North America,1,1,1,0,0,0,1,1,0,0,2,1,4,Transportation and Warehousing,"Trade, Transportation, and Utilities",Service-Providing Industries,1 - 25%,0,No,Upskilling,100 - 499,500 - 999,Voluntary,1,50 - 99 hours,2 - 6 months,Yes,"$501 - $1,000",50,30,Not Selected,Selected,Not Selected,Not Selected,Selected,Not Selected,Selected,Selected,Not Selected,Not Selected,Selected,70,60,1,0,0,Cluster 1
Information,3,100-999,Florida,South Atlantic,North America,1,1,1,0,0,0,1,0,0,0,1,1,1,Information,Information,Service-Providing Industries,26 - 50%,1,Yes,Upskilling,100 - 499,500 - 999,Voluntary,1,10 - 49 hours,2 - 6 months,Yes,< $500,20,80,Selected,Not Selected,Not Selected,Selected,Selected,Not Selected,Selected,Not Selected,Not Selected,Not Selected,Not Selected,56,61,0,0,0,Cluster 1
"Professional, Scientific, and Technical Services",4,1000-2499,Michigan,East North Central,North America,1,1,1,0,0,0,1,0,0,0,1,1,3,"Professional, Scientific, and Technical Services",Professional and Business Services,Service-Providing Industries,26 - 50%,1,Yes,Upskilling,500 - 999,500 - 999,Mandatory,0,100 - 199 hours,7 - 12 months,Yes,"$1,001 - $5,000",10,35,Selected,Selected,Not Selected,Not Selected,Not Selected,Not Selected,Selected,Selected,Not Selected,Not Selected,Not Selected,83,97,1,0,0,Cluster 2
Finance and Insurance,5,2500>9999,Florida,South Atlantic,North America,1,1,1,0,1,0,0,0,1,0,2,1,1,Finance and Insurance,Financial Activities,Service-Providing Industries,51 - 75%,1,I don't know,Upskilling,100 - 499,1000 - 9999,Voluntary,1,50 - 99 hours,2 - 6 months,Yes,"$1,001 - $5,000",,,Not Selected,Not Selected,Selected,Selected,Not Selected,Selected,Not Selected,Not Selected,Selected,Not Selected,Not Selected,88,99,0,1,1,Cluster 2
"Professional, Scientific, and Technical Services",5,2500>9999,New York,Middle Atlantic,North America,1,0,0,0,0,0,0,0,0,0,0,1,5,"Professional, Scientific, and Technical Services",Professional and Business Services,Service-Providing Industries,26 - 50%,1,No,Upskilling,100 - 499,500 - 999,Mandatory,0,10 - 49 hours,2 - 6 months,No,< $500,5,0,Not Selected,Not Selected,Not Selected,Not Selected,Not Selected,Selected,Not Selected,Selected,Not Selected,Selected,Not Selected,50,61,0,1,0,Cluster 2
Transportation and Warehousing,5,2500>9999,Virginia,South Atlantic,North America,1,0,0,0,0,0,0,0,0,0,0,1,4,Transportation and Warehousing,"Trade, Transportation, and Utilities",Service-Providing Industries,26 - 50%,0,Yes,Upskilling,500 - 999,100 - 499,Voluntary,0,50 - 99 hours,2 - 6 months,Yes,"$1,001 - $5,000",25,40,Not Selected,Selected,Not Selected,Selected,Not Selected,Not Selected,Not Selected,Not Selected,Not Selected,Selected,Not Selected,68,71,0,1,0,Cluster 2
Information,5,2500>9999,California,Pacific,North America,1,0,0,0,0,0,0,0,0,0,0,1,5,Information,Information,Service-Providing Industries,51 - 75%,1,No,Upskilling,100 - 499,500 - 999,Voluntary,1,100 - 199 hours,2 - 6 months,Yes,< $500,0,75,Not Selected,Selected,Not Selected,Not Selected,Not Selected,Selected,Selected,Selected,Selected,Not Selected,Selected,40,30,0,1,1,Cluster 1
Information,6,2500>9999,Washington,Pacific,North America,1,1,1,0,1,0,0,0,1,0,2,1,3,Information,Information,Service-Providing Industries,26 - 50%,1,Yes,Upskilling,50 - 99,100 - 499,Voluntary,0,50 - 99 hours,2 - 6 months,Yes,"$1,001 - $5,000",25,40,Not Selected,Not Selected,Not Selected,Not Selected,Not Selected,Selected,Selected,Not Selected,Not Selected,Not Selected,Not Selected,68,75,0,1,0,Cluster 1
Information,6,2500>9999,Washington,Pacific,North America,1,1,1,0,1,1,0,0,1,0,3,1,3,Information,Information,Service-Providing Industries,26 - 50%,1,Yes,Upskilling,50 - 99,100 - 499,Voluntary,0,50 - 99 hours,2 - 6 months,Yes,"$501 - $1,000",25,40,Not Selected,Not Selected,Not Selected,Not Selected,Not Selected,Selected,Selected,Not Selected,Not Selected,Not Selected,Not Selected,76,85,0,1,0,Cluster 1
Educational Services,2,100-999,Delaware,South Atlantic,North America,1,0,0,0,0,0,0,0,0,0,0,0,6,Educational Services,Education and Health Services,Service-Providing Industries,0%,0,Yes,Upskilling,50 - 99,50 - 99,Mandatory,1,50 - 99 hours,2 - 6 months,Yes,"$501 - $1,000",20,80,Not Selected,Selected,Not Selected,Selected,Selected,Selected,Selected,Selected,Not Selected,Selected,Selected,34,50,0,0,0,Cluster 1
Retail Trade,7,>10k,New York,Middle Atlantic,North America,1,0,0,0,0,0,0,0,0,0,0,0,3,Retail Trade,"Trade, Transportation, and Utilities",Service-Providing Industries,26 - 50%,1,Yes,Upskilling,1000 - 9999,1000 - 9999,Voluntary,0,50 - 99 hours,2 - 6 months,Yes,"$501 - $1,000",25,20,Not Selected,Selected,Selected,Selected,Not Selected,Not Selected,Selected,Not Selected,Selected,Selected,Not Selected,83,86,0,1,0,Cluster 2
Retail Trade,2,100-999,Ohio,East North Central,North America,1,0,0,0,0,0,0,0,0,0,0,0,2,Retail Trade,"Trade, Transportation, and Utilities",Service-Providing Industries,26 - 50%,0,Yes,Upskilling,50 - 99,100 - 499,Mandatory,1,50 - 99 hours,7 - 12 months,Yes,"$501 - $1,000",0,30,Not Selected,Selected,Not Selected,Selected,Not Selected,Not Selected,Not Selected,Not Selected,Not Selected,Not Selected,Not Selected,54,52,0,0,0,Cluster 1
Retail Trade,5,2500>9999,Florida,South Atlantic,North America,1,0,0,0,0,0,0,0,0,0,0,1,2,Retail Trade,"Trade, Transportation, and Utilities",Service-Providing Industries,51 - 75%,0,Yes,Upskilling,1000 - 9999,10000 - 49999,Mandatory,0,50 - 99 hours,2 - 6 months,Yes,"$1,001 - $5,000",23,25,Not Selected,Selected,Not Selected,Selected,Not Selected,Selected,Not Selected,Not Selected,Not Selected,Selected,Not Selected,48,37,0,1,1,Cluster 2
Manufacturing,2,100-999,Alabama,East South Central,North America,1,1,1,0,1,0,0,0,0,0,1,1,2,Manufacturing,Manufacturing,Goods-Producing Industries,26 - 50%,1,Yes,Upskilling,100 - 499,100 - 499,Voluntary,0,50 - 99 hours,2 - 6 months,Yes,< $500,15,10,Not Selected,Not Selected,Selected,Selected,Selected,Not Selected,Selected,Not Selected,Selected,Not Selected,Not Selected,72,71,0,0,0,Cluster 1
Retail Trade,6,2500>9999,Ohio,East North Central,North America,1,0,0,0,0,0,0,0,0,0,0,0,5,Retail Trade,"Trade, Transportation, and Utilities",Service-Providing Industries,76 - 100%,1,No,Upskilling,10000 - 49999,500 - 999,Mandatory,0,50 - 99 hours,7 - 12 months,Yes,"$501 - $1,000",0,100,Not Selected,Not Selected,Not Selected,Selected,Not Selected,Not Selected,Selected,Not Selected,Not Selected,Selected,Not Selected,71,80,0,1,1,Cluster 2
Information,3,100-999,Michigan,East North Central,North America,1,0,0,0,0,0,0,0,0,0,0,0,1,Information,Information,Service-Providing Industries,1 - 25%,1,No,Upskilling,50 - 99,50 - 99,Voluntary,1,200 - 499 hours,7 - 12 months,Yes,"$1,001 - $5,000",0,100,Not Selected,Selected,Not Selected,Not Selected,Not Selected,Selected,Selected,Not Selected,Not Selected,Not Selected,Not Selected,40,35,0,0,0,Cluster 1
Manufacturing,4,1000-2499,California,Pacific,North America,1,0,0,0,0,0,0,0,0,0,0,1,1,Manufacturing,Manufacturing,Goods-Producing Industries,0%,1,No,Upskilling,100 - 499,500 - 999,Voluntary,1,50 - 99 hours,2 - 6 months,Yes,"$501 - $1,000",45,15,Not Selected,Not Selected,Not Selected,Selected,Not Selected,Selected,Not Selected,Not Selected,Not Selected,Selected,Not Selected,65,57,1,0,0,Cluster 2
Manufacturing,2,100-999,Indiana,East North Central,North America,1,0,0,0,0,0,0,0,0,0,0,0,2,Manufacturing,Manufacturing,Goods-Producing Industries,51 - 75%,1,No,Upskilling,100 - 499,100 - 499,Mandatory,1,50 - 99 hours,2 - 6 months,Yes,"$1,001 - $5,000",30,70,Not Selected,Not Selected,Not Selected,Selected,Not Selected,Not Selected,Not Selected,Not Selected,Not Selected,Not Selected,Not Selected,44,55,0,0,1,Cluster 1
"Mining, Quarrying, and Oil and Gas Extraction",6,2500>9999,Texas,West South Central,North America,1,0,0,0,0,0,0,0,0,0,0,0,1,"Mining, Quarrying, and Oil and Gas Extraction",Natural Resources and Mining,Goods-Producing Industries,0%,1,No,Upskilling,500 - 999,100 - 499,Mandatory,1,50 - 99 hours,2 - 6 months,Yes,"$1,001 - $5,000",0,100,Not Selected,Not Selected,Not Selected,Not Selected,Not Selected,Not Selected,Selected,Not Selected,Not Selected,Not Selected,Not Selected,50,81,0,1,0,Cluster 1
"Professional, Scientific, and Technical Services",4,1000-2499,New York,Middle Atlantic,North America,1,0,0,0,0,0,0,0,0,0,0,0,5,"Professional, Scientific, and Technical Services",Professional and Business Services,Service-Providing Industries,0%,0,No,Upskilling,100 - 499,100 - 499,Voluntary,1,> 500 hours,7 - 12 months,Yes,"$501 - $1,000",0,100,Not Selected,Selected,Not Selected,Not Selected,Not Selected,Selected,Selected,Selected,Not Selected,Not Selected,Selected,50,50,1,0,0,Cluster 1
Construction,5,2500>9999,California,Pacific,North America,1,1,1,0,0,1,1,0,0,0,2,1,5,Construction,Construction,Goods-Producing Industries,51 - 75%,1,Yes,Upskilling,100 - 499,500 - 999,Mandatory,1,50 - 99 hours,2 - 6 months,Yes,"$5,001 - $10,000",20,70,Not Selected,Selected,Not Selected,Not Selected,Not Selected,Selected,Selected,Not Selected,Not Selected,Selected,Selected,43,37,0,1,1,Cluster 1
Manufacturing,3,100-999,Connecticut,New England,North America,1,1,1,0,0,0,1,0,0,0,1,1,4,Manufacturing,Manufacturing,Goods-Producing Industries,26 - 50%,1,Yes,Upskilling,500 - 999,500 - 999,Mandatory,0,50 - 99 hours,2 - 6 months,Yes,"$5,001 - $10,000",34,16,Selected,Selected,Not Selected,Selected,Not Selected,Selected,Selected,Not Selected,Not Selected,Selected,Not Selected,69,74,0,0,0,Cluster 2
