Cluster,General,Upskilling,Reskilling
0,0.1350844277673546,0.3977485928705441,0.46716697936210133
1,0.0,0.3727810650887574,0.6272189349112426
